WARNING: Hash with verification code 50e4cd91 was already registered: blake3
         Are you certain raincontrol-blake3-256 is a unique implementation?
WARNING: Hash with verification code ed7533d3 was already registered: rainbow
         Are you certain rainlocal-rainbow-64 is a unique implementation?
WARNING: Hash with verification code be75a175 was already registered: rainbow
         Are you certain rainlocal-rainbow-64 is a unique implementation?
WARNING: Hash with verification code ff03173f was already registered: rainbow-128
         Are you certain rainlocal-rainbow-128 is a unique implementation?
WARNING: Hash with verification code a8ead0c3 was already registered: rainbow-128
         Are you certain rainlocal-rainbow-128 is a unique implementation?
WARNING: Hash with verification code 65f4a210 was already registered: rainbow-256
         Are you certain rainlocal-rainbow-256 is a unique implementation?
WARNING: Hash with verification code d2afd9eb was already registered: rainbow-256
         Are you certain rainlocal-rainbow-256 is a unique implementation?
WARNING: Hash with verification code cecc05ce was already registered: rainstorm
         Are you certain rainlocal-rainstorm-64 is a unique implementation?
WARNING: Hash with verification code d6d12547 was already registered: rainstorm-128
         Are you certain rainlocal-rainstorm-128 is a unique implementation?
WARNING: Hash with verification code 72d3356f was already registered: rainstorm-256
         Are you certain rainlocal-rainstorm-256 is a unique implementation?
-------------------------------------------------------------------------------
--- Testing rainexp-a-256 "Experimental Rainstorm A-256"

[[[ Sanity Tests ]]]

Verification value LE 0x46A86116 ...... PASS
Running sanity check 1       .......... PASS
Running sanity check 2       .......... PASS
Running append zeroes test   .......... PASS
Running prepend zeroes test  .......... PASS
Running thread-safety test 1 .......... PASS
Running thread-safety test 2 .......... PASS

[[[ Speed Tests ]]]

Small key speed test - [1, 31]-byte keys
   1-byte keys -   248.58 cycles/hash
   2-byte keys -   248.63 cycles/hash
   3-byte keys -   248.51 cycles/hash
   4-byte keys -   246.71 cycles/hash
   5-byte keys -   246.95 cycles/hash
   6-byte keys -   246.99 cycles/hash
   7-byte keys -   247.03 cycles/hash
   8-byte keys -   234.32 cycles/hash
   9-byte keys -   247.45 cycles/hash
  10-byte keys -   247.68 cycles/hash
  11-byte keys -   247.60 cycles/hash
  12-byte keys -   247.08 cycles/hash
  13-byte keys -   247.50 cycles/hash
  14-byte keys -   247.50 cycles/hash
  15-byte keys -   247.29 cycles/hash
  16-byte keys -   235.53 cycles/hash
  17-byte keys -   255.02 cycles/hash
  18-byte keys -   254.89 cycles/hash
  19-byte keys -   255.05 cycles/hash
  20-byte keys -   253.84 cycles/hash
  21-byte keys -   255.04 cycles/hash
  22-byte keys -   255.09 cycles/hash
  23-byte keys -   255.00 cycles/hash
  24-byte keys -   235.52 cycles/hash
  25-byte keys -   255.10 cycles/hash
  26-byte keys -   255.08 cycles/hash
  27-byte keys -   254.94 cycles/hash
  28-byte keys -   253.86 cycles/hash
  29-byte keys -   255.07 cycles/hash
  30-byte keys -   255.02 cycles/hash
  31-byte keys -   255.08 cycles/hash
Average        -   249.64 cycles/hash
 rnd-byte keys -   249.93 cycles/hash

Bulk speed test - 262144-byte keys
Alignment   7 -  0.41 bytes/cycle -  1.34 GiB/sec @ 3.5 ghz
Alignment   6 -  0.41 bytes/cycle -  1.34 GiB/sec @ 3.5 ghz
Alignment   5 -  0.41 bytes/cycle -  1.34 GiB/sec @ 3.5 ghz
Alignment   4 -  0.41 bytes/cycle -  1.34 GiB/sec @ 3.5 ghz
Alignment   3 -  0.41 bytes/cycle -  1.34 GiB/sec @ 3.5 ghz
Alignment   2 -  0.41 bytes/cycle -  1.34 GiB/sec @ 3.5 ghz
Alignment   1 -  0.41 bytes/cycle -  1.34 GiB/sec @ 3.5 ghz
Alignment   0 -  0.41 bytes/cycle -  1.34 GiB/sec @ 3.5 ghz
Average       -  0.41 bytes/cycle -  1.34 GiB/sec @ 3.5 ghz
Alignment rnd -  0.41 bytes/cycle -  1.34 GiB/sec @ 3.5 ghz

Bulk speed test - [262017, 262144]-byte keys
Alignment   7 -  0.41 bytes/cycle -  1.34 GiB/sec @ 3.5 ghz
Alignment   6 -  0.41 bytes/cycle -  1.34 GiB/sec @ 3.5 ghz
Alignment   5 -  0.41 bytes/cycle -  1.34 GiB/sec @ 3.5 ghz
Alignment   4 -  0.41 bytes/cycle -  1.34 GiB/sec @ 3.5 ghz
Alignment   3 -  0.41 bytes/cycle -  1.34 GiB/sec @ 3.5 ghz
Alignment   2 -  0.41 bytes/cycle -  1.34 GiB/sec @ 3.5 ghz
Alignment   1 -  0.41 bytes/cycle -  1.34 GiB/sec @ 3.5 ghz
Alignment   0 -  0.41 bytes/cycle -  1.34 GiB/sec @ 3.5 ghz
Average       -  0.41 bytes/cycle -  1.34 GiB/sec @ 3.5 ghz
Alignment rnd -  0.41 bytes/cycle -  1.33 GiB/sec @ 3.5 ghz

[[[ 'Hashmap' Speed Tests ]]]

std::unordered_map
Init std HashMapTest:     1000.142 cycles/op (792291 inserts, 1% deletions)
Running std HashMapTest:  863.918 cycles/op (15.8 stdv)

greg7mdp/parallel-hashmap
Init fast HashMapTest:    683.678 cycles/op (792291 inserts, 1% deletions)
Running fast HashMapTest: 701.888 cycles/op (8.1 stdv)

[[[ Avalanche Tests ]]]

Testing   3-byte keys, 300000 reps..................max is 0.729% at bit    6 -> out  40 (^ 1)
Testing   4-byte keys, 300000 reps..................max is 0.835% at bit   18 -> out 104 (^ 4)
Testing   5-byte keys, 300000 reps..................max is 0.644% at bit    4 -> out  97 (^ 0)
Testing   6-byte keys, 300000 reps..................max is 0.690% at bit   33 -> out 229 (^ 0)
Testing   7-byte keys, 300000 reps..................max is 0.771% at bit   37 -> out  41 (^ 1)
Testing   8-byte keys, 300000 reps..................max is 0.705% at bit   53 -> out 134 (^ 0)
Testing   9-byte keys, 300000 reps..................max is 0.767% at bit   49 -> out  71 (^ 1)
Testing  10-byte keys, 300000 reps..................max is 0.735% at bit   59 -> out 252 (^ 0)
Testing  12-byte keys, 300000 reps..................max is 0.803% at bit   60 -> out 197 (^ 2)
Testing  16-byte keys, 300000 reps..................max is 0.794% at bit   92 -> out  66 (^ 1)
Testing  20-byte keys, 300000 reps..................max is 0.714% at bit   75 -> out  19 (^ 0)
Testing  24-byte keys, 300000 reps..................max is 0.839% at bit  120 -> out 179 (^ 2)
Testing  28-byte keys, 300000 reps..................max is 0.797% at bit  150 -> out  78 (^ 0)
Testing  32-byte keys, 300000 reps..................max is 0.795% at bit   78 -> out   8 (^ 0)
Testing  40-byte keys, 300000 reps..................max is 0.808% at bit  265 -> out  23 (^ 0)
Testing  48-byte keys, 300000 reps..................max is 0.896% at bit   93 -> out  35 (^ 3)
Testing  56-byte keys, 300000 reps..................max is 0.793% at bit   90 -> out  41 (^ 0)
Testing  64-byte keys, 300000 reps..................max is 0.815% at bit  284 -> out  38 (^ 0)
Testing 128-byte keys, 300000 reps..................max is 0.835% at bit  142 -> out 111 (^ 0)
Testing 160-byte keys, 300000 reps..................max is 0.917% at bit  982 -> out 222 (^ 2)
Testing 192-byte keys, 300000 reps..................max is 0.850% at bit  686 -> out 251 (^ 0)


[[[ BIC 'Bit Independence Criteria' Tests ]]]

Testing    3-byte keys,  200000 reps............max 0.0109 at bit   16 -> out ( 14,230)  (^ 0)
Testing    4-byte keys,  200000 reps............max 0.0111 at bit   20 -> out ( 95,196)  (^ 1)
Testing    6-byte keys,  200000 reps............max 0.0114 at bit   12 -> out ( 49,137)  (^ 1)
Testing    8-byte keys,  200000 reps............max 0.0112 at bit   32 -> out ( 97,146)  (^ 0)
Testing   11-byte keys,  200000 reps............max 0.0118 at bit   21 -> out ( 33,253)  (^ 1)
Testing   15-byte keys,  200000 reps............max 0.0117 at bit  114 -> out ( 43,159)  (^ 0)
Testing   28-byte keys,  100000 reps............max 0.0169 at bit   18 -> out ( 26, 55)  (^ 1)
Testing   52-byte keys,  100000 reps............max 0.0176 at bit  285 -> out ( 72,184)  (^ 1)


[[[ Keyset 'Zeroes' Tests ]]]

Keyset 'Zeroes' - 204800 keys
Testing all collisions (     256-bit) - Expected        0.0, actual          0  (1.000x) (^ 0)
Testing all collisions (high 224-bit) - Expected        0.0, actual          0  (1.000x) (^ 0)
Testing all collisions (low  224-bit) - Expected        0.0, actual          0  (1.000x) (^ 0)
Testing all collisions (high 160-bit) - Expected        0.0, actual          0  (1.000x) (^ 0)
Testing all collisions (low  160-bit) - Expected        0.0, actual          0  (1.000x) (^ 0)
Testing all collisions (high 128-bit) - Expected        0.0, actual          0  (1.000x) (^ 0)
Testing all collisions (low  128-bit) - Expected        0.0, actual          0  (1.000x) (^ 0)
Testing all collisions (high  64-bit) - Expected        0.0, actual          0  (1.000x) (^ 0)
Testing all collisions (low   64-bit) - Expected        0.0, actual          0  (1.000x) (^ 0)
Testing all collisions (high  32-bit) - Expected        4.9, actual          7  (1.434x) (^ 2)
Testing all collisions (low   32-bit) - Expected        4.9, actual          8  (1.638x) (^ 2)
Testing all collisions (high  27-bit) - Expected      156.2, actual        170  (1.089x) (^ 2)
Testing all collisions (low   27-bit) - Expected      156.2, actual        176  (1.127x) (^ 3)
Testing all collisions (high 16..30 bits) - Worst is 26 bits: 334/312           (1.070x) (^ 0)
Testing all collisions (low  16..30 bits) - Worst is 26 bits: 344/312           (1.102x) (^ 1)
Testing distribution   (any   8..15 bits) - Worst bias is 15 bits at bit 232:    0.579x  (^ 0)
---Analyzing differential distribution
Testing all collisions (     256-bit) - Expected        0.0, actual          0  (1.000x) (^ 0)
Testing all collisions (high 224-bit) - Expected        0.0, actual          0  (1.000x) (^ 0)
Testing all collisions (low  224-bit) - Expected        0.0, actual          0  (1.000x) (^ 0)
Testing all collisions (high 160-bit) - Expected        0.0, actual          0  (1.000x) (^ 0)
Testing all collisions (low  160-bit) - Expected        0.0, actual          0  (1.000x) (^ 0)
Testing all collisions (high 128-bit) - Expected        0.0, actual          0  (1.000x) (^ 0)
Testing all collisions (low  128-bit) - Expected        0.0, actual          0  (1.000x) (^ 0)
Testing all collisions (high  64-bit) - Expected        0.0, actual          0  (1.000x) (^ 0)
Testing all collisions (low   64-bit) - Expected        0.0, actual          0  (1.000x) (^ 0)
Testing all collisions (high  32-bit) - Expected        4.9, actual          5  (1.000x) (^ 1)
Testing all collisions (low   32-bit) - Expected        4.9, actual          6  (1.229x) (^ 1)
Testing all collisions (high  27-bit) - Expected      156.2, actual        171  (1.095x) (^ 2)
Testing all collisions (low   27-bit) - Expected      156.2, actual        140  (0.896x) (^ 0)
Testing all collisions (high 16..30 bits) - Worst is 28 bits: 97/78             (1.242x) (^ 1)
Testing all collisions (low  16..30 bits) - Worst is 25 bits: 629/624           (1.008x) (^ 0)
Testing distribution   (any   8..15 bits) - Worst bias is 13 bits at bit 235:    0.766x  (^ 3)


[[[ Keyset 'Cyclic' Tests ]]]

Keyset 'Cyclic' - 4 cycles of 3 bytes - 1000000 keys
Testing all collisions (     256-bit) - Expected        0.0, actual          0  (1.000x) (^ 0)
Testing all collisions (high 224-bit) - Expected        0.0, actual          0  (1.000x) (^ 0)
Testing all collisions (low  224-bit) - Expected        0.0, actual          0  (1.000x) (^ 0)
Testing all collisions (high 160-bit) - Expected        0.0, actual          0  (1.000x) (^ 0)
Testing all collisions (low  160-bit) - Expected        0.0, actual          0  (1.000x) (^ 0)
Testing all collisions (high 128-bit) - Expected        0.0, actual          0  (1.000x) (^ 0)
Testing all collisions (low  128-bit) - Expected        0.0, actual          0  (1.000x) (^ 0)
Testing all collisions (high  64-bit) - Expected        0.0, actual          0  (1.000x) (^ 0)
Testing all collisions (low   64-bit) - Expected        0.0, actual          0  (1.000x) (^ 0)
Testing all collisions (high  32-bit) - Expected      116.4, actual        122  (1.048x) (^ 1)
Testing all collisions (low   32-bit) - Expected      116.4, actual        103  (0.885x) (^ 0)
Testing all collisions (high 16..35 bits) - Worst is 28 bits: 1933/1860         (1.039x) (^ 0)
Testing all collisions (low  16..35 bits) - Worst is 18 bits: 743775/743635     (1.000x) (^ 0)

Keyset 'Cyclic' - 4 cycles of 4 bytes - 1000000 keys
Testing all collisions (     256-bit) - Expected        0.0, actual          0  (1.000x) (^ 0)
Testing all collisions (high 224-bit) - Expected        0.0, actual          0  (1.000x) (^ 0)
Testing all collisions (low  224-bit) - Expected        0.0, actual          0  (1.000x) (^ 0)
Testing all collisions (high 160-bit) - Expected        0.0, actual          0  (1.000x) (^ 0)
Testing all collisions (low  160-bit) - Expected        0.0, actual          0  (1.000x) (^ 0)
Testing all collisions (high 128-bit) - Expected        0.0, actual          0  (1.000x) (^ 0)
Testing all collisions (low  128-bit) - Expected        0.0, actual          0  (1.000x) (^ 0)
Testing all collisions (high  64-bit) - Expected        0.0, actual          0  (1.000x) (^ 0)
Testing all collisions (low   64-bit) - Expected        0.0, actual          0  (1.000x) (^ 0)
Testing all collisions (high  32-bit) - Expected      116.4, actual        117  (1.000x) (^ 1)
Testing all collisions (low   32-bit) - Expected      116.4, actual        109  (0.936x) (^ 0)
Testing all collisions (high 16..35 bits) - Worst is 20 bits: 356216/355464     (1.002x) (^ 0)
Testing all collisions (low  16..35 bits) - Worst is 27 bits: 3767/3716         (1.014x) (^ 0)

Keyset 'Cyclic' - 4 cycles of 5 bytes - 1000000 keys
Testing all collisions (     256-bit) - Expected        0.0, actual          0  (1.000x) (^ 0)
Testing all collisions (high 224-bit) - Expected        0.0, actual          0  (1.000x) (^ 0)
Testing all collisions (low  224-bit) - Expected        0.0, actual          0  (1.000x) (^ 0)
Testing all collisions (high 160-bit) - Expected        0.0, actual          0  (1.000x) (^ 0)
Testing all collisions (low  160-bit) - Expected        0.0, actual          0  (1.000x) (^ 0)
Testing all collisions (high 128-bit) - Expected        0.0, actual          0  (1.000x) (^ 0)
Testing all collisions (low  128-bit) - Expected        0.0, actual          0  (1.000x) (^ 0)
Testing all collisions (high  64-bit) - Expected        0.0, actual          0  (1.000x) (^ 0)
Testing all collisions (low   64-bit) - Expected        0.0, actual          0  (1.000x) (^ 0)
Testing all collisions (high  32-bit) - Expected      116.4, actual        116  (1.000x) (^ 0)
Testing all collisions (low   32-bit) - Expected      116.4, actual        110  (0.945x) (^ 0)
Testing all collisions (high 16..35 bits) - Worst is 27 bits: 3740/3716         (1.006x) (^ 0)
Testing all collisions (low  16..35 bits) - Worst is 29 bits: 983/931           (1.056x) (^ 0)

Keyset 'Cyclic' - 4 cycles of 8 bytes - 1000000 keys
Testing all collisions (     256-bit) - Expected        0.0, actual          0  (1.000x) (^ 0)
Testing all collisions (high 224-bit) - Expected        0.0, actual          0  (1.000x) (^ 0)
Testing all collisions (low  224-bit) - Expected        0.0, actual          0  (1.000x) (^ 0)
Testing all collisions (high 160-bit) - Expected        0.0, actual          0  (1.000x) (^ 0)
Testing all collisions (low  160-bit) - Expected        0.0, actual          0  (1.000x) (^ 0)
Testing all collisions (high 128-bit) - Expected        0.0, actual          0  (1.000x) (^ 0)
Testing all collisions (low  128-bit) - Expected        0.0, actual          0  (1.000x) (^ 0)
Testing all collisions (high  64-bit) - Expected        0.0, actual          0  (1.000x) (^ 0)
Testing all collisions (low   64-bit) - Expected        0.0, actual          0  (1.000x) (^ 0)
Testing all collisions (high  32-bit) - Expected      116.4, actual        121  (1.039x) (^ 1)
Testing all collisions (low   32-bit) - Expected      116.4, actual        121  (1.039x) (^ 1)
Testing all collisions (high 16..35 bits) - Worst is 35 bits: 18/15             (1.237x) (^ 0)
Testing all collisions (low  16..35 bits) - Worst is 29 bits: 958/931           (1.029x) (^ 0)

Keyset 'Cyclic' - 8 cycles of 3 bytes - 1000000 keys
Testing all collisions (     256-bit) - Expected        0.0, actual          0  (1.000x) (^ 0)
Testing all collisions (high 224-bit) - Expected        0.0, actual          0  (1.000x) (^ 0)
Testing all collisions (low  224-bit) - Expected        0.0, actual          0  (1.000x) (^ 0)
Testing all collisions (high 160-bit) - Expected        0.0, actual          0  (1.000x) (^ 0)
Testing all collisions (low  160-bit) - Expected        0.0, actual          0  (1.000x) (^ 0)
Testing all collisions (high 128-bit) - Expected        0.0, actual          0  (1.000x) (^ 0)
Testing all collisions (low  128-bit) - Expected        0.0, actual          0  (1.000x) (^ 0)
Testing all collisions (high  64-bit) - Expected        0.0, actual          0  (1.000x) (^ 0)
Testing all collisions (low   64-bit) - Expected        0.0, actual          0  (1.000x) (^ 0)
Testing all collisions (high  32-bit) - Expected      116.4, actual        101  (0.868x) (^ 0)
Testing all collisions (low   32-bit) - Expected      116.4, actual         97  (0.833x) (^ 0)
Testing all collisions (high 16..35 bits) - Worst is 25 bits: 14881/14754       (1.009x) (^ 0)
Testing all collisions (low  16..35 bits) - Worst is 26 bits: 7489/7414         (1.010x) (^ 0)

Keyset 'Cyclic' - 8 cycles of 4 bytes - 1000000 keys
Testing all collisions (     256-bit) - Expected        0.0, actual          0  (1.000x) (^ 0)
Testing all collisions (high 224-bit) - Expected        0.0, actual          0  (1.000x) (^ 0)
Testing all collisions (low  224-bit) - Expected        0.0, actual          0  (1.000x) (^ 0)
Testing all collisions (high 160-bit) - Expected        0.0, actual          0  (1.000x) (^ 0)
Testing all collisions (low  160-bit) - Expected        0.0, actual          0  (1.000x) (^ 0)
Testing all collisions (high 128-bit) - Expected        0.0, actual          0  (1.000x) (^ 0)
Testing all collisions (low  128-bit) - Expected        0.0, actual          0  (1.000x) (^ 0)
Testing all collisions (high  64-bit) - Expected        0.0, actual          0  (1.000x) (^ 0)
Testing all collisions (low   64-bit) - Expected        0.0, actual          0  (1.000x) (^ 0)
Testing all collisions (high  32-bit) - Expected      116.4, actual        120  (1.031x) (^ 1)
Testing all collisions (low   32-bit) - Expected      116.4, actual        118  (1.014x) (^ 1)
Testing all collisions (high 16..35 bits) - Worst is 30 bits: 484/466           (1.040x) (^ 0)
Testing all collisions (low  16..35 bits) - Worst is 31 bits: 251/233           (1.078x) (^ 0)

Keyset 'Cyclic' - 8 cycles of 5 bytes - 1000000 keys
Testing all collisions (     256-bit) - Expected        0.0, actual          0  (1.000x) (^ 0)
Testing all collisions (high 224-bit) - Expected        0.0, actual          0  (1.000x) (^ 0)
Testing all collisions (low  224-bit) - Expected        0.0, actual          0  (1.000x) (^ 0)
Testing all collisions (high 160-bit) - Expected        0.0, actual          0  (1.000x) (^ 0)
Testing all collisions (low  160-bit) - Expected        0.0, actual          0  (1.000x) (^ 0)
Testing all collisions (high 128-bit) - Expected        0.0, actual          0  (1.000x) (^ 0)
Testing all collisions (low  128-bit) - Expected        0.0, actual          0  (1.000x) (^ 0)
Testing all collisions (high  64-bit) - Expected        0.0, actual          0  (1.000x) (^ 0)
Testing all collisions (low   64-bit) - Expected        0.0, actual          0  (1.000x) (^ 0)
Testing all collisions (high  32-bit) - Expected      116.4, actual        101  (0.868x) (^ 0)
Testing all collisions (low   32-bit) - Expected      116.4, actual         99  (0.850x) (^ 0)
Testing all collisions (high 16..35 bits) - Worst is 23 bits: 57551/57305       (1.004x) (^ 0)
Testing all collisions (low  16..35 bits) - Worst is 24 bits: 29450/29219       (1.008x) (^ 0)

Keyset 'Cyclic' - 8 cycles of 8 bytes - 1000000 keys
Testing all collisions (     256-bit) - Expected        0.0, actual          0  (1.000x) (^ 0)
Testing all collisions (high 224-bit) - Expected        0.0, actual          0  (1.000x) (^ 0)
Testing all collisions (low  224-bit) - Expected        0.0, actual          0  (1.000x) (^ 0)
Testing all collisions (high 160-bit) - Expected        0.0, actual          0  (1.000x) (^ 0)
Testing all collisions (low  160-bit) - Expected        0.0, actual          0  (1.000x) (^ 0)
Testing all collisions (high 128-bit) - Expected        0.0, actual          0  (1.000x) (^ 0)
Testing all collisions (low  128-bit) - Expected        0.0, actual          0  (1.000x) (^ 0)
Testing all collisions (high  64-bit) - Expected        0.0, actual          0  (1.000x) (^ 0)
Testing all collisions (low   64-bit) - Expected        0.0, actual          0  (1.000x) (^ 0)
Testing all collisions (high  32-bit) - Expected      116.4, actual        111  (0.954x) (^ 0)
Testing all collisions (low   32-bit) - Expected      116.4, actual        109  (0.936x) (^ 0)
Testing all collisions (high 16..35 bits) - Worst is 20 bits: 355866/355464     (1.001x) (^ 0)
Testing all collisions (low  16..35 bits) - Worst is 22 bits: 110554/110274     (1.003x) (^ 0)

Keyset 'Cyclic' - 12 cycles of 3 bytes - 1000000 keys
Testing all collisions (     256-bit) - Expected        0.0, actual          0  (1.000x) (^ 0)
Testing all collisions (high 224-bit) - Expected        0.0, actual          0  (1.000x) (^ 0)
Testing all collisions (low  224-bit) - Expected        0.0, actual          0  (1.000x) (^ 0)
Testing all collisions (high 160-bit) - Expected        0.0, actual          0  (1.000x) (^ 0)
Testing all collisions (low  160-bit) - Expected        0.0, actual          0  (1.000x) (^ 0)
Testing all collisions (high 128-bit) - Expected        0.0, actual          0  (1.000x) (^ 0)
Testing all collisions (low  128-bit) - Expected        0.0, actual          0  (1.000x) (^ 0)
Testing all collisions (high  64-bit) - Expected        0.0, actual          0  (1.000x) (^ 0)
Testing all collisions (low   64-bit) - Expected        0.0, actual          0  (1.000x) (^ 0)
Testing all collisions (high  32-bit) - Expected      116.4, actual        112  (0.962x) (^ 0)
Testing all collisions (low   32-bit) - Expected      116.4, actual        128  (1.100x) (^ 2)
Testing all collisions (high 16..35 bits) - Worst is 23 bits: 57681/57305       (1.007x) (^ 0)
Testing all collisions (low  16..35 bits) - Worst is 30 bits: 489/466           (1.050x) (^ 0)

Keyset 'Cyclic' - 12 cycles of 4 bytes - 1000000 keys
Testing all collisions (     256-bit) - Expected        0.0, actual          0  (1.000x) (^ 0)
Testing all collisions (high 224-bit) - Expected        0.0, actual          0  (1.000x) (^ 0)
Testing all collisions (low  224-bit) - Expected        0.0, actual          0  (1.000x) (^ 0)
Testing all collisions (high 160-bit) - Expected        0.0, actual          0  (1.000x) (^ 0)
Testing all collisions (low  160-bit) - Expected        0.0, actual          0  (1.000x) (^ 0)
Testing all collisions (high 128-bit) - Expected        0.0, actual          0  (1.000x) (^ 0)
Testing all collisions (low  128-bit) - Expected        0.0, actual          0  (1.000x) (^ 0)
Testing all collisions (high  64-bit) - Expected        0.0, actual          0  (1.000x) (^ 0)
Testing all collisions (low   64-bit) - Expected        0.0, actual          0  (1.000x) (^ 0)
Testing all collisions (high  32-bit) - Expected      116.4, actual        115  (0.988x) (^ 0)
Testing all collisions (low   32-bit) - Expected      116.4, actual        104  (0.893x) (^ 0)
Testing all collisions (high 16..35 bits) - Worst is 30 bits: 479/466           (1.029x) (^ 0)
Testing all collisions (low  16..35 bits) - Worst is 16 bits: 934464/934464     (1.000x) (^ 0)

Keyset 'Cyclic' - 12 cycles of 5 bytes - 1000000 keys
Testing all collisions (     256-bit) - Expected        0.0, actual          0  (1.000x) (^ 0)
Testing all collisions (high 224-bit) - Expected        0.0, actual          0  (1.000x) (^ 0)
Testing all collisions (low  224-bit) - Expected        0.0, actual          0  (1.000x) (^ 0)
Testing all collisions (high 160-bit) - Expected        0.0, actual          0  (1.000x) (^ 0)
Testing all collisions (low  160-bit) - Expected        0.0, actual          0  (1.000x) (^ 0)
Testing all collisions (high 128-bit) - Expected        0.0, actual          0  (1.000x) (^ 0)
Testing all collisions (low  128-bit) - Expected        0.0, actual          0  (1.000x) (^ 0)
Testing all collisions (high  64-bit) - Expected        0.0, actual          0  (1.000x) (^ 0)
Testing all collisions (low   64-bit) - Expected        0.0, actual          0  (1.000x) (^ 0)
Testing all collisions (high  32-bit) - Expected      116.4, actual        108  (0.928x) (^ 0)
Testing all collisions (low   32-bit) - Expected      116.4, actual        108  (0.928x) (^ 0)
Testing all collisions (high 16..35 bits) - Worst is 23 bits: 57639/57305       (1.006x) (^ 0)
Testing all collisions (low  16..35 bits) - Worst is 30 bits: 508/466           (1.091x) (^ 1)

Keyset 'Cyclic' - 12 cycles of 8 bytes - 1000000 keys
Testing all collisions (     256-bit) - Expected        0.0, actual          0  (1.000x) (^ 0)
Testing all collisions (high 224-bit) - Expected        0.0, actual          0  (1.000x) (^ 0)
Testing all collisions (low  224-bit) - Expected        0.0, actual          0  (1.000x) (^ 0)
Testing all collisions (high 160-bit) - Expected        0.0, actual          0  (1.000x) (^ 0)
Testing all collisions (low  160-bit) - Expected        0.0, actual          0  (1.000x) (^ 0)
Testing all collisions (high 128-bit) - Expected        0.0, actual          0  (1.000x) (^ 0)
Testing all collisions (low  128-bit) - Expected        0.0, actual          0  (1.000x) (^ 0)
Testing all collisions (high  64-bit) - Expected        0.0, actual          0  (1.000x) (^ 0)
Testing all collisions (low   64-bit) - Expected        0.0, actual          0  (1.000x) (^ 0)
Testing all collisions (high  32-bit) - Expected      116.4, actual        117  (1.000x) (^ 1)
Testing all collisions (low   32-bit) - Expected      116.4, actual        123  (1.057x) (^ 1)
Testing all collisions (high 16..35 bits) - Worst is 21 bits: 205248/204642     (1.003x) (^ 0)
Testing all collisions (low  16..35 bits) - Worst is 33 bits: 68/58             (1.168x) (^ 0)

Keyset 'Cyclic' - 16 cycles of 3 bytes - 1000000 keys
Testing all collisions (     256-bit) - Expected        0.0, actual          0  (1.000x) (^ 0)
Testing all collisions (high 224-bit) - Expected        0.0, actual          0  (1.000x) (^ 0)
Testing all collisions (low  224-bit) - Expected        0.0, actual          0  (1.000x) (^ 0)
Testing all collisions (high 160-bit) - Expected        0.0, actual          0  (1.000x) (^ 0)
Testing all collisions (low  160-bit) - Expected        0.0, actual          0  (1.000x) (^ 0)
Testing all collisions (high 128-bit) - Expected        0.0, actual          0  (1.000x) (^ 0)
Testing all collisions (low  128-bit) - Expected        0.0, actual          0  (1.000x) (^ 0)
Testing all collisions (high  64-bit) - Expected        0.0, actual          0  (1.000x) (^ 0)
Testing all collisions (low   64-bit) - Expected        0.0, actual          0  (1.000x) (^ 0)
Testing all collisions (high  32-bit) - Expected      116.4, actual        116  (1.000x) (^ 0)
Testing all collisions (low   32-bit) - Expected      116.4, actual        108  (0.928x) (^ 0)
Testing all collisions (high 16..35 bits) - Worst is 27 bits: 3787/3716         (1.019x) (^ 0)
Testing all collisions (low  16..35 bits) - Worst is 21 bits: 205836/204642     (1.006x) (^ 3)

Keyset 'Cyclic' - 16 cycles of 4 bytes - 1000000 keys
Testing all collisions (     256-bit) - Expected        0.0, actual          0  (1.000x) (^ 0)
Testing all collisions (high 224-bit) - Expected        0.0, actual          0  (1.000x) (^ 0)
Testing all collisions (low  224-bit) - Expected        0.0, actual          0  (1.000x) (^ 0)
Testing all collisions (high 160-bit) - Expected        0.0, actual          0  (1.000x) (^ 0)
Testing all collisions (low  160-bit) - Expected        0.0, actual          0  (1.000x) (^ 0)
Testing all collisions (high 128-bit) - Expected        0.0, actual          0  (1.000x) (^ 0)
Testing all collisions (low  128-bit) - Expected        0.0, actual          0  (1.000x) (^ 0)
Testing all collisions (high  64-bit) - Expected        0.0, actual          0  (1.000x) (^ 0)
Testing all collisions (low   64-bit) - Expected        0.0, actual          0  (1.000x) (^ 0)
Testing all collisions (high  32-bit) - Expected      116.4, actual        138  (1.186x) (^ 5)
Testing all collisions (low   32-bit) - Expected      116.4, actual        119  (1.022x) (^ 1)
Testing all collisions (high 16..35 bits) - Worst is 32 bits: 138/116           (1.186x) (^ 1)
Testing all collisions (low  16..35 bits) - Worst is 33 bits: 67/58             (1.151x) (^ 0)

Keyset 'Cyclic' - 16 cycles of 5 bytes - 1000000 keys
Testing all collisions (     256-bit) - Expected        0.0, actual          0  (1.000x) (^ 0)
Testing all collisions (high 224-bit) - Expected        0.0, actual          0  (1.000x) (^ 0)
Testing all collisions (low  224-bit) - Expected        0.0, actual          0  (1.000x) (^ 0)
Testing all collisions (high 160-bit) - Expected        0.0, actual          0  (1.000x) (^ 0)
Testing all collisions (low  160-bit) - Expected        0.0, actual          0  (1.000x) (^ 0)
Testing all collisions (high 128-bit) - Expected        0.0, actual          0  (1.000x) (^ 0)
Testing all collisions (low  128-bit) - Expected        0.0, actual          0  (1.000x) (^ 0)
Testing all collisions (high  64-bit) - Expected        0.0, actual          0  (1.000x) (^ 0)
Testing all collisions (low   64-bit) - Expected        0.0, actual          0  (1.000x) (^ 0)
Testing all collisions (high  32-bit) - Expected      116.4, actual        110  (0.945x) (^ 0)
Testing all collisions (low   32-bit) - Expected      116.4, actual        138  (1.186x) (^ 5)
Testing all collisions (high 16..35 bits) - Worst is 25 bits: 14913/14754       (1.011x) (^ 0)
Testing all collisions (low  16..35 bits) - Worst is 32 bits: 138/116           (1.186x) (^ 1)

Keyset 'Cyclic' - 16 cycles of 8 bytes - 1000000 keys
Testing all collisions (     256-bit) - Expected        0.0, actual          0  (1.000x) (^ 0)
Testing all collisions (high 224-bit) - Expected        0.0, actual          0  (1.000x) (^ 0)
Testing all collisions (low  224-bit) - Expected        0.0, actual          0  (1.000x) (^ 0)
Testing all collisions (high 160-bit) - Expected        0.0, actual          0  (1.000x) (^ 0)
Testing all collisions (low  160-bit) - Expected        0.0, actual          0  (1.000x) (^ 0)
Testing all collisions (high 128-bit) - Expected        0.0, actual          0  (1.000x) (^ 0)
Testing all collisions (low  128-bit) - Expected        0.0, actual          0  (1.000x) (^ 0)
Testing all collisions (high  64-bit) - Expected        0.0, actual          0  (1.000x) (^ 0)
Testing all collisions (low   64-bit) - Expected        0.0, actual          0  (1.000x) (^ 0)
Testing all collisions (high  32-bit) - Expected      116.4, actual        104  (0.893x) (^ 0)
Testing all collisions (low   32-bit) - Expected      116.4, actual        112  (0.962x) (^ 0)
Testing all collisions (high 16..35 bits) - Worst is 23 bits: 57486/57305       (1.003x) (^ 0)
Testing all collisions (low  16..35 bits) - Worst is 24 bits: 29344/29219       (1.004x) (^ 0)


[[[ Keyset 'Sparse' Tests ]]]

Keyset 'Sparse' - 2-byte keys with up to 6 bits set - 14893 keys
Testing all collisions (     256-bit) - Expected        0.0, actual          0  (1.000x) (^ 0)
Testing all collisions (high 224-bit) - Expected        0.0, actual          0  (1.000x) (^ 0)
Testing all collisions (low  224-bit) - Expected        0.0, actual          0  (1.000x) (^ 0)
Testing all collisions (high 160-bit) - Expected        0.0, actual          0  (1.000x) (^ 0)
Testing all collisions (low  160-bit) - Expected        0.0, actual          0  (1.000x) (^ 0)
Testing all collisions (high 128-bit) - Expected        0.0, actual          0  (1.000x) (^ 0)
Testing all collisions (low  128-bit) - Expected        0.0, actual          0  (1.000x) (^ 0)
Testing all collisions (high  64-bit) - Expected        0.0, actual          0  (1.000x) (^ 0)
Testing all collisions (low   64-bit) - Expected        0.0, actual          0  (1.000x) (^ 0)
Testing all collisions (high  32-bit) - Expected        0.0, actual          0  (1.000x) (^ 0)
Testing all collisions (low   32-bit) - Expected        0.0, actual          0  (1.000x) (^ 0)
Testing all collisions (high  20-bit) - Expected      105.3, actual        113  (1.074x) (^ 2)
Testing all collisions (low   20-bit) - Expected      105.3, actual        113  (1.074x) (^ 2)
Testing all collisions (high 10..23 bits) - Worst is 22 bits: 33/26             (1.250x) (^ 0)
Testing all collisions (low  10..23 bits) - Worst is 20 bits: 113/105           (1.074x) (^ 0)
---Analyzing differential distribution
Testing all collisions (     256-bit) - Expected        0.0, actual          0  (1.000x) (^ 0)
Testing all collisions (high 224-bit) - Expected        0.0, actual          0  (1.000x) (^ 0)
Testing all collisions (low  224-bit) - Expected        0.0, actual          0  (1.000x) (^ 0)
Testing all collisions (high 160-bit) - Expected        0.0, actual          0  (1.000x) (^ 0)
Testing all collisions (low  160-bit) - Expected        0.0, actual          0  (1.000x) (^ 0)
Testing all collisions (high 128-bit) - Expected        0.0, actual          0  (1.000x) (^ 0)
Testing all collisions (low  128-bit) - Expected        0.0, actual          0  (1.000x) (^ 0)
Testing all collisions (high  64-bit) - Expected        0.0, actual          0  (1.000x) (^ 0)
Testing all collisions (low   64-bit) - Expected        0.0, actual          0  (1.000x) (^ 0)
Testing all collisions (high  32-bit) - Expected        0.0, actual          0  (1.000x) (^ 0)
Testing all collisions (low   32-bit) - Expected        0.0, actual          0  (1.000x) (^ 0)
Testing all collisions (high  20-bit) - Expected      105.3, actual        120  (1.140x) (^ 3)
Testing all collisions (low   20-bit) - Expected      105.3, actual        116  (1.102x) (^ 2)
Testing all collisions (high 10..23 bits) - Worst is 19 bits: 232/210           (1.107x) (^ 0)
Testing all collisions (low  10..23 bits) - Worst is 21 bits: 62/53             (1.175x) (^ 0)

Keyset 'Sparse' - 3-byte keys with up to 4 bits set - 12951 keys
Testing all collisions (     256-bit) - Expected        0.0, actual          0  (1.000x) (^ 0)
Testing all collisions (high 224-bit) - Expected        0.0, actual          0  (1.000x) (^ 0)
Testing all collisions (low  224-bit) - Expected        0.0, actual          0  (1.000x) (^ 0)
Testing all collisions (high 160-bit) - Expected        0.0, actual          0  (1.000x) (^ 0)
Testing all collisions (low  160-bit) - Expected        0.0, actual          0  (1.000x) (^ 0)
Testing all collisions (high 128-bit) - Expected        0.0, actual          0  (1.000x) (^ 0)
Testing all collisions (low  128-bit) - Expected        0.0, actual          0  (1.000x) (^ 0)
Testing all collisions (high  64-bit) - Expected        0.0, actual          0  (1.000x) (^ 0)
Testing all collisions (low   64-bit) - Expected        0.0, actual          0  (1.000x) (^ 0)
Testing all collisions (high  32-bit) - Expected        0.0, actual          0  (1.000x) (^ 0)
Testing all collisions (low   32-bit) - Expected        0.0, actual          0  (1.000x) (^ 0)
Testing all collisions (high  19-bit) - Expected      158.6, actual        173  (1.091x) (^ 2)
Testing all collisions (low   19-bit) - Expected      158.6, actual        156  (0.983x) (^ 0)
Testing all collisions (high 10..22 bits) - Worst is 20 bits: 92/80             (1.155x) (^ 0)
Testing all collisions (low  10..22 bits) - Worst is 18 bits: 333/315           (1.058x) (^ 0)
---Analyzing differential distribution
Testing all collisions (     256-bit) - Expected        0.0, actual          0  (1.000x) (^ 0)
Testing all collisions (high 224-bit) - Expected        0.0, actual          0  (1.000x) (^ 0)
Testing all collisions (low  224-bit) - Expected        0.0, actual          0  (1.000x) (^ 0)
Testing all collisions (high 160-bit) - Expected        0.0, actual          0  (1.000x) (^ 0)
Testing all collisions (low  160-bit) - Expected        0.0, actual          0  (1.000x) (^ 0)
Testing all collisions (high 128-bit) - Expected        0.0, actual          0  (1.000x) (^ 0)
Testing all collisions (low  128-bit) - Expected        0.0, actual          0  (1.000x) (^ 0)
Testing all collisions (high  64-bit) - Expected        0.0, actual          0  (1.000x) (^ 0)
Testing all collisions (low   64-bit) - Expected        0.0, actual          0  (1.000x) (^ 0)
Testing all collisions (high  32-bit) - Expected        0.0, actual          0  (1.000x) (^ 0)
Testing all collisions (low   32-bit) - Expected        0.0, actual          0  (1.000x) (^ 0)
Testing all collisions (high  19-bit) - Expected      158.6, actual        150  (0.946x) (^ 0)
Testing all collisions (low   19-bit) - Expected      158.6, actual        146  (0.920x) (^ 0)
Testing all collisions (high 10..22 bits) - Worst is 18 bits: 332/315           (1.055x) (^ 0)
Testing all collisions (low  10..22 bits) - Worst is 16 bits: 1218/1199         (1.016x) (^ 0)

Keyset 'Sparse' - 4-byte keys with up to 4 bits set - 41449 keys
Testing all collisions (     256-bit) - Expected        0.0, actual          0  (1.000x) (^ 0)
Testing all collisions (high 224-bit) - Expected        0.0, actual          0  (1.000x) (^ 0)
Testing all collisions (low  224-bit) - Expected        0.0, actual          0  (1.000x) (^ 0)
Testing all collisions (high 160-bit) - Expected        0.0, actual          0  (1.000x) (^ 0)
Testing all collisions (low  160-bit) - Expected        0.0, actual          0  (1.000x) (^ 0)
Testing all collisions (high 128-bit) - Expected        0.0, actual          0  (1.000x) (^ 0)
Testing all collisions (low  128-bit) - Expected        0.0, actual          0  (1.000x) (^ 0)
Testing all collisions (high  64-bit) - Expected        0.0, actual          0  (1.000x) (^ 0)
Testing all collisions (low   64-bit) - Expected        0.0, actual          0  (1.000x) (^ 0)
Testing all collisions (high  32-bit) - Expected        0.2, actual          0  (0.000x) (^ 0)
Testing all collisions (low   32-bit) - Expected        0.2, actual          0  (0.000x) (^ 0)
Testing all collisions (high  23-bit) - Expected      102.2, actual        112  (1.096x) (^ 2)
Testing all collisions (low   23-bit) - Expected      102.2, actual        106  (1.037x) (^ 1)
Testing all collisions (high 12..26 bits) - Worst is 23 bits: 112/102           (1.096x) (^ 0)
Testing all collisions (low  12..26 bits) - Worst is 18 bits: 3230/3111         (1.038x) (^ 2)
---Analyzing differential distribution
Testing all collisions (     256-bit) - Expected        0.0, actual          0  (1.000x) (^ 0)
Testing all collisions (high 224-bit) - Expected        0.0, actual          0  (1.000x) (^ 0)
Testing all collisions (low  224-bit) - Expected        0.0, actual          0  (1.000x) (^ 0)
Testing all collisions (high 160-bit) - Expected        0.0, actual          0  (1.000x) (^ 0)
Testing all collisions (low  160-bit) - Expected        0.0, actual          0  (1.000x) (^ 0)
Testing all collisions (high 128-bit) - Expected        0.0, actual          0  (1.000x) (^ 0)
Testing all collisions (low  128-bit) - Expected        0.0, actual          0  (1.000x) (^ 0)
Testing all collisions (high  64-bit) - Expected        0.0, actual          0  (1.000x) (^ 0)
Testing all collisions (low   64-bit) - Expected        0.0, actual          0  (1.000x) (^ 0)
Testing all collisions (high  32-bit) - Expected        0.2, actual          0  (0.000x) (^ 0)
Testing all collisions (low   32-bit) - Expected        0.2, actual          1  (1.000x) (^ 1)
Testing all collisions (high  23-bit) - Expected      102.2, actual        103  (1.000x) (^ 1)
Testing all collisions (low   23-bit) - Expected      102.2, actual        121  (1.184x) (^ 4)
Testing all collisions (high 12..26 bits) - Worst is 22 bits: 225/204           (1.102x) (^ 0)
Testing all collisions (low  12..26 bits) - Worst is 24 bits: 65/51             (1.271x) (^ 1)

Keyset 'Sparse' - 5-byte keys with up to 4 bits set - 102091 keys
Testing all collisions (     256-bit) - Expected        0.0, actual          0  (1.000x) (^ 0)
Testing all collisions (high 224-bit) - Expected        0.0, actual          0  (1.000x) (^ 0)
Testing all collisions (low  224-bit) - Expected        0.0, actual          0  (1.000x) (^ 0)
Testing all collisions (high 160-bit) - Expected        0.0, actual          0  (1.000x) (^ 0)
Testing all collisions (low  160-bit) - Expected        0.0, actual          0  (1.000x) (^ 0)
Testing all collisions (high 128-bit) - Expected        0.0, actual          0  (1.000x) (^ 0)
Testing all collisions (low  128-bit) - Expected        0.0, actual          0  (1.000x) (^ 0)
Testing all collisions (high  64-bit) - Expected        0.0, actual          0  (1.000x) (^ 0)
Testing all collisions (low   64-bit) - Expected        0.0, actual          0  (1.000x) (^ 0)
Testing all collisions (high  32-bit) - Expected        1.2, actual          0  (0.000x) (^ 0)
Testing all collisions (low   32-bit) - Expected        1.2, actual          2  (1.000x) (^ 1)
Testing all collisions (high  25-bit) - Expected      155.1, actual        154  (0.993x) (^ 0)
Testing all collisions (low   25-bit) - Expected      155.1, actual        150  (0.967x) (^ 0)
Testing all collisions (high 13..28 bits) - Worst is 18 bits: 17670/17532       (1.008x) (^ 0)
Testing all collisions (low  13..28 bits) - Worst is 15 bits: 70817/70776       (1.001x) (^ 0)
---Analyzing differential distribution
Testing all collisions (     256-bit) - Expected        0.0, actual          0  (1.000x) (^ 0)
Testing all collisions (high 224-bit) - Expected        0.0, actual          0  (1.000x) (^ 0)
Testing all collisions (low  224-bit) - Expected        0.0, actual          0  (1.000x) (^ 0)
Testing all collisions (high 160-bit) - Expected        0.0, actual          0  (1.000x) (^ 0)
Testing all collisions (low  160-bit) - Expected        0.0, actual          0  (1.000x) (^ 0)
Testing all collisions (high 128-bit) - Expected        0.0, actual          0  (1.000x) (^ 0)
Testing all collisions (low  128-bit) - Expected        0.0, actual          0  (1.000x) (^ 0)
Testing all collisions (high  64-bit) - Expected        0.0, actual          0  (1.000x) (^ 0)
Testing all collisions (low   64-bit) - Expected        0.0, actual          0  (1.000x) (^ 0)
Testing all collisions (high  32-bit) - Expected        1.2, actual          0  (0.000x) (^ 0)
Testing all collisions (low   32-bit) - Expected        1.2, actual          0  (0.000x) (^ 0)
Testing all collisions (high  25-bit) - Expected      155.1, actual        156  (1.000x) (^ 1)
Testing all collisions (low   25-bit) - Expected      155.1, actual        141  (0.909x) (^ 0)
Testing all collisions (high 13..28 bits) - Worst is 21 bits: 2469/2445         (1.010x) (^ 0)
Testing all collisions (low  13..28 bits) - Worst is 19 bits: 9431/9325         (1.011x) (^ 0)

Keyset 'Sparse' - 6-byte keys with up to 3 bits set - 18473 keys
Testing all collisions (     256-bit) - Expected        0.0, actual          0  (1.000x) (^ 0)
Testing all collisions (high 224-bit) - Expected        0.0, actual          0  (1.000x) (^ 0)
Testing all collisions (low  224-bit) - Expected        0.0, actual          0  (1.000x) (^ 0)
Testing all collisions (high 160-bit) - Expected        0.0, actual          0  (1.000x) (^ 0)
Testing all collisions (low  160-bit) - Expected        0.0, actual          0  (1.000x) (^ 0)
Testing all collisions (high 128-bit) - Expected        0.0, actual          0  (1.000x) (^ 0)
Testing all collisions (low  128-bit) - Expected        0.0, actual          0  (1.000x) (^ 0)
Testing all collisions (high  64-bit) - Expected        0.0, actual          0  (1.000x) (^ 0)
Testing all collisions (low   64-bit) - Expected        0.0, actual          0  (1.000x) (^ 0)
Testing all collisions (high  32-bit) - Expected        0.0, actual          0  (1.000x) (^ 0)
Testing all collisions (low   32-bit) - Expected        0.0, actual          0  (1.000x) (^ 0)
Testing all collisions (high  20-bit) - Expected      161.8, actual        124  (0.767x) (^ 0)
Testing all collisions (low   20-bit) - Expected      161.8, actual        176  (1.088x) (^ 2)
Testing all collisions (high 11..24 bits) - Worst is 13 bits: 11205/11140       (1.006x) (^ 0)
Testing all collisions (low  11..24 bits) - Worst is 18 bits: 669/636           (1.052x) (^ 0)
---Analyzing differential distribution
Testing all collisions (     256-bit) - Expected        0.0, actual          0  (1.000x) (^ 0)
Testing all collisions (high 224-bit) - Expected        0.0, actual          0  (1.000x) (^ 0)
Testing all collisions (low  224-bit) - Expected        0.0, actual          0  (1.000x) (^ 0)
Testing all collisions (high 160-bit) - Expected        0.0, actual          0  (1.000x) (^ 0)
Testing all collisions (low  160-bit) - Expected        0.0, actual          0  (1.000x) (^ 0)
Testing all collisions (high 128-bit) - Expected        0.0, actual          0  (1.000x) (^ 0)
Testing all collisions (low  128-bit) - Expected        0.0, actual          0  (1.000x) (^ 0)
Testing all collisions (high  64-bit) - Expected        0.0, actual          0  (1.000x) (^ 0)
Testing all collisions (low   64-bit) - Expected        0.0, actual          0  (1.000x) (^ 0)
Testing all collisions (high  32-bit) - Expected        0.0, actual          0  (1.000x) (^ 0)
Testing all collisions (low   32-bit) - Expected        0.0, actual          0  (1.000x) (^ 0)
Testing all collisions (high  20-bit) - Expected      161.8, actual        158  (0.977x) (^ 0)
Testing all collisions (low   20-bit) - Expected      161.8, actual        155  (0.958x) (^ 0)
Testing all collisions (high 11..24 bits) - Worst is 16 bits: 2418/2375         (1.018x) (^ 0)
Testing all collisions (low  11..24 bits) - Worst is 19 bits: 336/322           (1.045x) (^ 0)

Keyset 'Sparse' - 7-byte keys with up to 3 bits set - 29317 keys
Testing all collisions (     256-bit) - Expected        0.0, actual          0  (1.000x) (^ 0)
Testing all collisions (high 224-bit) - Expected        0.0, actual          0  (1.000x) (^ 0)
Testing all collisions (low  224-bit) - Expected        0.0, actual          0  (1.000x) (^ 0)
Testing all collisions (high 160-bit) - Expected        0.0, actual          0  (1.000x) (^ 0)
Testing all collisions (low  160-bit) - Expected        0.0, actual          0  (1.000x) (^ 0)
Testing all collisions (high 128-bit) - Expected        0.0, actual          0  (1.000x) (^ 0)
Testing all collisions (low  128-bit) - Expected        0.0, actual          0  (1.000x) (^ 0)
Testing all collisions (high  64-bit) - Expected        0.0, actual          0  (1.000x) (^ 0)
Testing all collisions (low   64-bit) - Expected        0.0, actual          0  (1.000x) (^ 0)
Testing all collisions (high  32-bit) - Expected        0.1, actual          0  (0.000x) (^ 0)
Testing all collisions (low   32-bit) - Expected        0.1, actual          0  (0.000x) (^ 0)
Testing all collisions (high  22-bit) - Expected      102.2, actual        103  (1.000x) (^ 1)
Testing all collisions (low   22-bit) - Expected      102.2, actual        114  (1.115x) (^ 2)
Testing all collisions (high 11..25 bits) - Worst is 14 bits: 15683/15670       (1.001x) (^ 0)
Testing all collisions (low  11..25 bits) - Worst is 25 bits: 19/13             (1.484x) (^ 0)
---Analyzing differential distribution
Testing all collisions (     256-bit) - Expected        0.0, actual          0  (1.000x) (^ 0)
Testing all collisions (high 224-bit) - Expected        0.0, actual          0  (1.000x) (^ 0)
Testing all collisions (low  224-bit) - Expected        0.0, actual          0  (1.000x) (^ 0)
Testing all collisions (high 160-bit) - Expected        0.0, actual          0  (1.000x) (^ 0)
Testing all collisions (low  160-bit) - Expected        0.0, actual          0  (1.000x) (^ 0)
Testing all collisions (high 128-bit) - Expected        0.0, actual          0  (1.000x) (^ 0)
Testing all collisions (low  128-bit) - Expected        0.0, actual          0  (1.000x) (^ 0)
Testing all collisions (high  64-bit) - Expected        0.0, actual          0  (1.000x) (^ 0)
Testing all collisions (low   64-bit) - Expected        0.0, actual          0  (1.000x) (^ 0)
Testing all collisions (high  32-bit) - Expected        0.1, actual          0  (0.000x) (^ 0)
Testing all collisions (low   32-bit) - Expected        0.1, actual          0  (0.000x) (^ 0)
Testing all collisions (high  22-bit) - Expected      102.2, actual        100  (0.978x) (^ 0)
Testing all collisions (low   22-bit) - Expected      102.2, actual         92  (0.900x) (^ 0)
Testing all collisions (high 11..25 bits) - Worst is 19 bits: 846/805           (1.051x) (^ 0)
Testing all collisions (low  11..25 bits) - Worst is 25 bits: 16/13             (1.250x) (^ 0)

Keyset 'Sparse' - 8-byte keys with up to 3 bits set - 43745 keys
Testing all collisions (     256-bit) - Expected        0.0, actual          0  (1.000x) (^ 0)
Testing all collisions (high 224-bit) - Expected        0.0, actual          0  (1.000x) (^ 0)
Testing all collisions (low  224-bit) - Expected        0.0, actual          0  (1.000x) (^ 0)
Testing all collisions (high 160-bit) - Expected        0.0, actual          0  (1.000x) (^ 0)
Testing all collisions (low  160-bit) - Expected        0.0, actual          0  (1.000x) (^ 0)
Testing all collisions (high 128-bit) - Expected        0.0, actual          0  (1.000x) (^ 0)
Testing all collisions (low  128-bit) - Expected        0.0, actual          0  (1.000x) (^ 0)
Testing all collisions (high  64-bit) - Expected        0.0, actual          0  (1.000x) (^ 0)
Testing all collisions (low   64-bit) - Expected        0.0, actual          0  (1.000x) (^ 0)
Testing all collisions (high  32-bit) - Expected        0.2, actual          0  (0.000x) (^ 0)
Testing all collisions (low   32-bit) - Expected        0.2, actual          2  (8.978x) (^ 4)
Testing all collisions (high  23-bit) - Expected      113.9, actual        111  (0.975x) (^ 0)
Testing all collisions (low   23-bit) - Expected      113.9, actual        115  (1.010x) (^ 1)
Testing all collisions (high 12..26 bits) - Worst is 16 bits: 11861/11828       (1.003x) (^ 0)
Testing all collisions (low  12..26 bits) - Worst is 24 bits: 59/57             (1.035x) (^ 0)
---Analyzing differential distribution
Testing all collisions (     256-bit) - Expected        0.0, actual          0  (1.000x) (^ 0)
Testing all collisions (high 224-bit) - Expected        0.0, actual          0  (1.000x) (^ 0)
Testing all collisions (low  224-bit) - Expected        0.0, actual          0  (1.000x) (^ 0)
Testing all collisions (high 160-bit) - Expected        0.0, actual          0  (1.000x) (^ 0)
Testing all collisions (low  160-bit) - Expected        0.0, actual          0  (1.000x) (^ 0)
Testing all collisions (high 128-bit) - Expected        0.0, actual          0  (1.000x) (^ 0)
Testing all collisions (low  128-bit) - Expected        0.0, actual          0  (1.000x) (^ 0)
Testing all collisions (high  64-bit) - Expected        0.0, actual          0  (1.000x) (^ 0)
Testing all collisions (low   64-bit) - Expected        0.0, actual          0  (1.000x) (^ 0)
Testing all collisions (high  32-bit) - Expected        0.2, actual          0  (0.000x) (^ 0)
Testing all collisions (low   32-bit) - Expected        0.2, actual          0  (0.000x) (^ 0)
Testing all collisions (high  23-bit) - Expected      113.9, actual        110  (0.966x) (^ 0)
Testing all collisions (low   23-bit) - Expected      113.9, actual        114  (1.000x) (^ 1)
Testing all collisions (high 12..26 bits) - Worst is 16 bits: 11933/11828       (1.009x) (^ 0)
Testing all collisions (low  12..26 bits) - Worst is 25 bits: 35/29             (1.228x) (^ 0)

Keyset 'Sparse' - 9-byte keys with up to 3 bits set - 62269 keys
Testing all collisions (     256-bit) - Expected        0.0, actual          0  (1.000x) (^ 0)
Testing all collisions (high 224-bit) - Expected        0.0, actual          0  (1.000x) (^ 0)
Testing all collisions (low  224-bit) - Expected        0.0, actual          0  (1.000x) (^ 0)
Testing all collisions (high 160-bit) - Expected        0.0, actual          0  (1.000x) (^ 0)
Testing all collisions (low  160-bit) - Expected        0.0, actual          0  (1.000x) (^ 0)
Testing all collisions (high 128-bit) - Expected        0.0, actual          0  (1.000x) (^ 0)
Testing all collisions (low  128-bit) - Expected        0.0, actual          0  (1.000x) (^ 0)
Testing all collisions (high  64-bit) - Expected        0.0, actual          0  (1.000x) (^ 0)
Testing all collisions (low   64-bit) - Expected        0.0, actual          0  (1.000x) (^ 0)
Testing all collisions (high  32-bit) - Expected        0.5, actual          0  (0.000x) (^ 0)
Testing all collisions (low   32-bit) - Expected        0.5, actual          0  (0.000x) (^ 0)
Testing all collisions (high  24-bit) - Expected      115.4, actual        100  (0.866x) (^ 0)
Testing all collisions (low   24-bit) - Expected      115.4, actual        101  (0.875x) (^ 0)
Testing all collisions (high 12..27 bits) - Worst is 15 bits: 34458/34400       (1.002x) (^ 0)
Testing all collisions (low  12..27 bits) - Worst is 15 bits: 34474/34400       (1.002x) (^ 0)
---Analyzing differential distribution
Testing all collisions (     256-bit) - Expected        0.0, actual          0  (1.000x) (^ 0)
Testing all collisions (high 224-bit) - Expected        0.0, actual          0  (1.000x) (^ 0)
Testing all collisions (low  224-bit) - Expected        0.0, actual          0  (1.000x) (^ 0)
Testing all collisions (high 160-bit) - Expected        0.0, actual          0  (1.000x) (^ 0)
Testing all collisions (low  160-bit) - Expected        0.0, actual          0  (1.000x) (^ 0)
Testing all collisions (high 128-bit) - Expected        0.0, actual          0  (1.000x) (^ 0)
Testing all collisions (low  128-bit) - Expected        0.0, actual          0  (1.000x) (^ 0)
Testing all collisions (high  64-bit) - Expected        0.0, actual          0  (1.000x) (^ 0)
Testing all collisions (low   64-bit) - Expected        0.0, actual          0  (1.000x) (^ 0)
Testing all collisions (high  32-bit) - Expected        0.5, actual          0  (0.000x) (^ 0)
Testing all collisions (low   32-bit) - Expected        0.5, actual          1  (1.000x) (^ 1)
Testing all collisions (high  24-bit) - Expected      115.4, actual        107  (0.927x) (^ 0)
Testing all collisions (low   24-bit) - Expected      115.4, actual        118  (1.022x) (^ 1)
Testing all collisions (high 12..27 bits) - Worst is 27 bits: 19/14             (1.316x) (^ 0)
Testing all collisions (low  12..27 bits) - Worst is 25 bits: 67/58             (1.160x) (^ 0)

Keyset 'Sparse' - 10-byte keys with up to 3 bits set - 85401 keys
Testing all collisions (     256-bit) - Expected        0.0, actual          0  (1.000x) (^ 0)
Testing all collisions (high 224-bit) - Expected        0.0, actual          0  (1.000x) (^ 0)
Testing all collisions (low  224-bit) - Expected        0.0, actual          0  (1.000x) (^ 0)
Testing all collisions (high 160-bit) - Expected        0.0, actual          0  (1.000x) (^ 0)
Testing all collisions (low  160-bit) - Expected        0.0, actual          0  (1.000x) (^ 0)
Testing all collisions (high 128-bit) - Expected        0.0, actual          0  (1.000x) (^ 0)
Testing all collisions (low  128-bit) - Expected        0.0, actual          0  (1.000x) (^ 0)
Testing all collisions (high  64-bit) - Expected        0.0, actual          0  (1.000x) (^ 0)
Testing all collisions (low   64-bit) - Expected        0.0, actual          0  (1.000x) (^ 0)
Testing all collisions (high  32-bit) - Expected        0.8, actual          0  (0.000x) (^ 0)
Testing all collisions (low   32-bit) - Expected        0.8, actual          0  (0.000x) (^ 0)
Testing all collisions (high  25-bit) - Expected      108.6, actual        105  (0.967x) (^ 0)
Testing all collisions (low   25-bit) - Expected      108.6, actual        100  (0.921x) (^ 0)
Testing all collisions (high 13..28 bits) - Worst is 13 bits: 77210/77209       (1.000x) (^ 0)
Testing all collisions (low  13..28 bits) - Worst is 18 bits: 12608/12516       (1.007x) (^ 0)
---Analyzing differential distribution
Testing all collisions (     256-bit) - Expected        0.0, actual          0  (1.000x) (^ 0)
Testing all collisions (high 224-bit) - Expected        0.0, actual          0  (1.000x) (^ 0)
Testing all collisions (low  224-bit) - Expected        0.0, actual          0  (1.000x) (^ 0)
Testing all collisions (high 160-bit) - Expected        0.0, actual          0  (1.000x) (^ 0)
Testing all collisions (low  160-bit) - Expected        0.0, actual          0  (1.000x) (^ 0)
Testing all collisions (high 128-bit) - Expected        0.0, actual          0  (1.000x) (^ 0)
Testing all collisions (low  128-bit) - Expected        0.0, actual          0  (1.000x) (^ 0)
Testing all collisions (high  64-bit) - Expected        0.0, actual          0  (1.000x) (^ 0)
Testing all collisions (low   64-bit) - Expected        0.0, actual          0  (1.000x) (^ 0)
Testing all collisions (high  32-bit) - Expected        0.8, actual          1  (1.000x) (^ 1)
Testing all collisions (low   32-bit) - Expected        0.8, actual          0  (0.000x) (^ 0)
Testing all collisions (high  25-bit) - Expected      108.6, actual         98  (0.903x) (^ 0)
Testing all collisions (low   25-bit) - Expected      108.6, actual        111  (1.022x) (^ 1)
Testing all collisions (high 13..28 bits) - Worst is 28 bits: 16/14             (1.178x) (^ 0)
Testing all collisions (low  13..28 bits) - Worst is 23 bits: 445/433           (1.027x) (^ 0)

Keyset 'Sparse' - 11-byte keys with up to 3 bits set - 113653 keys
Testing all collisions (     256-bit) - Expected        0.0, actual          0  (1.000x) (^ 0)
Testing all collisions (high 224-bit) - Expected        0.0, actual          0  (1.000x) (^ 0)
Testing all collisions (low  224-bit) - Expected        0.0, actual          0  (1.000x) (^ 0)
Testing all collisions (high 160-bit) - Expected        0.0, actual          0  (1.000x) (^ 0)
Testing all collisions (low  160-bit) - Expected        0.0, actual          0  (1.000x) (^ 0)
Testing all collisions (high 128-bit) - Expected        0.0, actual          0  (1.000x) (^ 0)
Testing all collisions (low  128-bit) - Expected        0.0, actual          0  (1.000x) (^ 0)
Testing all collisions (high  64-bit) - Expected        0.0, actual          0  (1.000x) (^ 0)
Testing all collisions (low   64-bit) - Expected        0.0, actual          0  (1.000x) (^ 0)
Testing all collisions (high  32-bit) - Expected        1.5, actual          3  (1.995x) (^ 2)
Testing all collisions (low   32-bit) - Expected        1.5, actual          1  (0.665x) (^ 0)
Testing all collisions (high  25-bit) - Expected      192.3, actual        201  (1.045x) (^ 1)
Testing all collisions (low   25-bit) - Expected      192.3, actual        186  (0.967x) (^ 0)
Testing all collisions (high 13..29 bits) - Worst is 29 bits: 15/12             (1.247x) (^ 0)
Testing all collisions (low  13..29 bits) - Worst is 20 bits: 6017/5943         (1.013x) (^ 0)
---Analyzing differential distribution
Testing all collisions (     256-bit) - Expected        0.0, actual          0  (1.000x) (^ 0)
Testing all collisions (high 224-bit) - Expected        0.0, actual          0  (1.000x) (^ 0)
Testing all collisions (low  224-bit) - Expected        0.0, actual          0  (1.000x) (^ 0)
Testing all collisions (high 160-bit) - Expected        0.0, actual          0  (1.000x) (^ 0)
Testing all collisions (low  160-bit) - Expected        0.0, actual          0  (1.000x) (^ 0)
Testing all collisions (high 128-bit) - Expected        0.0, actual          0  (1.000x) (^ 0)
Testing all collisions (low  128-bit) - Expected        0.0, actual          0  (1.000x) (^ 0)
Testing all collisions (high  64-bit) - Expected        0.0, actual          0  (1.000x) (^ 0)
Testing all collisions (low   64-bit) - Expected        0.0, actual          0  (1.000x) (^ 0)
Testing all collisions (high  32-bit) - Expected        1.5, actual          4  (2.660x) (^ 3)
Testing all collisions (low   32-bit) - Expected        1.5, actual          2  (1.000x) (^ 1)
Testing all collisions (high  25-bit) - Expected      192.3, actual        182  (0.947x) (^ 0)
Testing all collisions (low   25-bit) - Expected      192.3, actual        202  (1.051x) (^ 1)
Testing all collisions (high 13..29 bits) - Worst is 29 bits: 16/12             (1.330x) (^ 0)
Testing all collisions (low  13..29 bits) - Worst is 29 bits: 20/12             (1.663x) (^ 1)

Keyset 'Sparse' - 12-byte keys with up to 3 bits set - 147537 keys
Testing all collisions (     256-bit) - Expected        0.0, actual          0  (1.000x) (^ 0)
Testing all collisions (high 224-bit) - Expected        0.0, actual          0  (1.000x) (^ 0)
Testing all collisions (low  224-bit) - Expected        0.0, actual          0  (1.000x) (^ 0)
Testing all collisions (high 160-bit) - Expected        0.0, actual          0  (1.000x) (^ 0)
Testing all collisions (low  160-bit) - Expected        0.0, actual          0  (1.000x) (^ 0)
Testing all collisions (high 128-bit) - Expected        0.0, actual          0  (1.000x) (^ 0)
Testing all collisions (low  128-bit) - Expected        0.0, actual          0  (1.000x) (^ 0)
Testing all collisions (high  64-bit) - Expected        0.0, actual          0  (1.000x) (^ 0)
Testing all collisions (low   64-bit) - Expected        0.0, actual          0  (1.000x) (^ 0)
Testing all collisions (high  32-bit) - Expected        2.5, actual          6  (2.368x) (^ 4)
Testing all collisions (low   32-bit) - Expected        2.5, actual          3  (1.000x) (^ 1)
Testing all collisions (high  26-bit) - Expected      162.1, actual        171  (1.055x) (^ 1)
Testing all collisions (low   26-bit) - Expected      162.1, actual        141  (0.870x) (^ 0)
Testing all collisions (high 13..30 bits) - Worst is 29 bits: 31/20             (1.529x) (^ 1)
Testing all collisions (low  13..30 bits) - Worst is 16 bits: 89044/88900       (1.002x) (^ 0)
---Analyzing differential distribution
Testing all collisions (     256-bit) - Expected        0.0, actual          0  (1.000x) (^ 0)
Testing all collisions (high 224-bit) - Expected        0.0, actual          0  (1.000x) (^ 0)
Testing all collisions (low  224-bit) - Expected        0.0, actual          0  (1.000x) (^ 0)
Testing all collisions (high 160-bit) - Expected        0.0, actual          0  (1.000x) (^ 0)
Testing all collisions (low  160-bit) - Expected        0.0, actual          0  (1.000x) (^ 0)
Testing all collisions (high 128-bit) - Expected        0.0, actual          0  (1.000x) (^ 0)
Testing all collisions (low  128-bit) - Expected        0.0, actual          0  (1.000x) (^ 0)
Testing all collisions (high  64-bit) - Expected        0.0, actual          0  (1.000x) (^ 0)
Testing all collisions (low   64-bit) - Expected        0.0, actual          0  (1.000x) (^ 0)
Testing all collisions (high  32-bit) - Expected        2.5, actual          3  (1.000x) (^ 1)
Testing all collisions (low   32-bit) - Expected        2.5, actual          0  (0.000x) (^ 0)
Testing all collisions (high  26-bit) - Expected      162.1, actual        155  (0.956x) (^ 0)
Testing all collisions (low   26-bit) - Expected      162.1, actual        153  (0.944x) (^ 0)
Testing all collisions (high 13..30 bits) - Worst is 21 bits: 5118/5070         (1.009x) (^ 0)
Testing all collisions (low  13..30 bits) - Worst is 20 bits: 10085/9909        (1.018x) (^ 0)

Keyset 'Sparse' - 13-byte keys with up to 3 bits set - 187565 keys
Testing all collisions (     256-bit) - Expected        0.0, actual          0  (1.000x) (^ 0)
Testing all collisions (high 224-bit) - Expected        0.0, actual          0  (1.000x) (^ 0)
Testing all collisions (low  224-bit) - Expected        0.0, actual          0  (1.000x) (^ 0)
Testing all collisions (high 160-bit) - Expected        0.0, actual          0  (1.000x) (^ 0)
Testing all collisions (low  160-bit) - Expected        0.0, actual          0  (1.000x) (^ 0)
Testing all collisions (high 128-bit) - Expected        0.0, actual          0  (1.000x) (^ 0)
Testing all collisions (low  128-bit) - Expected        0.0, actual          0  (1.000x) (^ 0)
Testing all collisions (high  64-bit) - Expected        0.0, actual          0  (1.000x) (^ 0)
Testing all collisions (low   64-bit) - Expected        0.0, actual          0  (1.000x) (^ 0)
Testing all collisions (high  32-bit) - Expected        4.1, actual          3  (0.733x) (^ 0)
Testing all collisions (low   32-bit) - Expected        4.1, actual          1  (0.244x) (^ 0)
Testing all collisions (high  27-bit) - Expected      131.0, actual        128  (0.977x) (^ 0)
Testing all collisions (low   27-bit) - Expected      131.0, actual        147  (1.122x) (^ 3)
Testing all collisions (high 14..30 bits) - Worst is 20 bits: 15857/15818       (1.002x) (^ 0)
Testing all collisions (low  14..30 bits) - Worst is 26 bits: 298/262           (1.138x) (^ 2)
---Analyzing differential distribution
Testing all collisions (     256-bit) - Expected        0.0, actual          0  (1.000x) (^ 0)
Testing all collisions (high 224-bit) - Expected        0.0, actual          0  (1.000x) (^ 0)
Testing all collisions (low  224-bit) - Expected        0.0, actual          0  (1.000x) (^ 0)
Testing all collisions (high 160-bit) - Expected        0.0, actual          0  (1.000x) (^ 0)
Testing all collisions (low  160-bit) - Expected        0.0, actual          0  (1.000x) (^ 0)
Testing all collisions (high 128-bit) - Expected        0.0, actual          0  (1.000x) (^ 0)
Testing all collisions (low  128-bit) - Expected        0.0, actual          0  (1.000x) (^ 0)
Testing all collisions (high  64-bit) - Expected        0.0, actual          0  (1.000x) (^ 0)
Testing all collisions (low   64-bit) - Expected        0.0, actual          0  (1.000x) (^ 0)
Testing all collisions (high  32-bit) - Expected        4.1, actual          6  (1.465x) (^ 1)
Testing all collisions (low   32-bit) - Expected        4.1, actual          7  (1.709x) (^ 2)
Testing all collisions (high  27-bit) - Expected      131.0, actual        126  (0.962x) (^ 0)
Testing all collisions (low   27-bit) - Expected      131.0, actual        143  (1.092x) (^ 2)
Testing all collisions (high 14..30 bits) - Worst is 25 bits: 541/523           (1.034x) (^ 0)
Testing all collisions (low  14..30 bits) - Worst is 22 bits: 4277/4132         (1.035x) (^ 2)

Keyset 'Sparse' - 14-byte keys with up to 3 bits set - 234249 keys
Testing all collisions (     256-bit) - Expected        0.0, actual          0  (1.000x) (^ 0)
Testing all collisions (high 224-bit) - Expected        0.0, actual          0  (1.000x) (^ 0)
Testing all collisions (low  224-bit) - Expected        0.0, actual          0  (1.000x) (^ 0)
Testing all collisions (high 160-bit) - Expected        0.0, actual          0  (1.000x) (^ 0)
Testing all collisions (low  160-bit) - Expected        0.0, actual          0  (1.000x) (^ 0)
Testing all collisions (high 128-bit) - Expected        0.0, actual          0  (1.000x) (^ 0)
Testing all collisions (low  128-bit) - Expected        0.0, actual          0  (1.000x) (^ 0)
Testing all collisions (high  64-bit) - Expected        0.0, actual          0  (1.000x) (^ 0)
Testing all collisions (low   64-bit) - Expected        0.0, actual          0  (1.000x) (^ 0)
Testing all collisions (high  32-bit) - Expected        6.4, actual          6  (1.000x) (^ 0)
Testing all collisions (low   32-bit) - Expected        6.4, actual          8  (1.252x) (^ 1)
Testing all collisions (high  28-bit) - Expected      102.2, actual         95  (0.930x) (^ 0)
Testing all collisions (low   28-bit) - Expected      102.2, actual        107  (1.047x) (^ 1)
Testing all collisions (high 14..31 bits) - Worst is 27 bits: 211/204           (1.033x) (^ 0)
Testing all collisions (low  14..31 bits) - Worst is 26 bits: 438/408           (1.073x) (^ 0)
---Analyzing differential distribution
Testing all collisions (     256-bit) - Expected        0.0, actual          0  (1.000x) (^ 0)
Testing all collisions (high 224-bit) - Expected        0.0, actual          0  (1.000x) (^ 0)
Testing all collisions (low  224-bit) - Expected        0.0, actual          0  (1.000x) (^ 0)
Testing all collisions (high 160-bit) - Expected        0.0, actual          0  (1.000x) (^ 0)
Testing all collisions (low  160-bit) - Expected        0.0, actual          0  (1.000x) (^ 0)
Testing all collisions (high 128-bit) - Expected        0.0, actual          0  (1.000x) (^ 0)
Testing all collisions (low  128-bit) - Expected        0.0, actual          0  (1.000x) (^ 0)
Testing all collisions (high  64-bit) - Expected        0.0, actual          0  (1.000x) (^ 0)
Testing all collisions (low   64-bit) - Expected        0.0, actual          0  (1.000x) (^ 0)
Testing all collisions (high  32-bit) - Expected        6.4, actual          7  (1.000x) (^ 1)
Testing all collisions (low   32-bit) - Expected        6.4, actual         11  (1.722x) (^ 3)
Testing all collisions (high  28-bit) - Expected      102.2, actual         93  (0.910x) (^ 0)
Testing all collisions (low   28-bit) - Expected      102.2, actual         90  (0.881x) (^ 0)
Testing all collisions (high 14..31 bits) - Worst is 24 bits: 1692/1628         (1.039x) (^ 0)
Testing all collisions (low  14..31 bits) - Worst is 19 bits: 45568/45335       (1.005x) (^ 0)

Keyset 'Sparse' - 2-byte keys with up to 10 bits set - 58651 keys
Testing all collisions (     256-bit) - Expected        0.0, actual          0  (1.000x) (^ 0)
Testing all collisions (high 224-bit) - Expected        0.0, actual          0  (1.000x) (^ 0)
Testing all collisions (low  224-bit) - Expected        0.0, actual          0  (1.000x) (^ 0)
Testing all collisions (high 160-bit) - Expected        0.0, actual          0  (1.000x) (^ 0)
Testing all collisions (low  160-bit) - Expected        0.0, actual          0  (1.000x) (^ 0)
Testing all collisions (high 128-bit) - Expected        0.0, actual          0  (1.000x) (^ 0)
Testing all collisions (low  128-bit) - Expected        0.0, actual          0  (1.000x) (^ 0)
Testing all collisions (high  64-bit) - Expected        0.0, actual          0  (1.000x) (^ 0)
Testing all collisions (low   64-bit) - Expected        0.0, actual          0  (1.000x) (^ 0)
Testing all collisions (high  32-bit) - Expected        0.4, actual          0  (0.000x) (^ 0)
Testing all collisions (low   32-bit) - Expected        0.4, actual          0  (0.000x) (^ 0)
Testing all collisions (high  24-bit) - Expected      102.4, actual        126  (1.231x) (^ 6)
Testing all collisions (low   24-bit) - Expected      102.4, actual        110  (1.074x) (^ 2)
Testing all collisions (high 12..27 bits) - Worst is 24 bits: 126/102           (1.231x) (^ 2)
Testing all collisions (low  12..27 bits) - Worst is 21 bits: 855/813           (1.052x) (^ 0)
---Analyzing differential distribution
Testing all collisions (     256-bit) - Expected        0.0, actual          0  (1.000x) (^ 0)
Testing all collisions (high 224-bit) - Expected        0.0, actual          0  (1.000x) (^ 0)
Testing all collisions (low  224-bit) - Expected        0.0, actual          0  (1.000x) (^ 0)
Testing all collisions (high 160-bit) - Expected        0.0, actual          0  (1.000x) (^ 0)
Testing all collisions (low  160-bit) - Expected        0.0, actual          0  (1.000x) (^ 0)
Testing all collisions (high 128-bit) - Expected        0.0, actual          0  (1.000x) (^ 0)
Testing all collisions (low  128-bit) - Expected        0.0, actual          0  (1.000x) (^ 0)
Testing all collisions (high  64-bit) - Expected        0.0, actual          0  (1.000x) (^ 0)
Testing all collisions (low   64-bit) - Expected        0.0, actual          0  (1.000x) (^ 0)
Testing all collisions (high  32-bit) - Expected        0.4, actual          0  (0.000x) (^ 0)
Testing all collisions (low   32-bit) - Expected        0.4, actual          0  (0.000x) (^ 0)
Testing all collisions (high  24-bit) - Expected      102.4, actual        105  (1.025x) (^ 1)
Testing all collisions (low   24-bit) - Expected      102.4, actual         98  (0.957x) (^ 0)
Testing all collisions (high 12..27 bits) - Worst is 27 bits: 21/13             (1.639x) (^ 1)
Testing all collisions (low  12..27 bits) - Worst is 23 bits: 211/205           (1.032x) (^ 0)

Keyset 'Sparse' - 3-byte keys with up to 20 bits set - 16774891 keys
Testing all collisions (     256-bit) - Expected        0.0, actual          0  (1.000x) (^ 0)
Testing all collisions (high 224-bit) - Expected        0.0, actual          0  (1.000x) (^ 0)
Testing all collisions (low  224-bit) - Expected        0.0, actual          0  (1.000x) (^ 0)
Testing all collisions (high 160-bit) - Expected        0.0, actual          0  (1.000x) (^ 0)
Testing all collisions (low  160-bit) - Expected        0.0, actual          0  (1.000x) (^ 0)
Testing all collisions (high 128-bit) - Expected        0.0, actual          0  (1.000x) (^ 0)
Testing all collisions (low  128-bit) - Expected        0.0, actual          0  (1.000x) (^ 0)
Testing all collisions (high  64-bit) - Expected        0.0, actual          0  (1.000x) (^ 0)
Testing all collisions (low   64-bit) - Expected        0.0, actual          0  (1.000x) (^ 0)
Testing all collisions (high  40-bit) - Expected      128.0, actual        131  (1.024x) (^ 1)
Testing all collisions (low   40-bit) - Expected      128.0, actual        134  (1.047x) (^ 1)
Testing all collisions (high  32-bit) - Expected    32716.3, actual      32874  (1.005x) (^ 2)
Testing all collisions (low   32-bit) - Expected    32716.3, actual      32575  (0.996x) (^ 0)
Testing all collisions (high 20..43 bits) - Worst is 29 bits: 260340/259363     (1.004x) (^ 1)
Testing all collisions (low  20..43 bits) - Worst is 35 bits: 4201/4094         (1.026x) (^ 0)
---Analyzing differential distribution
Testing all collisions (     256-bit) - Expected        0.0, actual          0  (1.000x) (^ 0)
Testing all collisions (high 224-bit) - Expected        0.0, actual          0  (1.000x) (^ 0)
Testing all collisions (low  224-bit) - Expected        0.0, actual          0  (1.000x) (^ 0)
Testing all collisions (high 160-bit) - Expected        0.0, actual          0  (1.000x) (^ 0)
Testing all collisions (low  160-bit) - Expected        0.0, actual          0  (1.000x) (^ 0)
Testing all collisions (high 128-bit) - Expected        0.0, actual          0  (1.000x) (^ 0)
Testing all collisions (low  128-bit) - Expected        0.0, actual          0  (1.000x) (^ 0)
Testing all collisions (high  64-bit) - Expected        0.0, actual          0  (1.000x) (^ 0)
Testing all collisions (low   64-bit) - Expected        0.0, actual          0  (1.000x) (^ 0)
Testing all collisions (high  40-bit) - Expected      128.0, actual        133  (1.039x) (^ 1)
Testing all collisions (low   40-bit) - Expected      128.0, actual        126  (0.985x) (^ 0)
Testing all collisions (high  32-bit) - Expected    32716.3, actual      32599  (0.996x) (^ 0)
Testing all collisions (low   32-bit) - Expected    32716.3, actual      32820  (1.003x) (^ 1)
Testing all collisions (high 20..43 bits) - Worst is 41 bits: 80/64             (1.250x) (^ 0)
Testing all collisions (low  20..43 bits) - Worst is 38 bits: 548/512           (1.071x) (^ 0)

Keyset 'Sparse' - 4-byte keys with up to 9 bits set - 43081973 keys
Testing all collisions (     256-bit) - Expected        0.0, actual          0  (1.000x) (^ 0)
Testing all collisions (high 224-bit) - Expected        0.0, actual          0  (1.000x) (^ 0)
Testing all collisions (low  224-bit) - Expected        0.0, actual          0  (1.000x) (^ 0)
Testing all collisions (high 160-bit) - Expected        0.0, actual          0  (1.000x) (^ 0)
Testing all collisions (low  160-bit) - Expected        0.0, actual          0  (1.000x) (^ 0)
Testing all collisions (high 128-bit) - Expected        0.0, actual          0  (1.000x) (^ 0)
Testing all collisions (low  128-bit) - Expected        0.0, actual          0  (1.000x) (^ 0)
Testing all collisions (high  64-bit) - Expected        0.0, actual          0  (1.000x) (^ 0)
Testing all collisions (low   64-bit) - Expected        0.0, actual          0  (1.000x) (^ 0)
Testing all collisions (high  43-bit) - Expected      105.5, actual         98  (0.929x) (^ 0)
Testing all collisions (low   43-bit) - Expected      105.5, actual        121  (1.147x) (^ 3)
Testing all collisions (high  32-bit) - Expected   215352.7, actual     215343  (1.000x) (^ 0)
Testing all collisions (low   32-bit) - Expected   215352.7, actual     215172  (0.999x) (^ 0)
Testing all collisions (high 21..46 bits) - Worst is 28 bits: 3281828/3279413   (1.001x) (^ 0)
Testing all collisions (low  21..46 bits) - Worst is 40 bits: 908/844           (1.076x) (^ 1)
---Analyzing differential distribution
Testing all collisions (     256-bit) - Expected        0.0, actual          0  (1.000x) (^ 0)
Testing all collisions (high 224-bit) - Expected        0.0, actual          0  (1.000x) (^ 0)
Testing all collisions (low  224-bit) - Expected        0.0, actual          0  (1.000x) (^ 0)
Testing all collisions (high 160-bit) - Expected        0.0, actual          0  (1.000x) (^ 0)
Testing all collisions (low  160-bit) - Expected        0.0, actual          0  (1.000x) (^ 0)
Testing all collisions (high 128-bit) - Expected        0.0, actual          0  (1.000x) (^ 0)
Testing all collisions (low  128-bit) - Expected        0.0, actual          0  (1.000x) (^ 0)
Testing all collisions (high  64-bit) - Expected        0.0, actual          0  (1.000x) (^ 0)
Testing all collisions (low   64-bit) - Expected        0.0, actual          0  (1.000x) (^ 0)
Testing all collisions (high  43-bit) - Expected      105.5, actual         91  (0.863x) (^ 0)
Testing all collisions (low   43-bit) - Expected      105.5, actual        101  (0.957x) (^ 0)
Testing all collisions (high  32-bit) - Expected   215352.7, actual     214814  (0.997x) (^ 0)
Testing all collisions (low   32-bit) - Expected   215352.7, actual     215717  (1.002x) (^ 2)
Testing all collisions (high 21..46 bits) - Worst is 26 bits: 11290586/11289412 (1.000x) (^ 0)
Testing all collisions (low  21..46 bits) - Worst is 32 bits: 215717/215353     (1.002x) (^ 0)

Keyset 'Sparse' - 5-byte keys with up to 7 bits set - 23242039 keys
Testing all collisions (     256-bit) - Expected        0.0, actual          0  (1.000x) (^ 0)
Testing all collisions (high 224-bit) - Expected        0.0, actual          0  (1.000x) (^ 0)
Testing all collisions (low  224-bit) - Expected        0.0, actual          0  (1.000x) (^ 0)
Testing all collisions (high 160-bit) - Expected        0.0, actual          0  (1.000x) (^ 0)
Testing all collisions (low  160-bit) - Expected        0.0, actual          0  (1.000x) (^ 0)
Testing all collisions (high 128-bit) - Expected        0.0, actual          0  (1.000x) (^ 0)
Testing all collisions (low  128-bit) - Expected        0.0, actual          0  (1.000x) (^ 0)
Testing all collisions (high  64-bit) - Expected        0.0, actual          0  (1.000x) (^ 0)
Testing all collisions (low   64-bit) - Expected        0.0, actual          0  (1.000x) (^ 0)
Testing all collisions (high  41-bit) - Expected      122.8, actual        121  (0.985x) (^ 0)
Testing all collisions (low   41-bit) - Expected      122.8, actual        138  (1.124x) (^ 3)
Testing all collisions (high  32-bit) - Expected    62773.4, actual      63298  (1.008x) (^ 5)
Testing all collisions (low   32-bit) - Expected    62773.4, actual      62964  (1.003x) (^ 2)
Testing all collisions (high 20..44 bits) - Worst is 27 bits: 1904367/1901074   (1.002x) (^ 2)
Testing all collisions (low  20..44 bits) - Worst is 40 bits: 272/246           (1.107x) (^ 0)
---Analyzing differential distribution
Testing all collisions (     256-bit) - Expected        0.0, actual          0  (1.000x) (^ 0)
Testing all collisions (high 224-bit) - Expected        0.0, actual          0  (1.000x) (^ 0)
Testing all collisions (low  224-bit) - Expected        0.0, actual          0  (1.000x) (^ 0)
Testing all collisions (high 160-bit) - Expected        0.0, actual          0  (1.000x) (^ 0)
Testing all collisions (low  160-bit) - Expected        0.0, actual          0  (1.000x) (^ 0)
Testing all collisions (high 128-bit) - Expected        0.0, actual          0  (1.000x) (^ 0)
Testing all collisions (low  128-bit) - Expected        0.0, actual          0  (1.000x) (^ 0)
Testing all collisions (high  64-bit) - Expected        0.0, actual          0  (1.000x) (^ 0)
Testing all collisions (low   64-bit) - Expected        0.0, actual          0  (1.000x) (^ 0)
Testing all collisions (high  41-bit) - Expected      122.8, actual        116  (0.944x) (^ 0)
Testing all collisions (low   41-bit) - Expected      122.8, actual        115  (0.936x) (^ 0)
Testing all collisions (high  32-bit) - Expected    62773.4, actual      63064  (1.005x) (^ 3)
Testing all collisions (low   32-bit) - Expected    62773.4, actual      63013  (1.004x) (^ 2)
Testing all collisions (high 20..44 bits) - Worst is 44 bits: 21/15             (1.368x) (^ 0)
Testing all collisions (low  20..44 bits) - Worst is 32 bits: 63013/62773       (1.004x) (^ 0)

Keyset 'Sparse' - 6-byte keys with up to 7 bits set - 87825941 keys
Testing all collisions (     256-bit) - Expected        0.0, actual          0  (1.000x) (^ 0)
Testing all collisions (high 224-bit) - Expected        0.0, actual          0  (1.000x) (^ 0)
Testing all collisions (low  224-bit) - Expected        0.0, actual          0  (1.000x) (^ 0)
Testing all collisions (high 160-bit) - Expected        0.0, actual          0  (1.000x) (^ 0)
Testing all collisions (low  160-bit) - Expected        0.0, actual          0  (1.000x) (^ 0)
Testing all collisions (high 128-bit) - Expected        0.0, actual          0  (1.000x) (^ 0)
Testing all collisions (low  128-bit) - Expected        0.0, actual          0  (1.000x) (^ 0)
Testing all collisions (high  64-bit) - Expected        0.0, actual          0  (1.000x) (^ 0)
Testing all collisions (low   64-bit) - Expected        0.0, actual          0  (1.000x) (^ 0)
Testing all collisions (high  45-bit) - Expected      109.6, actual        107  (0.976x) (^ 0)
Testing all collisions (low   45-bit) - Expected      109.6, actual        101  (0.921x) (^ 0)
Testing all collisions (high  32-bit) - Expected   891868.0, actual     892376  (1.001x) (^ 1)
Testing all collisions (low   32-bit) - Expected   891868.0, actual     891024  (0.999x) (^ 0)
Testing all collisions (high 22..48 bits) - Worst is 36 bits: 56491/56098       (1.007x) (^ 0)
Testing all collisions (low  22..48 bits) - Worst is 39 bits: 7170/7015         (1.022x) (^ 0)
---Analyzing differential distribution
Testing all collisions (     256-bit) - Expected        0.0, actual          0  (1.000x) (^ 0)
Testing all collisions (high 224-bit) - Expected        0.0, actual          0  (1.000x) (^ 0)
Testing all collisions (low  224-bit) - Expected        0.0, actual          0  (1.000x) (^ 0)
Testing all collisions (high 160-bit) - Expected        0.0, actual          0  (1.000x) (^ 0)
Testing all collisions (low  160-bit) - Expected        0.0, actual          0  (1.000x) (^ 0)
Testing all collisions (high 128-bit) - Expected        0.0, actual          0  (1.000x) (^ 0)
Testing all collisions (low  128-bit) - Expected        0.0, actual          0  (1.000x) (^ 0)
Testing all collisions (high  64-bit) - Expected        0.0, actual          0  (1.000x) (^ 0)
Testing all collisions (low   64-bit) - Expected        0.0, actual          0  (1.000x) (^ 0)
Testing all collisions (high  45-bit) - Expected      109.6, actual        107  (0.976x) (^ 0)
Testing all collisions (low   45-bit) - Expected      109.6, actual        120  (1.095x) (^ 2)
Testing all collisions (high  32-bit) - Expected   891868.0, actual     892029  (1.000x) (^ 1)
Testing all collisions (low   32-bit) - Expected   891868.0, actual     892271  (1.000x) (^ 1)
Testing all collisions (high 22..48 bits) - Worst is 31 bits: 1772840/1771681   (1.001x) (^ 0)
Testing all collisions (low  22..48 bits) - Worst is 38 bits: 14294/14029       (1.019x) (^ 1)

Keyset 'Sparse' - 7-byte keys with up to 6 bits set - 36684859 keys
Testing all collisions (     256-bit) - Expected        0.0, actual          0  (1.000x) (^ 0)
Testing all collisions (high 224-bit) - Expected        0.0, actual          0  (1.000x) (^ 0)
Testing all collisions (low  224-bit) - Expected        0.0, actual          0  (1.000x) (^ 0)
Testing all collisions (high 160-bit) - Expected        0.0, actual          0  (1.000x) (^ 0)
Testing all collisions (low  160-bit) - Expected        0.0, actual          0  (1.000x) (^ 0)
Testing all collisions (high 128-bit) - Expected        0.0, actual          0  (1.000x) (^ 0)
Testing all collisions (low  128-bit) - Expected        0.0, actual          0  (1.000x) (^ 0)
Testing all collisions (high  64-bit) - Expected        0.0, actual          0  (1.000x) (^ 0)
Testing all collisions (low   64-bit) - Expected        0.0, actual          0  (1.000x) (^ 0)
Testing all collisions (high  42-bit) - Expected      153.0, actual        152  (0.993x) (^ 0)
Testing all collisions (low   42-bit) - Expected      153.0, actual        155  (1.013x) (^ 1)
Testing all collisions (high  32-bit) - Expected   156224.2, actual     156551  (1.002x) (^ 2)
Testing all collisions (low   32-bit) - Expected   156224.2, actual     156028  (0.999x) (^ 0)
Testing all collisions (high 21..45 bits) - Worst is 44 bits: 49/38             (1.281x) (^ 0)
Testing all collisions (low  21..45 bits) - Worst is 29 bits: 1227308/1225288   (1.002x) (^ 0)
---Analyzing differential distribution
Testing all collisions (     256-bit) - Expected        0.0, actual          0  (1.000x) (^ 0)
Testing all collisions (high 224-bit) - Expected        0.0, actual          0  (1.000x) (^ 0)
Testing all collisions (low  224-bit) - Expected        0.0, actual          0  (1.000x) (^ 0)
Testing all collisions (high 160-bit) - Expected        0.0, actual          0  (1.000x) (^ 0)
Testing all collisions (low  160-bit) - Expected        0.0, actual          0  (1.000x) (^ 0)
Testing all collisions (high 128-bit) - Expected        0.0, actual          0  (1.000x) (^ 0)
Testing all collisions (low  128-bit) - Expected        0.0, actual          0  (1.000x) (^ 0)
Testing all collisions (high  64-bit) - Expected        0.0, actual          0  (1.000x) (^ 0)
Testing all collisions (low   64-bit) - Expected        0.0, actual          0  (1.000x) (^ 0)
Testing all collisions (high  42-bit) - Expected      153.0, actual        137  (0.895x) (^ 0)
Testing all collisions (low   42-bit) - Expected      153.0, actual        150  (0.980x) (^ 0)
Testing all collisions (high  32-bit) - Expected   156224.2, actual     156951  (1.005x) (^ 4)
Testing all collisions (low   32-bit) - Expected   156224.2, actual     156228  (1.000x) (^ 1)
Testing all collisions (high 21..45 bits) - Worst is 31 bits: 312987/311562     (1.005x) (^ 2)
Testing all collisions (low  21..45 bits) - Worst is 24 bits: 21793759/21791712 (1.000x) (^ 0)

Keyset 'Sparse' - 8-byte keys with up to 6 bits set - 83278001 keys
Testing all collisions (     256-bit) - Expected        0.0, actual          0  (1.000x) (^ 0)
Testing all collisions (high 224-bit) - Expected        0.0, actual          0  (1.000x) (^ 0)
Testing all collisions (low  224-bit) - Expected        0.0, actual          0  (1.000x) (^ 0)
Testing all collisions (high 160-bit) - Expected        0.0, actual          0  (1.000x) (^ 0)
Testing all collisions (low  160-bit) - Expected        0.0, actual          0  (1.000x) (^ 0)
Testing all collisions (high 128-bit) - Expected        0.0, actual          0  (1.000x) (^ 0)
Testing all collisions (low  128-bit) - Expected        0.0, actual          0  (1.000x) (^ 0)
Testing all collisions (high  64-bit) - Expected        0.0, actual          0  (1.000x) (^ 0)
Testing all collisions (low   64-bit) - Expected        0.0, actual          0  (1.000x) (^ 0)
Testing all collisions (high  44-bit) - Expected      197.1, actual        191  (0.969x) (^ 0)
Testing all collisions (low   44-bit) - Expected      197.1, actual        205  (1.040x) (^ 1)
Testing all collisions (high  32-bit) - Expected   802173.5, actual     802377  (1.000x) (^ 1)
Testing all collisions (low   32-bit) - Expected   802173.5, actual     801293  (0.999x) (^ 0)
Testing all collisions (high 22..48 bits) - Worst is 39 bits: 6468/6307         (1.025x) (^ 1)
Testing all collisions (low  22..48 bits) - Worst is 48 bits: 19/12             (1.542x) (^ 0)
---Analyzing differential distribution
Testing all collisions (     256-bit) - Expected        0.0, actual          0  (1.000x) (^ 0)
Testing all collisions (high 224-bit) - Expected        0.0, actual          0  (1.000x) (^ 0)
Testing all collisions (low  224-bit) - Expected        0.0, actual          0  (1.000x) (^ 0)
Testing all collisions (high 160-bit) - Expected        0.0, actual          0  (1.000x) (^ 0)
Testing all collisions (low  160-bit) - Expected        0.0, actual          0  (1.000x) (^ 0)
Testing all collisions (high 128-bit) - Expected        0.0, actual          0  (1.000x) (^ 0)
Testing all collisions (low  128-bit) - Expected        0.0, actual          0  (1.000x) (^ 0)
Testing all collisions (high  64-bit) - Expected        0.0, actual          0  (1.000x) (^ 0)
Testing all collisions (low   64-bit) - Expected        0.0, actual          0  (1.000x) (^ 0)
Testing all collisions (high  44-bit) - Expected      197.1, actual        204  (1.035x) (^ 1)
Testing all collisions (low   44-bit) - Expected      197.1, actual        176  (0.893x) (^ 0)
Testing all collisions (high  32-bit) - Expected   802173.5, actual     803291  (1.001x) (^ 3)
Testing all collisions (low   32-bit) - Expected   802173.5, actual     802577  (1.001x) (^ 1)
Testing all collisions (high 22..48 bits) - Worst is 30 bits: 3152834/3147569   (1.002x) (^ 4)
Testing all collisions (low  22..48 bits) - Worst is 32 bits: 802577/802174     (1.001x) (^ 0)

Keyset 'Sparse' - 9-byte keys with up to 5 bits set - 15082603 keys
Testing all collisions (     256-bit) - Expected        0.0, actual          0  (1.000x) (^ 0)
Testing all collisions (high 224-bit) - Expected        0.0, actual          0  (1.000x) (^ 0)
Testing all collisions (low  224-bit) - Expected        0.0, actual          0  (1.000x) (^ 0)
Testing all collisions (high 160-bit) - Expected        0.0, actual          0  (1.000x) (^ 0)
Testing all collisions (low  160-bit) - Expected        0.0, actual          0  (1.000x) (^ 0)
Testing all collisions (high 128-bit) - Expected        0.0, actual          0  (1.000x) (^ 0)
Testing all collisions (low  128-bit) - Expected        0.0, actual          0  (1.000x) (^ 0)
Testing all collisions (high  64-bit) - Expected        0.0, actual          0  (1.000x) (^ 0)
Testing all collisions (low   64-bit) - Expected        0.0, actual          0  (1.000x) (^ 0)
Testing all collisions (high  40-bit) - Expected      103.4, actual        109  (1.054x) (^ 1)
Testing all collisions (low   40-bit) - Expected      103.4, actual        101  (0.976x) (^ 0)
Testing all collisions (high  32-bit) - Expected    26451.8, actual      26537  (1.003x) (^ 1)
Testing all collisions (low   32-bit) - Expected    26451.8, actual      26449  (1.000x) (^ 0)
Testing all collisions (high 20..43 bits) - Worst is 37 bits: 853/828           (1.031x) (^ 0)
Testing all collisions (low  20..43 bits) - Worst is 42 bits: 32/26             (1.237x) (^ 0)
---Analyzing differential distribution
Testing all collisions (     256-bit) - Expected        0.0, actual          0  (1.000x) (^ 0)
Testing all collisions (high 224-bit) - Expected        0.0, actual          0  (1.000x) (^ 0)
Testing all collisions (low  224-bit) - Expected        0.0, actual          0  (1.000x) (^ 0)
Testing all collisions (high 160-bit) - Expected        0.0, actual          0  (1.000x) (^ 0)
Testing all collisions (low  160-bit) - Expected        0.0, actual          0  (1.000x) (^ 0)
Testing all collisions (high 128-bit) - Expected        0.0, actual          0  (1.000x) (^ 0)
Testing all collisions (low  128-bit) - Expected        0.0, actual          0  (1.000x) (^ 0)
Testing all collisions (high  64-bit) - Expected        0.0, actual          0  (1.000x) (^ 0)
Testing all collisions (low   64-bit) - Expected        0.0, actual          0  (1.000x) (^ 0)
Testing all collisions (high  40-bit) - Expected      103.4, actual        101  (0.976x) (^ 0)
Testing all collisions (low   40-bit) - Expected      103.4, actual        105  (1.015x) (^ 1)
Testing all collisions (high  32-bit) - Expected    26451.8, actual      26435  (0.999x) (^ 0)
Testing all collisions (low   32-bit) - Expected    26451.8, actual      26259  (0.993x) (^ 0)
Testing all collisions (high 20..43 bits) - Worst is 42 bits: 33/26             (1.276x) (^ 0)
Testing all collisions (low  20..43 bits) - Worst is 41 bits: 64/52             (1.237x) (^ 0)

Keyset 'Sparse' - 12-byte keys with up to 5 bits set - 64593561 keys
Testing all collisions (     256-bit) - Expected        0.0, actual          0  (1.000x) (^ 0)
Testing all collisions (high 224-bit) - Expected        0.0, actual          0  (1.000x) (^ 0)
Testing all collisions (low  224-bit) - Expected        0.0, actual          0  (1.000x) (^ 0)
Testing all collisions (high 160-bit) - Expected        0.0, actual          0  (1.000x) (^ 0)
Testing all collisions (low  160-bit) - Expected        0.0, actual          0  (1.000x) (^ 0)
Testing all collisions (high 128-bit) - Expected        0.0, actual          0  (1.000x) (^ 0)
Testing all collisions (low  128-bit) - Expected        0.0, actual          0  (1.000x) (^ 0)
Testing all collisions (high  64-bit) - Expected        0.0, actual          0  (1.000x) (^ 0)
Testing all collisions (low   64-bit) - Expected        0.0, actual          0  (1.000x) (^ 0)
Testing all collisions (high  44-bit) - Expected      118.6, actual        109  (0.919x) (^ 0)
Testing all collisions (low   44-bit) - Expected      118.6, actual        110  (0.928x) (^ 0)
Testing all collisions (high  32-bit) - Expected   483297.1, actual     482917  (0.999x) (^ 0)
Testing all collisions (low   32-bit) - Expected   483297.1, actual     482958  (0.999x) (^ 0)
Testing all collisions (high 22..47 bits) - Worst is 34 bits: 121563/121279     (1.002x) (^ 0)
Testing all collisions (low  22..47 bits) - Worst is 28 bits: 7188579/7183975   (1.001x) (^ 0)
---Analyzing differential distribution
Testing all collisions (     256-bit) - Expected        0.0, actual          0  (1.000x) (^ 0)
Testing all collisions (high 224-bit) - Expected        0.0, actual          0  (1.000x) (^ 0)
Testing all collisions (low  224-bit) - Expected        0.0, actual          0  (1.000x) (^ 0)
Testing all collisions (high 160-bit) - Expected        0.0, actual          0  (1.000x) (^ 0)
Testing all collisions (low  160-bit) - Expected        0.0, actual          0  (1.000x) (^ 0)
Testing all collisions (high 128-bit) - Expected        0.0, actual          0  (1.000x) (^ 0)
Testing all collisions (low  128-bit) - Expected        0.0, actual          0  (1.000x) (^ 0)
Testing all collisions (high  64-bit) - Expected        0.0, actual          0  (1.000x) (^ 0)
Testing all collisions (low   64-bit) - Expected        0.0, actual          0  (1.000x) (^ 0)
Testing all collisions (high  44-bit) - Expected      118.6, actual        114  (0.961x) (^ 0)
Testing all collisions (low   44-bit) - Expected      118.6, actual        109  (0.919x) (^ 0)
Testing all collisions (high  32-bit) - Expected   483297.1, actual     483800  (1.001x) (^ 2)
Testing all collisions (low   32-bit) - Expected   483297.1, actual     483187  (1.000x) (^ 0)
Testing all collisions (high 22..47 bits) - Worst is 31 bits: 963843/961779     (1.002x) (^ 1)
Testing all collisions (low  22..47 bits) - Worst is 33 bits: 242533/242254     (1.001x) (^ 0)

Keyset 'Sparse' - 14-byte keys with up to 4 bits set - 6445069 keys
Testing all collisions (     256-bit) - Expected        0.0, actual          0  (1.000x) (^ 0)
Testing all collisions (high 224-bit) - Expected        0.0, actual          0  (1.000x) (^ 0)
Testing all collisions (low  224-bit) - Expected        0.0, actual          0  (1.000x) (^ 0)
Testing all collisions (high 160-bit) - Expected        0.0, actual          0  (1.000x) (^ 0)
Testing all collisions (low  160-bit) - Expected        0.0, actual          0  (1.000x) (^ 0)
Testing all collisions (high 128-bit) - Expected        0.0, actual          0  (1.000x) (^ 0)
Testing all collisions (low  128-bit) - Expected        0.0, actual          0  (1.000x) (^ 0)
Testing all collisions (high  64-bit) - Expected        0.0, actual          0  (1.000x) (^ 0)
Testing all collisions (low   64-bit) - Expected        0.0, actual          0  (1.000x) (^ 0)
Testing all collisions (high  37-bit) - Expected      151.1, actual        139  (0.920x) (^ 0)
Testing all collisions (low   37-bit) - Expected      151.1, actual        152  (1.006x) (^ 1)
Testing all collisions (high  32-bit) - Expected     4833.3, actual       4941  (1.022x) (^ 4)
Testing all collisions (low   32-bit) - Expected     4833.3, actual       4797  (0.992x) (^ 0)
Testing all collisions (high 18..40 bits) - Worst is 32 bits: 4941/4833         (1.022x) (^ 0)
Testing all collisions (low  18..40 bits) - Worst is 27 bits: 152617/152297     (1.002x) (^ 0)
---Analyzing differential distribution
Testing all collisions (     256-bit) - Expected        0.0, actual          0  (1.000x) (^ 0)
Testing all collisions (high 224-bit) - Expected        0.0, actual          0  (1.000x) (^ 0)
Testing all collisions (low  224-bit) - Expected        0.0, actual          0  (1.000x) (^ 0)
Testing all collisions (high 160-bit) - Expected        0.0, actual          0  (1.000x) (^ 0)
Testing all collisions (low  160-bit) - Expected        0.0, actual          0  (1.000x) (^ 0)
Testing all collisions (high 128-bit) - Expected        0.0, actual          0  (1.000x) (^ 0)
Testing all collisions (low  128-bit) - Expected        0.0, actual          0  (1.000x) (^ 0)
Testing all collisions (high  64-bit) - Expected        0.0, actual          0  (1.000x) (^ 0)
Testing all collisions (low   64-bit) - Expected        0.0, actual          0  (1.000x) (^ 0)
Testing all collisions (high  37-bit) - Expected      151.1, actual        149  (0.986x) (^ 0)
Testing all collisions (low   37-bit) - Expected      151.1, actual        149  (0.986x) (^ 0)
Testing all collisions (high  32-bit) - Expected     4833.3, actual       4833  (1.000x) (^ 0)
Testing all collisions (low   32-bit) - Expected     4833.3, actual       4743  (0.981x) (^ 0)
Testing all collisions (high 18..40 bits) - Worst is 39 bits: 48/38             (1.271x) (^ 0)
Testing all collisions (low  18..40 bits) - Worst is 39 bits: 46/38             (1.218x) (^ 0)

Keyset 'Sparse' - 16-byte keys with up to 4 bits set - 11017633 keys
Testing all collisions (     256-bit) - Expected        0.0, actual          0  (1.000x) (^ 0)
Testing all collisions (high 224-bit) - Expected        0.0, actual          0  (1.000x) (^ 0)
Testing all collisions (low  224-bit) - Expected        0.0, actual          0  (1.000x) (^ 0)
Testing all collisions (high 160-bit) - Expected        0.0, actual          0  (1.000x) (^ 0)
Testing all collisions (low  160-bit) - Expected        0.0, actual          0  (1.000x) (^ 0)
Testing all collisions (high 128-bit) - Expected        0.0, actual          0  (1.000x) (^ 0)
Testing all collisions (low  128-bit) - Expected        0.0, actual          0  (1.000x) (^ 0)
Testing all collisions (high  64-bit) - Expected        0.0, actual          0  (1.000x) (^ 0)
Testing all collisions (low   64-bit) - Expected        0.0, actual          0  (1.000x) (^ 0)
Testing all collisions (high  39-bit) - Expected      110.4, actual        109  (0.987x) (^ 0)
Testing all collisions (low   39-bit) - Expected      110.4, actual        114  (1.033x) (^ 1)
Testing all collisions (high  32-bit) - Expected    14119.4, actual      14231  (1.008x) (^ 2)
Testing all collisions (low   32-bit) - Expected    14119.4, actual      14146  (1.002x) (^ 1)
Testing all collisions (high 19..42 bits) - Worst is 30 bits: 56921/56333       (1.010x) (^ 2)
Testing all collisions (low  19..42 bits) - Worst is 27 bits: 441415/440083     (1.003x) (^ 1)
---Analyzing differential distribution
Testing all collisions (     256-bit) - Expected        0.0, actual          0  (1.000x) (^ 0)
Testing all collisions (high 224-bit) - Expected        0.0, actual          0  (1.000x) (^ 0)
Testing all collisions (low  224-bit) - Expected        0.0, actual          0  (1.000x) (^ 0)
Testing all collisions (high 160-bit) - Expected        0.0, actual          0  (1.000x) (^ 0)
Testing all collisions (low  160-bit) - Expected        0.0, actual          0  (1.000x) (^ 0)
Testing all collisions (high 128-bit) - Expected        0.0, actual          0  (1.000x) (^ 0)
Testing all collisions (low  128-bit) - Expected        0.0, actual          0  (1.000x) (^ 0)
Testing all collisions (high  64-bit) - Expected        0.0, actual          0  (1.000x) (^ 0)
Testing all collisions (low   64-bit) - Expected        0.0, actual          0  (1.000x) (^ 0)
Testing all collisions (high  39-bit) - Expected      110.4, actual        136  (1.232x) (^ 6)
Testing all collisions (low   39-bit) - Expected      110.4, actual        102  (0.924x) (^ 0)
Testing all collisions (high  32-bit) - Expected    14119.4, actual      14173  (1.004x) (^ 1)
Testing all collisions (low   32-bit) - Expected    14119.4, actual      14038  (0.994x) (^ 0)
Testing all collisions (high 19..42 bits) - Worst is 40 bits: 76/55             (1.377x) (^ 3)
Testing all collisions (low  19..42 bits) - Worst is 22 bits: 7126751/7126614   (1.000x) (^ 0)

Keyset 'Sparse' - 18-byte keys with up to 4 bits set - 17676661 keys
Testing all collisions (     256-bit) - Expected        0.0, actual          0  (1.000x) (^ 0)
Testing all collisions (high 224-bit) - Expected        0.0, actual          0  (1.000x) (^ 0)
Testing all collisions (low  224-bit) - Expected        0.0, actual          0  (1.000x) (^ 0)
Testing all collisions (high 160-bit) - Expected        0.0, actual          0  (1.000x) (^ 0)
Testing all collisions (low  160-bit) - Expected        0.0, actual          0  (1.000x) (^ 0)
Testing all collisions (high 128-bit) - Expected        0.0, actual          0  (1.000x) (^ 0)
Testing all collisions (low  128-bit) - Expected        0.0, actual          0  (1.000x) (^ 0)
Testing all collisions (high  64-bit) - Expected        0.0, actual          0  (1.000x) (^ 0)
Testing all collisions (low   64-bit) - Expected        0.0, actual          0  (1.000x) (^ 0)
Testing all collisions (high  40-bit) - Expected      142.1, actual        141  (0.992x) (^ 0)
Testing all collisions (low   40-bit) - Expected      142.1, actual        135  (0.950x) (^ 0)
Testing all collisions (high  32-bit) - Expected    36325.8, actual      36070  (0.993x) (^ 0)
Testing all collisions (low   32-bit) - Expected    36325.8, actual      36589  (1.007x) (^ 3)
Testing all collisions (high 20..43 bits) - Worst is 25 bits: 3936990/3935727   (1.000x) (^ 0)
Testing all collisions (low  20..43 bits) - Worst is 30 bits: 145596/144707     (1.006x) (^ 2)
---Analyzing differential distribution
Testing all collisions (     256-bit) - Expected        0.0, actual          0  (1.000x) (^ 0)
Testing all collisions (high 224-bit) - Expected        0.0, actual          0  (1.000x) (^ 0)
Testing all collisions (low  224-bit) - Expected        0.0, actual          0  (1.000x) (^ 0)
Testing all collisions (high 160-bit) - Expected        0.0, actual          0  (1.000x) (^ 0)
Testing all collisions (low  160-bit) - Expected        0.0, actual          0  (1.000x) (^ 0)
Testing all collisions (high 128-bit) - Expected        0.0, actual          0  (1.000x) (^ 0)
Testing all collisions (low  128-bit) - Expected        0.0, actual          0  (1.000x) (^ 0)
Testing all collisions (high  64-bit) - Expected        0.0, actual          0  (1.000x) (^ 0)
Testing all collisions (low   64-bit) - Expected        0.0, actual          0  (1.000x) (^ 0)
Testing all collisions (high  40-bit) - Expected      142.1, actual        121  (0.852x) (^ 0)
Testing all collisions (low   40-bit) - Expected      142.1, actual        162  (1.140x) (^ 4)
Testing all collisions (high  32-bit) - Expected    36325.8, actual      36030  (0.992x) (^ 0)
Testing all collisions (low   32-bit) - Expected    36325.8, actual      36494  (1.005x) (^ 2)
Testing all collisions (high 20..43 bits) - Worst is 36 bits: 2321/2273         (1.021x) (^ 0)
Testing all collisions (low  20..43 bits) - Worst is 39 bits: 314/284           (1.105x) (^ 0)

Keyset 'Sparse' - 24-byte keys with up to 4 bits set - 56050289 keys
Testing all collisions (     256-bit) - Expected        0.0, actual          0  (1.000x) (^ 0)
Testing all collisions (high 224-bit) - Expected        0.0, actual          0  (1.000x) (^ 0)
Testing all collisions (low  224-bit) - Expected        0.0, actual          0  (1.000x) (^ 0)
Testing all collisions (high 160-bit) - Expected        0.0, actual          0  (1.000x) (^ 0)
Testing all collisions (low  160-bit) - Expected        0.0, actual          0  (1.000x) (^ 0)
Testing all collisions (high 128-bit) - Expected        0.0, actual          0  (1.000x) (^ 0)
Testing all collisions (low  128-bit) - Expected        0.0, actual          0  (1.000x) (^ 0)
Testing all collisions (high  64-bit) - Expected        0.0, actual          0  (1.000x) (^ 0)
Testing all collisions (low   64-bit) - Expected        0.0, actual          0  (1.000x) (^ 0)
Testing all collisions (high  43-bit) - Expected      178.6, actual        173  (0.969x) (^ 0)
Testing all collisions (low   43-bit) - Expected      178.6, actual        175  (0.980x) (^ 0)
Testing all collisions (high  32-bit) - Expected   364148.6, actual     364819  (1.002x) (^ 2)
Testing all collisions (low   32-bit) - Expected   364148.6, actual     364244  (1.000x) (^ 1)
Testing all collisions (high 21..47 bits) - Worst is 34 bits: 91953/91334       (1.007x) (^ 1)
Testing all collisions (low  21..47 bits) - Worst is 26 bits: 18053691/18052007 (1.000x) (^ 0)
---Analyzing differential distribution
Testing all collisions (     256-bit) - Expected        0.0, actual          0  (1.000x) (^ 0)
Testing all collisions (high 224-bit) - Expected        0.0, actual          0  (1.000x) (^ 0)
Testing all collisions (low  224-bit) - Expected        0.0, actual          0  (1.000x) (^ 0)
Testing all collisions (high 160-bit) - Expected        0.0, actual          0  (1.000x) (^ 0)
Testing all collisions (low  160-bit) - Expected        0.0, actual          0  (1.000x) (^ 0)
Testing all collisions (high 128-bit) - Expected        0.0, actual          0  (1.000x) (^ 0)
Testing all collisions (low  128-bit) - Expected        0.0, actual          0  (1.000x) (^ 0)
Testing all collisions (high  64-bit) - Expected        0.0, actual          0  (1.000x) (^ 0)
Testing all collisions (low   64-bit) - Expected        0.0, actual          0  (1.000x) (^ 0)
Testing all collisions (high  43-bit) - Expected      178.6, actual        180  (1.008x) (^ 1)
Testing all collisions (low   43-bit) - Expected      178.6, actual        188  (1.053x) (^ 1)
Testing all collisions (high  32-bit) - Expected   364148.6, actual     365670  (1.004x) (^ 7)
Testing all collisions (low   32-bit) - Expected   364148.6, actual     364574  (1.001x) (^ 2)
Testing all collisions (high 21..47 bits) - Worst is 32 bits: 365670/364149     (1.004x) (^ 2)
Testing all collisions (low  21..47 bits) - Worst is 32 bits: 364574/364149     (1.001x) (^ 0)

Keyset 'Sparse' - 26-byte keys with up to 4 bits set - 77260613 keys
Testing all collisions (     256-bit) - Expected        0.0, actual          0  (1.000x) (^ 0)
Testing all collisions (high 224-bit) - Expected        0.0, actual          0  (1.000x) (^ 0)
Testing all collisions (low  224-bit) - Expected        0.0, actual          0  (1.000x) (^ 0)
Testing all collisions (high 160-bit) - Expected        0.0, actual          0  (1.000x) (^ 0)
Testing all collisions (low  160-bit) - Expected        0.0, actual          0  (1.000x) (^ 0)
Testing all collisions (high 128-bit) - Expected        0.0, actual          0  (1.000x) (^ 0)
Testing all collisions (low  128-bit) - Expected        0.0, actual          0  (1.000x) (^ 0)
Testing all collisions (high  64-bit) - Expected        0.0, actual          0  (1.000x) (^ 0)
Testing all collisions (low   64-bit) - Expected        0.0, actual          0  (1.000x) (^ 0)
Testing all collisions (high  44-bit) - Expected      169.7, actual        150  (0.884x) (^ 0)
Testing all collisions (low   44-bit) - Expected      169.7, actual        184  (1.085x) (^ 2)
Testing all collisions (high  32-bit) - Expected   690758.5, actual     691309  (1.001x) (^ 1)
Testing all collisions (low   32-bit) - Expected   690758.5, actual     690155  (0.999x) (^ 0)
Testing all collisions (high 22..48 bits) - Worst is 30 bits: 2715656/2714140   (1.001x) (^ 0)
Testing all collisions (low  22..48 bits) - Worst is 42 bits: 728/679           (1.073x) (^ 0)
---Analyzing differential distribution
Testing all collisions (     256-bit) - Expected        0.0, actual          0  (1.000x) (^ 0)
Testing all collisions (high 224-bit) - Expected        0.0, actual          0  (1.000x) (^ 0)
Testing all collisions (low  224-bit) - Expected        0.0, actual          0  (1.000x) (^ 0)
Testing all collisions (high 160-bit) - Expected        0.0, actual          0  (1.000x) (^ 0)
Testing all collisions (low  160-bit) - Expected        0.0, actual          0  (1.000x) (^ 0)
Testing all collisions (high 128-bit) - Expected        0.0, actual          0  (1.000x) (^ 0)
Testing all collisions (low  128-bit) - Expected        0.0, actual          0  (1.000x) (^ 0)
Testing all collisions (high  64-bit) - Expected        0.0, actual          0  (1.000x) (^ 0)
Testing all collisions (low   64-bit) - Expected        0.0, actual          0  (1.000x) (^ 0)
Testing all collisions (high  44-bit) - Expected      169.7, actual        154  (0.908x) (^ 0)
Testing all collisions (low   44-bit) - Expected      169.7, actual        178  (1.049x) (^ 1)
Testing all collisions (high  32-bit) - Expected   690758.5, actual     691006  (1.000x) (^ 1)
Testing all collisions (low   32-bit) - Expected   690758.5, actual     691154  (1.001x) (^ 1)
Testing all collisions (high 22..48 bits) - Worst is 34 bits: 174175/173467     (1.004x) (^ 0)
Testing all collisions (low  22..48 bits) - Worst is 45 bits: 95/85             (1.120x) (^ 0)

Keyset 'Sparse' - 32-byte keys with up to 3 bits set - 2796417 keys
Testing all collisions (     256-bit) - Expected        0.0, actual          0  (1.000x) (^ 0)
Testing all collisions (high 224-bit) - Expected        0.0, actual          0  (1.000x) (^ 0)
Testing all collisions (low  224-bit) - Expected        0.0, actual          0  (1.000x) (^ 0)
Testing all collisions (high 160-bit) - Expected        0.0, actual          0  (1.000x) (^ 0)
Testing all collisions (low  160-bit) - Expected        0.0, actual          0  (1.000x) (^ 0)
Testing all collisions (high 128-bit) - Expected        0.0, actual          0  (1.000x) (^ 0)
Testing all collisions (low  128-bit) - Expected        0.0, actual          0  (1.000x) (^ 0)
Testing all collisions (high  64-bit) - Expected        0.0, actual          0  (1.000x) (^ 0)
Testing all collisions (low   64-bit) - Expected        0.0, actual          0  (1.000x) (^ 0)
Testing all collisions (high  35-bit) - Expected      113.8, actual         93  (0.817x) (^ 0)
Testing all collisions (low   35-bit) - Expected      113.8, actual        125  (1.098x) (^ 2)
Testing all collisions (high  32-bit) - Expected      910.2, actual        845  (0.928x) (^ 0)
Testing all collisions (low   32-bit) - Expected      910.2, actual        930  (1.022x) (^ 1)
Testing all collisions (high 17..38 bits) - Worst is 19 bits: 2274678/2274659   (1.000x) (^ 0)
Testing all collisions (low  17..38 bits) - Worst is 31 bits: 1872/1820         (1.029x) (^ 0)
---Analyzing differential distribution
Testing all collisions (     256-bit) - Expected        0.0, actual          0  (1.000x) (^ 0)
Testing all collisions (high 224-bit) - Expected        0.0, actual          0  (1.000x) (^ 0)
Testing all collisions (low  224-bit) - Expected        0.0, actual          0  (1.000x) (^ 0)
Testing all collisions (high 160-bit) - Expected        0.0, actual          0  (1.000x) (^ 0)
Testing all collisions (low  160-bit) - Expected        0.0, actual          0  (1.000x) (^ 0)
Testing all collisions (high 128-bit) - Expected        0.0, actual          0  (1.000x) (^ 0)
Testing all collisions (low  128-bit) - Expected        0.0, actual          0  (1.000x) (^ 0)
Testing all collisions (high  64-bit) - Expected        0.0, actual          0  (1.000x) (^ 0)
Testing all collisions (low   64-bit) - Expected        0.0, actual          0  (1.000x) (^ 0)
Testing all collisions (high  35-bit) - Expected      113.8, actual        116  (1.019x) (^ 1)
Testing all collisions (low   35-bit) - Expected      113.8, actual        115  (1.011x) (^ 1)
Testing all collisions (high  32-bit) - Expected      910.2, actual        925  (1.016x) (^ 1)
Testing all collisions (low   32-bit) - Expected      910.2, actual        920  (1.011x) (^ 1)
Testing all collisions (high 17..38 bits) - Worst is 26 bits: 57988/57462       (1.009x) (^ 1)
Testing all collisions (low  17..38 bits) - Worst is 30 bits: 3729/3638         (1.025x) (^ 0)

Keyset 'Sparse' - 48-byte keys with up to 3 bits set - 9437505 keys
Testing all collisions (     256-bit) - Expected        0.0, actual          0  (1.000x) (^ 0)
Testing all collisions (high 224-bit) - Expected        0.0, actual          0  (1.000x) (^ 0)
Testing all collisions (low  224-bit) - Expected        0.0, actual          0  (1.000x) (^ 0)
Testing all collisions (high 160-bit) - Expected        0.0, actual          0  (1.000x) (^ 0)
Testing all collisions (low  160-bit) - Expected        0.0, actual          0  (1.000x) (^ 0)
Testing all collisions (high 128-bit) - Expected        0.0, actual          0  (1.000x) (^ 0)
Testing all collisions (low  128-bit) - Expected        0.0, actual          0  (1.000x) (^ 0)
Testing all collisions (high  64-bit) - Expected        0.0, actual          0  (1.000x) (^ 0)
Testing all collisions (low   64-bit) - Expected        0.0, actual          0  (1.000x) (^ 0)
Testing all collisions (high  38-bit) - Expected      162.0, actual        165  (1.018x) (^ 1)
Testing all collisions (low   38-bit) - Expected      162.0, actual        149  (0.920x) (^ 0)
Testing all collisions (high  32-bit) - Expected    10361.1, actual      10459  (1.009x) (^ 2)
Testing all collisions (low   32-bit) - Expected    10361.1, actual      10317  (0.996x) (^ 0)
Testing all collisions (high 19..42 bits) - Worst is 33 bits: 5274/5182         (1.018x) (^ 0)
Testing all collisions (low  19..42 bits) - Worst is 29 bits: 82953/82466       (1.006x) (^ 0)
---Analyzing differential distribution
Testing all collisions (     256-bit) - Expected        0.0, actual          0  (1.000x) (^ 0)
Testing all collisions (high 224-bit) - Expected        0.0, actual          0  (1.000x) (^ 0)
Testing all collisions (low  224-bit) - Expected        0.0, actual          0  (1.000x) (^ 0)
Testing all collisions (high 160-bit) - Expected        0.0, actual          0  (1.000x) (^ 0)
Testing all collisions (low  160-bit) - Expected        0.0, actual          0  (1.000x) (^ 0)
Testing all collisions (high 128-bit) - Expected        0.0, actual          0  (1.000x) (^ 0)
Testing all collisions (low  128-bit) - Expected        0.0, actual          0  (1.000x) (^ 0)
Testing all collisions (high  64-bit) - Expected        0.0, actual          0  (1.000x) (^ 0)
Testing all collisions (low   64-bit) - Expected        0.0, actual          0  (1.000x) (^ 0)
Testing all collisions (high  38-bit) - Expected      162.0, actual        178  (1.099x) (^ 3)
Testing all collisions (low   38-bit) - Expected      162.0, actual        168  (1.037x) (^ 1)
Testing all collisions (high  32-bit) - Expected    10361.1, actual      10302  (0.994x) (^ 0)
Testing all collisions (low   32-bit) - Expected    10361.1, actual      10368  (1.001x) (^ 1)
Testing all collisions (high 19..42 bits) - Worst is 30 bits: 41640/41354       (1.007x) (^ 0)
Testing all collisions (low  19..42 bits) - Worst is 35 bits: 1316/1296         (1.015x) (^ 0)

Keyset 'Sparse' - 64-byte keys with up to 3 bits set - 22370049 keys
Testing all collisions (     256-bit) - Expected        0.0, actual          0  (1.000x) (^ 0)
Testing all collisions (high 224-bit) - Expected        0.0, actual          0  (1.000x) (^ 0)
Testing all collisions (low  224-bit) - Expected        0.0, actual          0  (1.000x) (^ 0)
Testing all collisions (high 160-bit) - Expected        0.0, actual          0  (1.000x) (^ 0)
Testing all collisions (low  160-bit) - Expected        0.0, actual          0  (1.000x) (^ 0)
Testing all collisions (high 128-bit) - Expected        0.0, actual          0  (1.000x) (^ 0)
Testing all collisions (low  128-bit) - Expected        0.0, actual          0  (1.000x) (^ 0)
Testing all collisions (high  64-bit) - Expected        0.0, actual          0  (1.000x) (^ 0)
Testing all collisions (low   64-bit) - Expected        0.0, actual          0  (1.000x) (^ 0)
Testing all collisions (high  41-bit) - Expected      113.8, actual        104  (0.914x) (^ 0)
Testing all collisions (low   41-bit) - Expected      113.8, actual        108  (0.949x) (^ 0)
Testing all collisions (high  32-bit) - Expected    58155.4, actual      58269  (1.002x) (^ 1)
Testing all collisions (low   32-bit) - Expected    58155.4, actual      58212  (1.001x) (^ 1)
Testing all collisions (high 20..44 bits) - Worst is 27 bits: 1766874/1764813   (1.001x) (^ 0)
Testing all collisions (low  20..44 bits) - Worst is 34 bits: 14791/14558       (1.016x) (^ 1)
---Analyzing differential distribution
Testing all collisions (     256-bit) - Expected        0.0, actual          0  (1.000x) (^ 0)
Testing all collisions (high 224-bit) - Expected        0.0, actual          0  (1.000x) (^ 0)
Testing all collisions (low  224-bit) - Expected        0.0, actual          0  (1.000x) (^ 0)
Testing all collisions (high 160-bit) - Expected        0.0, actual          0  (1.000x) (^ 0)
Testing all collisions (low  160-bit) - Expected        0.0, actual          0  (1.000x) (^ 0)
Testing all collisions (high 128-bit) - Expected        0.0, actual          0  (1.000x) (^ 0)
Testing all collisions (low  128-bit) - Expected        0.0, actual          0  (1.000x) (^ 0)
Testing all collisions (high  64-bit) - Expected        0.0, actual          0  (1.000x) (^ 0)
Testing all collisions (low   64-bit) - Expected        0.0, actual          0  (1.000x) (^ 0)
Testing all collisions (high  41-bit) - Expected      113.8, actual        117  (1.028x) (^ 1)
Testing all collisions (low   41-bit) - Expected      113.8, actual        111  (0.976x) (^ 0)
Testing all collisions (high  32-bit) - Expected    58155.4, actual      57947  (0.996x) (^ 0)
Testing all collisions (low   32-bit) - Expected    58155.4, actual      58288  (1.002x) (^ 1)
Testing all collisions (high 20..44 bits) - Worst is 40 bits: 250/228           (1.099x) (^ 0)
Testing all collisions (low  20..44 bits) - Worst is 34 bits: 14765/14558       (1.014x) (^ 0)

Keyset 'Sparse' - 96-byte keys with up to 3 bits set - 75498113 keys
Testing all collisions (     256-bit) - Expected        0.0, actual          0  (1.000x) (^ 0)
Testing all collisions (high 224-bit) - Expected        0.0, actual          0  (1.000x) (^ 0)
Testing all collisions (low  224-bit) - Expected        0.0, actual          0  (1.000x) (^ 0)
Testing all collisions (high 160-bit) - Expected        0.0, actual          0  (1.000x) (^ 0)
Testing all collisions (low  160-bit) - Expected        0.0, actual          0  (1.000x) (^ 0)
Testing all collisions (high 128-bit) - Expected        0.0, actual          0  (1.000x) (^ 0)
Testing all collisions (low  128-bit) - Expected        0.0, actual          0  (1.000x) (^ 0)
Testing all collisions (high  64-bit) - Expected        0.0, actual          0  (1.000x) (^ 0)
Testing all collisions (low   64-bit) - Expected        0.0, actual          0  (1.000x) (^ 0)
Testing all collisions (high  44-bit) - Expected      162.0, actual        172  (1.062x) (^ 2)
Testing all collisions (low   44-bit) - Expected      162.0, actual        174  (1.074x) (^ 2)
Testing all collisions (high  32-bit) - Expected   659692.2, actual     660857  (1.002x) (^ 3)
Testing all collisions (low   32-bit) - Expected   659692.2, actual     659918  (1.000x) (^ 1)
Testing all collisions (high 22..48 bits) - Worst is 45 bits: 100/81            (1.235x) (^ 1)
Testing all collisions (low  22..48 bits) - Worst is 44 bits: 174/162           (1.074x) (^ 0)
---Analyzing differential distribution
Testing all collisions (     256-bit) - Expected        0.0, actual          0  (1.000x) (^ 0)
Testing all collisions (high 224-bit) - Expected        0.0, actual          0  (1.000x) (^ 0)
Testing all collisions (low  224-bit) - Expected        0.0, actual          0  (1.000x) (^ 0)
Testing all collisions (high 160-bit) - Expected        0.0, actual          0  (1.000x) (^ 0)
Testing all collisions (low  160-bit) - Expected        0.0, actual          0  (1.000x) (^ 0)
Testing all collisions (high 128-bit) - Expected        0.0, actual          0  (1.000x) (^ 0)
Testing all collisions (low  128-bit) - Expected        0.0, actual          0  (1.000x) (^ 0)
Testing all collisions (high  64-bit) - Expected        0.0, actual          0  (1.000x) (^ 0)
Testing all collisions (low   64-bit) - Expected        0.0, actual          0  (1.000x) (^ 0)
Testing all collisions (high  44-bit) - Expected      162.0, actual        176  (1.086x) (^ 2)
Testing all collisions (low   44-bit) - Expected      162.0, actual        173  (1.068x) (^ 2)
Testing all collisions (high  32-bit) - Expected   659692.2, actual     660086  (1.001x) (^ 1)
Testing all collisions (low   32-bit) - Expected   659692.2, actual     658360  (0.998x) (^ 0)
Testing all collisions (high 22..48 bits) - Worst is 31 bits: 1313215/1311710   (1.001x) (^ 0)
Testing all collisions (low  22..48 bits) - Worst is 30 bits: 2595017/2593122   (1.001x) (^ 0)

Keyset 'Sparse' - 128-byte keys with up to 2 bits set - 524801 keys
Testing all collisions (     256-bit) - Expected        0.0, actual          0  (1.000x) (^ 0)
Testing all collisions (high 224-bit) - Expected        0.0, actual          0  (1.000x) (^ 0)
Testing all collisions (low  224-bit) - Expected        0.0, actual          0  (1.000x) (^ 0)
Testing all collisions (high 160-bit) - Expected        0.0, actual          0  (1.000x) (^ 0)
Testing all collisions (low  160-bit) - Expected        0.0, actual          0  (1.000x) (^ 0)
Testing all collisions (high 128-bit) - Expected        0.0, actual          0  (1.000x) (^ 0)
Testing all collisions (low  128-bit) - Expected        0.0, actual          0  (1.000x) (^ 0)
Testing all collisions (high  64-bit) - Expected        0.0, actual          0  (1.000x) (^ 0)
Testing all collisions (low   64-bit) - Expected        0.0, actual          0  (1.000x) (^ 0)
Testing all collisions (high  32-bit) - Expected       32.1, actual         40  (1.248x) (^ 3)
Testing all collisions (low   32-bit) - Expected       32.1, actual         28  (0.873x) (^ 0)
Testing all collisions (high  30-bit) - Expected      128.2, actual        134  (1.045x) (^ 1)
Testing all collisions (low   30-bit) - Expected      128.2, actual        126  (0.983x) (^ 0)
Testing all collisions (high 15..33 bits) - Worst is 20 bits: 112383/111907     (1.004x) (^ 0)
Testing all collisions (low  15..33 bits) - Worst is 18 bits: 298160/298065     (1.000x) (^ 0)
---Analyzing differential distribution
Testing all collisions (     256-bit) - Expected        0.0, actual          0  (1.000x) (^ 0)
Testing all collisions (high 224-bit) - Expected        0.0, actual          0  (1.000x) (^ 0)
Testing all collisions (low  224-bit) - Expected        0.0, actual          0  (1.000x) (^ 0)
Testing all collisions (high 160-bit) - Expected        0.0, actual          0  (1.000x) (^ 0)
Testing all collisions (low  160-bit) - Expected        0.0, actual          0  (1.000x) (^ 0)
Testing all collisions (high 128-bit) - Expected        0.0, actual          0  (1.000x) (^ 0)
Testing all collisions (low  128-bit) - Expected        0.0, actual          0  (1.000x) (^ 0)
Testing all collisions (high  64-bit) - Expected        0.0, actual          0  (1.000x) (^ 0)
Testing all collisions (low   64-bit) - Expected        0.0, actual          0  (1.000x) (^ 0)
Testing all collisions (high  32-bit) - Expected       32.1, actual         34  (1.060x) (^ 1)
Testing all collisions (low   32-bit) - Expected       32.1, actual         33  (1.029x) (^ 1)
Testing all collisions (high  30-bit) - Expected      128.2, actual        142  (1.107x) (^ 3)
Testing all collisions (low   30-bit) - Expected      128.2, actual        133  (1.037x) (^ 1)
Testing all collisions (high 15..33 bits) - Worst is 28 bits: 554/513           (1.081x) (^ 0)
Testing all collisions (low  15..33 bits) - Worst is 28 bits: 538/513           (1.049x) (^ 0)

Keyset 'Sparse' - 256-byte keys with up to 2 bits set - 2098177 keys
Testing all collisions (     256-bit) - Expected        0.0, actual          0  (1.000x) (^ 0)
Testing all collisions (high 224-bit) - Expected        0.0, actual          0  (1.000x) (^ 0)
Testing all collisions (low  224-bit) - Expected        0.0, actual          0  (1.000x) (^ 0)
Testing all collisions (high 160-bit) - Expected        0.0, actual          0  (1.000x) (^ 0)
Testing all collisions (low  160-bit) - Expected        0.0, actual          0  (1.000x) (^ 0)
Testing all collisions (high 128-bit) - Expected        0.0, actual          0  (1.000x) (^ 0)
Testing all collisions (low  128-bit) - Expected        0.0, actual          0  (1.000x) (^ 0)
Testing all collisions (high  64-bit) - Expected        0.0, actual          0  (1.000x) (^ 0)
Testing all collisions (low   64-bit) - Expected        0.0, actual          0  (1.000x) (^ 0)
Testing all collisions (high  34-bit) - Expected      128.1, actual        123  (0.960x) (^ 0)
Testing all collisions (low   34-bit) - Expected      128.1, actual        133  (1.038x) (^ 1)
Testing all collisions (high  32-bit) - Expected      512.4, actual        511  (0.997x) (^ 0)
Testing all collisions (low   32-bit) - Expected      512.4, actual        497  (0.970x) (^ 0)
Testing all collisions (high 17..37 bits) - Worst is 36 bits: 40/32             (1.249x) (^ 0)
Testing all collisions (low  17..37 bits) - Worst is 26 bits: 32784/32461       (1.010x) (^ 0)
---Analyzing differential distribution
Testing all collisions (     256-bit) - Expected        0.0, actual          0  (1.000x) (^ 0)
Testing all collisions (high 224-bit) - Expected        0.0, actual          0  (1.000x) (^ 0)
Testing all collisions (low  224-bit) - Expected        0.0, actual          0  (1.000x) (^ 0)
Testing all collisions (high 160-bit) - Expected        0.0, actual          0  (1.000x) (^ 0)
Testing all collisions (low  160-bit) - Expected        0.0, actual          0  (1.000x) (^ 0)
Testing all collisions (high 128-bit) - Expected        0.0, actual          0  (1.000x) (^ 0)
Testing all collisions (low  128-bit) - Expected        0.0, actual          0  (1.000x) (^ 0)
Testing all collisions (high  64-bit) - Expected        0.0, actual          0  (1.000x) (^ 0)
Testing all collisions (low   64-bit) - Expected        0.0, actual          0  (1.000x) (^ 0)
Testing all collisions (high  34-bit) - Expected      128.1, actual        148  (1.155x) (^ 4)
Testing all collisions (low   34-bit) - Expected      128.1, actual        115  (0.898x) (^ 0)
Testing all collisions (high  32-bit) - Expected      512.4, actual        543  (1.060x) (^ 3)
Testing all collisions (low   32-bit) - Expected      512.4, actual        474  (0.925x) (^ 0)
Testing all collisions (high 17..37 bits) - Worst is 23 bits: 242698/241825     (1.004x) (^ 0)
Testing all collisions (low  17..37 bits) - Worst is 36 bits: 38/32             (1.186x) (^ 0)

Keyset 'Sparse' - 512-byte keys with up to 2 bits set - 8390657 keys
Testing all collisions (     256-bit) - Expected        0.0, actual          0  (1.000x) (^ 0)
Testing all collisions (high 224-bit) - Expected        0.0, actual          0  (1.000x) (^ 0)
Testing all collisions (low  224-bit) - Expected        0.0, actual          0  (1.000x) (^ 0)
Testing all collisions (high 160-bit) - Expected        0.0, actual          0  (1.000x) (^ 0)
Testing all collisions (low  160-bit) - Expected        0.0, actual          0  (1.000x) (^ 0)
Testing all collisions (high 128-bit) - Expected        0.0, actual          0  (1.000x) (^ 0)
Testing all collisions (low  128-bit) - Expected        0.0, actual          0  (1.000x) (^ 0)
Testing all collisions (high  64-bit) - Expected        0.0, actual          0  (1.000x) (^ 0)
Testing all collisions (low   64-bit) - Expected        0.0, actual          0  (1.000x) (^ 0)
Testing all collisions (high  38-bit) - Expected      128.1, actual        111  (0.867x) (^ 0)
Testing all collisions (low   38-bit) - Expected      128.1, actual        153  (1.195x) (^ 5)
Testing all collisions (high  32-bit) - Expected     8190.7, actual       8108  (0.990x) (^ 0)
Testing all collisions (low   32-bit) - Expected     8190.7, actual       8149  (0.995x) (^ 0)
Testing all collisions (high 19..41 bits) - Worst is 26 bits: 504508/503349     (1.002x) (^ 0)
Testing all collisions (low  19..41 bits) - Worst is 38 bits: 153/128           (1.195x) (^ 1)
---Analyzing differential distribution
Testing all collisions (     256-bit) - Expected        0.0, actual          0  (1.000x) (^ 0)
Testing all collisions (high 224-bit) - Expected        0.0, actual          0  (1.000x) (^ 0)
Testing all collisions (low  224-bit) - Expected        0.0, actual          0  (1.000x) (^ 0)
Testing all collisions (high 160-bit) - Expected        0.0, actual          0  (1.000x) (^ 0)
Testing all collisions (low  160-bit) - Expected        0.0, actual          0  (1.000x) (^ 0)
Testing all collisions (high 128-bit) - Expected        0.0, actual          0  (1.000x) (^ 0)
Testing all collisions (low  128-bit) - Expected        0.0, actual          0  (1.000x) (^ 0)
Testing all collisions (high  64-bit) - Expected        0.0, actual          0  (1.000x) (^ 0)
Testing all collisions (low   64-bit) - Expected        0.0, actual          0  (1.000x) (^ 0)
Testing all collisions (high  38-bit) - Expected      128.1, actual        125  (0.976x) (^ 0)
Testing all collisions (low   38-bit) - Expected      128.1, actual        146  (1.140x) (^ 3)
Testing all collisions (high  32-bit) - Expected     8190.7, actual       8286  (1.012x) (^ 2)
Testing all collisions (low   32-bit) - Expected     8190.7, actual       8328  (1.017x) (^ 3)
Testing all collisions (high 19..41 bits) - Worst is 28 bits: 130174/129780     (1.003x) (^ 0)
Testing all collisions (low  19..41 bits) - Worst is 36 bits: 560/512           (1.093x) (^ 1)

Keyset 'Sparse' - 1024-byte keys with up to 2 bits set - 33558529 keys
Testing all collisions (     256-bit) - Expected        0.0, actual          0  (1.000x) (^ 0)
Testing all collisions (high 224-bit) - Expected        0.0, actual          0  (1.000x) (^ 0)
Testing all collisions (low  224-bit) - Expected        0.0, actual          0  (1.000x) (^ 0)
Testing all collisions (high 160-bit) - Expected        0.0, actual          0  (1.000x) (^ 0)
Testing all collisions (low  160-bit) - Expected        0.0, actual          0  (1.000x) (^ 0)
Testing all collisions (high 128-bit) - Expected        0.0, actual          0  (1.000x) (^ 0)
Testing all collisions (low  128-bit) - Expected        0.0, actual          0  (1.000x) (^ 0)
Testing all collisions (high  64-bit) - Expected        0.0, actual          0  (1.000x) (^ 0)
Testing all collisions (low   64-bit) - Expected        0.0, actual          0  (1.000x) (^ 0)
Testing all collisions (high  42-bit) - Expected      128.0, actual        133  (1.039x) (^ 1)
Testing all collisions (low   42-bit) - Expected      128.0, actual        119  (0.929x) (^ 0)
Testing all collisions (high  32-bit) - Expected   130763.2, actual     131078  (1.002x) (^ 2)
Testing all collisions (low   32-bit) - Expected   130763.2, actual     131216  (1.003x) (^ 3)
Testing all collisions (high 21..45 bits) - Worst is 33 bits: 65852/65467       (1.006x) (^ 0)
Testing all collisions (low  21..45 bits) - Worst is 35 bits: 16629/16383       (1.015x) (^ 0)
---Analyzing differential distribution
Testing all collisions (     256-bit) - Expected        0.0, actual          0  (1.000x) (^ 0)
Testing all collisions (high 224-bit) - Expected        0.0, actual          0  (1.000x) (^ 0)
Testing all collisions (low  224-bit) - Expected        0.0, actual          0  (1.000x) (^ 0)
Testing all collisions (high 160-bit) - Expected        0.0, actual          0  (1.000x) (^ 0)
Testing all collisions (low  160-bit) - Expected        0.0, actual          0  (1.000x) (^ 0)
Testing all collisions (high 128-bit) - Expected        0.0, actual          0  (1.000x) (^ 0)
Testing all collisions (low  128-bit) - Expected        0.0, actual          0  (1.000x) (^ 0)
Testing all collisions (high  64-bit) - Expected        0.0, actual          0  (1.000x) (^ 0)
Testing all collisions (low   64-bit) - Expected        0.0, actual          0  (1.000x) (^ 0)
Testing all collisions (high  42-bit) - Expected      128.0, actual        119  (0.929x) (^ 0)
Testing all collisions (low   42-bit) - Expected      128.0, actual        125  (0.976x) (^ 0)
Testing all collisions (high  32-bit) - Expected   130763.2, actual     130170  (0.995x) (^ 0)
Testing all collisions (low   32-bit) - Expected   130763.2, actual     131071  (1.002x) (^ 2)
Testing all collisions (high 21..45 bits) - Worst is 27 bits: 3870630/3866482   (1.001x) (^ 1)
Testing all collisions (low  21..45 bits) - Worst is 38 bits: 2095/2048         (1.023x) (^ 0)

Keyset 'Sparse' - 1280-byte keys with up to 2 bits set - 52433921 keys
Testing all collisions (     256-bit) - Expected        0.0, actual          0  (1.000x) (^ 0)
Testing all collisions (high 224-bit) - Expected        0.0, actual          0  (1.000x) (^ 0)
Testing all collisions (low  224-bit) - Expected        0.0, actual          0  (1.000x) (^ 0)
Testing all collisions (high 160-bit) - Expected        0.0, actual          0  (1.000x) (^ 0)
Testing all collisions (low  160-bit) - Expected        0.0, actual          0  (1.000x) (^ 0)
Testing all collisions (high 128-bit) - Expected        0.0, actual          0  (1.000x) (^ 0)
Testing all collisions (low  128-bit) - Expected        0.0, actual          0  (1.000x) (^ 0)
Testing all collisions (high  64-bit) - Expected        0.0, actual          0  (1.000x) (^ 0)
Testing all collisions (low   64-bit) - Expected        0.0, actual          0  (1.000x) (^ 0)
Testing all collisions (high  43-bit) - Expected      156.3, actual        177  (1.133x) (^ 4)
Testing all collisions (low   43-bit) - Expected      156.3, actual        137  (0.877x) (^ 0)
Testing all collisions (high  32-bit) - Expected   318764.0, actual     317798  (0.997x) (^ 0)
Testing all collisions (low   32-bit) - Expected   318764.0, actual     319014  (1.001x) (^ 1)
Testing all collisions (high 21..46 bits) - Worst is 44 bits: 105/78            (1.344x) (^ 4)
Testing all collisions (low  21..46 bits) - Worst is 31 bits: 636166/634947     (1.002x) (^ 0)
---Analyzing differential distribution
Testing all collisions (     256-bit) - Expected        0.0, actual          0  (1.000x) (^ 0)
Testing all collisions (high 224-bit) - Expected        0.0, actual          0  (1.000x) (^ 0)
Testing all collisions (low  224-bit) - Expected        0.0, actual          0  (1.000x) (^ 0)
Testing all collisions (high 160-bit) - Expected        0.0, actual          0  (1.000x) (^ 0)
Testing all collisions (low  160-bit) - Expected        0.0, actual          0  (1.000x) (^ 0)
Testing all collisions (high 128-bit) - Expected        0.0, actual          0  (1.000x) (^ 0)
Testing all collisions (low  128-bit) - Expected        0.0, actual          0  (1.000x) (^ 0)
Testing all collisions (high  64-bit) - Expected        0.0, actual          0  (1.000x) (^ 0)
Testing all collisions (low   64-bit) - Expected        0.0, actual          0  (1.000x) (^ 0)
Testing all collisions (high  43-bit) - Expected      156.3, actual        138  (0.883x) (^ 0)
Testing all collisions (low   43-bit) - Expected      156.3, actual        144  (0.921x) (^ 0)
Testing all collisions (high  32-bit) - Expected   318764.0, actual     319186  (1.001x) (^ 2)
Testing all collisions (low   32-bit) - Expected   318764.0, actual     318722  (1.000x) (^ 0)
Testing all collisions (high 21..46 bits) - Worst is 34 bits: 80543/79934       (1.008x) (^ 1)
Testing all collisions (low  21..46 bits) - Worst is 41 bits: 656/625           (1.049x) (^ 0)

Keyset 'Sparse' - 1536-byte keys with up to 2 bits set - 75503617 keys
Testing all collisions (     256-bit) - Expected        0.0, actual          0  (1.000x) (^ 0)
Testing all collisions (high 224-bit) - Expected        0.0, actual          0  (1.000x) (^ 0)
Testing all collisions (low  224-bit) - Expected        0.0, actual          0  (1.000x) (^ 0)
Testing all collisions (high 160-bit) - Expected        0.0, actual          0  (1.000x) (^ 0)
Testing all collisions (low  160-bit) - Expected        0.0, actual          0  (1.000x) (^ 0)
Testing all collisions (high 128-bit) - Expected        0.0, actual          0  (1.000x) (^ 0)
Testing all collisions (low  128-bit) - Expected        0.0, actual          0  (1.000x) (^ 0)
Testing all collisions (high  64-bit) - Expected        0.0, actual          0  (1.000x) (^ 0)
Testing all collisions (low   64-bit) - Expected        0.0, actual          0  (1.000x) (^ 0)
Testing all collisions (high  44-bit) - Expected      162.0, actual        175  (1.080x) (^ 2)
Testing all collisions (low   44-bit) - Expected      162.0, actual        152  (0.938x) (^ 0)
Testing all collisions (high  32-bit) - Expected   659788.1, actual     659991  (1.000x) (^ 1)
Testing all collisions (low   32-bit) - Expected   659788.1, actual     658128  (0.997x) (^ 0)
Testing all collisions (high 22..48 bits) - Worst is 46 bits: 55/41             (1.358x) (^ 1)
Testing all collisions (low  22..48 bits) - Worst is 40 bits: 2674/2592         (1.031x) (^ 0)
---Analyzing differential distribution
Testing all collisions (     256-bit) - Expected        0.0, actual          0  (1.000x) (^ 0)
Testing all collisions (high 224-bit) - Expected        0.0, actual          0  (1.000x) (^ 0)
Testing all collisions (low  224-bit) - Expected        0.0, actual          0  (1.000x) (^ 0)
Testing all collisions (high 160-bit) - Expected        0.0, actual          0  (1.000x) (^ 0)
Testing all collisions (low  160-bit) - Expected        0.0, actual          0  (1.000x) (^ 0)
Testing all collisions (high 128-bit) - Expected        0.0, actual          0  (1.000x) (^ 0)
Testing all collisions (low  128-bit) - Expected        0.0, actual          0  (1.000x) (^ 0)
Testing all collisions (high  64-bit) - Expected        0.0, actual          0  (1.000x) (^ 0)
Testing all collisions (low   64-bit) - Expected        0.0, actual          0  (1.000x) (^ 0)
Testing all collisions (high  44-bit) - Expected      162.0, actual        182  (1.123x) (^ 3)
Testing all collisions (low   44-bit) - Expected      162.0, actual        170  (1.049x) (^ 1)
Testing all collisions (high  32-bit) - Expected   659788.1, actual     658994  (0.999x) (^ 0)
Testing all collisions (low   32-bit) - Expected   659788.1, actual     660459  (1.001x) (^ 2)
Testing all collisions (high 22..48 bits) - Worst is 41 bits: 1393/1296         (1.075x) (^ 3)
Testing all collisions (low  22..48 bits) - Worst is 38 bits: 10639/10369       (1.026x) (^ 3)

Keyset 'Sparse' - 2048-byte keys with up to 2 bits set - 134225921 keys
Testing all collisions (     256-bit) - Expected        0.0, actual          0  (1.000x) (^ 0)
Testing all collisions (high 224-bit) - Expected        0.0, actual          0  (1.000x) (^ 0)
Testing all collisions (low  224-bit) - Expected        0.0, actual          0  (1.000x) (^ 0)
Testing all collisions (high 160-bit) - Expected        0.0, actual          0  (1.000x) (^ 0)
Testing all collisions (low  160-bit) - Expected        0.0, actual          0  (1.000x) (^ 0)
Testing all collisions (high 128-bit) - Expected        0.0, actual          0  (1.000x) (^ 0)
Testing all collisions (low  128-bit) - Expected        0.0, actual          0  (1.000x) (^ 0)
Testing all collisions (high  64-bit) - Expected        0.0, actual          0  (1.000x) (^ 0)
Testing all collisions (low   64-bit) - Expected        0.0, actual          0  (1.000x) (^ 0)
Testing all collisions (high  46-bit) - Expected      128.0, actual        128  (1.000x) (^ 0)
Testing all collisions (low   46-bit) - Expected      128.0, actual        156  (1.219x) (^ 6)
Testing all collisions (high  32-bit) - Expected  2075728.3, actual    2078303  (1.001x) (^ 4)
Testing all collisions (low   32-bit) - Expected  2075728.3, actual    2077442  (1.001x) (^ 3)
Testing all collisions (high 23..49 bits) - Worst is 34 bits: 525185/522989     (1.004x) (^ 4)
Testing all collisions (low  23..49 bits) - Worst is 46 bits: 156/128           (1.219x) (^ 2)
---Analyzing differential distribution
Testing all collisions (     256-bit) - Expected        0.0, actual          0  (1.000x) (^ 0)
Testing all collisions (high 224-bit) - Expected        0.0, actual          0  (1.000x) (^ 0)
Testing all collisions (low  224-bit) - Expected        0.0, actual          0  (1.000x) (^ 0)
Testing all collisions (high 160-bit) - Expected        0.0, actual          0  (1.000x) (^ 0)
Testing all collisions (low  160-bit) - Expected        0.0, actual          0  (1.000x) (^ 0)
Testing all collisions (high 128-bit) - Expected        0.0, actual          0  (1.000x) (^ 0)
Testing all collisions (low  128-bit) - Expected        0.0, actual          0  (1.000x) (^ 0)
Testing all collisions (high  64-bit) - Expected        0.0, actual          0  (1.000x) (^ 0)
Testing all collisions (low   64-bit) - Expected        0.0, actual          0  (1.000x) (^ 0)
Testing all collisions (high  46-bit) - Expected      128.0, actual        114  (0.891x) (^ 0)
Testing all collisions (low   46-bit) - Expected      128.0, actual        116  (0.906x) (^ 0)
Testing all collisions (high  32-bit) - Expected  2075728.3, actual    2074985  (1.000x) (^ 0)
Testing all collisions (low   32-bit) - Expected  2075728.3, actual    2075469  (1.000x) (^ 0)
Testing all collisions (high 23..49 bits) - Worst is 41 bits: 4135/4096         (1.009x) (^ 0)
Testing all collisions (low  23..49 bits) - Worst is 40 bits: 8328/8193         (1.017x) (^ 0)


[[[ Keyset 'Permutation' Tests ]]]

Keyset 'Combination 4-bytes [3 low bits; LE]' - up to 7 blocks from a set of 8 - 2396744 keys
Testing all collisions (     256-bit) - Expected        0.0, actual          0  (1.000x) (^ 0)
Testing all collisions (high 224-bit) - Expected        0.0, actual          0  (1.000x) (^ 0)
Testing all collisions (low  224-bit) - Expected        0.0, actual          0  (1.000x) (^ 0)
Testing all collisions (high 160-bit) - Expected        0.0, actual          0  (1.000x) (^ 0)
Testing all collisions (low  160-bit) - Expected        0.0, actual          0  (1.000x) (^ 0)
Testing all collisions (high 128-bit) - Expected        0.0, actual          0  (1.000x) (^ 0)
Testing all collisions (low  128-bit) - Expected        0.0, actual          0  (1.000x) (^ 0)
Testing all collisions (high  64-bit) - Expected        0.0, actual          0  (1.000x) (^ 0)
Testing all collisions (low   64-bit) - Expected        0.0, actual          0  (1.000x) (^ 0)
Testing all collisions (high  34-bit) - Expected      167.2, actual        154  (0.921x) (^ 0)
Testing all collisions (low   34-bit) - Expected      167.2, actual        169  (1.011x) (^ 1)
Testing all collisions (high  32-bit) - Expected      668.6, actual        667  (0.998x) (^ 0)
Testing all collisions (low   32-bit) - Expected      668.6, actual        647  (0.968x) (^ 0)
Testing all collisions (high 19..38 bits) - Worst is 22 bits: 572308/571040     (1.002x) (^ 0)
Testing all collisions (low  19..38 bits) - Worst is 38 bits: 13/10             (1.244x) (^ 0)
Testing distribution   (any   8..18 bits) - Worst bias is 14 bits at bit 169:    0.575x  (^ 0)
---Analyzing differential distribution
Testing all collisions (     256-bit) - Expected        0.0, actual          0  (1.000x) (^ 0)
Testing all collisions (high 224-bit) - Expected        0.0, actual          0  (1.000x) (^ 0)
Testing all collisions (low  224-bit) - Expected        0.0, actual          0  (1.000x) (^ 0)
Testing all collisions (high 160-bit) - Expected        0.0, actual          0  (1.000x) (^ 0)
Testing all collisions (low  160-bit) - Expected        0.0, actual          0  (1.000x) (^ 0)
Testing all collisions (high 128-bit) - Expected        0.0, actual          0  (1.000x) (^ 0)
Testing all collisions (low  128-bit) - Expected        0.0, actual          0  (1.000x) (^ 0)
Testing all collisions (high  64-bit) - Expected        0.0, actual          0  (1.000x) (^ 0)
Testing all collisions (low   64-bit) - Expected        0.0, actual          0  (1.000x) (^ 0)
Testing all collisions (high  34-bit) - Expected      167.2, actual        191  (1.143x) (^ 4)
Testing all collisions (low   34-bit) - Expected      167.2, actual        162  (0.969x) (^ 0)
Testing all collisions (high  32-bit) - Expected      668.6, actual        677  (1.013x) (^ 1)
Testing all collisions (low   32-bit) - Expected      668.6, actual        684  (1.023x) (^ 1)
Testing all collisions (high 19..38 bits) - Worst is 34 bits: 191/167           (1.143x) (^ 0)
Testing all collisions (low  19..38 bits) - Worst is 35 bits: 93/84             (1.113x) (^ 0)
Testing distribution   (any   8..18 bits) - Worst bias is 13 bits at bit 249:    0.669x  (^ 0)

Keyset 'Combination 4-bytes [3 low bits; BE]' - up to 7 blocks from a set of 8 - 2396744 keys
Testing all collisions (     256-bit) - Expected        0.0, actual          0  (1.000x) (^ 0)
Testing all collisions (high 224-bit) - Expected        0.0, actual          0  (1.000x) (^ 0)
Testing all collisions (low  224-bit) - Expected        0.0, actual          0  (1.000x) (^ 0)
Testing all collisions (high 160-bit) - Expected        0.0, actual          0  (1.000x) (^ 0)
Testing all collisions (low  160-bit) - Expected        0.0, actual          0  (1.000x) (^ 0)
Testing all collisions (high 128-bit) - Expected        0.0, actual          0  (1.000x) (^ 0)
Testing all collisions (low  128-bit) - Expected        0.0, actual          0  (1.000x) (^ 0)
Testing all collisions (high  64-bit) - Expected        0.0, actual          0  (1.000x) (^ 0)
Testing all collisions (low   64-bit) - Expected        0.0, actual          0  (1.000x) (^ 0)
Testing all collisions (high  34-bit) - Expected      167.2, actual        168  (1.005x) (^ 1)
Testing all collisions (low   34-bit) - Expected      167.2, actual        148  (0.885x) (^ 0)
Testing all collisions (high  32-bit) - Expected      668.6, actual        699  (1.045x) (^ 2)
Testing all collisions (low   32-bit) - Expected      668.6, actual        685  (1.025x) (^ 1)
Testing all collisions (high 19..38 bits) - Worst is 32 bits: 699/669           (1.045x) (^ 0)
Testing all collisions (low  19..38 bits) - Worst is 29 bits: 5474/5342         (1.025x) (^ 0)
Testing distribution   (any   8..18 bits) - Worst bias is 10 bits at bit 153:    0.768x  (^ 0)
---Analyzing differential distribution
Testing all collisions (     256-bit) - Expected        0.0, actual          0  (1.000x) (^ 0)
Testing all collisions (high 224-bit) - Expected        0.0, actual          0  (1.000x) (^ 0)
Testing all collisions (low  224-bit) - Expected        0.0, actual          0  (1.000x) (^ 0)
Testing all collisions (high 160-bit) - Expected        0.0, actual          0  (1.000x) (^ 0)
Testing all collisions (low  160-bit) - Expected        0.0, actual          0  (1.000x) (^ 0)
Testing all collisions (high 128-bit) - Expected        0.0, actual          0  (1.000x) (^ 0)
Testing all collisions (low  128-bit) - Expected        0.0, actual          0  (1.000x) (^ 0)
Testing all collisions (high  64-bit) - Expected        0.0, actual          0  (1.000x) (^ 0)
Testing all collisions (low   64-bit) - Expected        0.0, actual          0  (1.000x) (^ 0)
Testing all collisions (high  34-bit) - Expected      167.2, actual        181  (1.083x) (^ 2)
Testing all collisions (low   34-bit) - Expected      167.2, actual        172  (1.029x) (^ 1)
Testing all collisions (high  32-bit) - Expected      668.6, actual        682  (1.020x) (^ 1)
Testing all collisions (low   32-bit) - Expected      668.6, actual        648  (0.969x) (^ 0)
Testing all collisions (high 19..38 bits) - Worst is 24 bits: 164266/163327     (1.006x) (^ 2)
Testing all collisions (low  19..38 bits) - Worst is 36 bits: 50/42             (1.196x) (^ 0)
Testing distribution   (any   8..18 bits) - Worst bias is 18 bits at bit  18:    0.510x  (^ 0)

Keyset 'Combination 4-bytes [3 high bits; LE]' - up to 7 blocks from a set of 8 - 2396744 keys
Testing all collisions (     256-bit) - Expected        0.0, actual          0  (1.000x) (^ 0)
Testing all collisions (high 224-bit) - Expected        0.0, actual          0  (1.000x) (^ 0)
Testing all collisions (low  224-bit) - Expected        0.0, actual          0  (1.000x) (^ 0)
Testing all collisions (high 160-bit) - Expected        0.0, actual          0  (1.000x) (^ 0)
Testing all collisions (low  160-bit) - Expected        0.0, actual          0  (1.000x) (^ 0)
Testing all collisions (high 128-bit) - Expected        0.0, actual          0  (1.000x) (^ 0)
Testing all collisions (low  128-bit) - Expected        0.0, actual          0  (1.000x) (^ 0)
Testing all collisions (high  64-bit) - Expected        0.0, actual          0  (1.000x) (^ 0)
Testing all collisions (low   64-bit) - Expected        0.0, actual          0  (1.000x) (^ 0)
Testing all collisions (high  34-bit) - Expected      167.2, actual        167  (1.000x) (^ 0)
Testing all collisions (low   34-bit) - Expected      167.2, actual        147  (0.879x) (^ 0)
Testing all collisions (high  32-bit) - Expected      668.6, actual        668  (0.999x) (^ 0)
Testing all collisions (low   32-bit) - Expected      668.6, actual        649  (0.971x) (^ 0)
Testing all collisions (high 19..38 bits) - Worst is 30 bits: 2718/2673         (1.017x) (^ 0)
Testing all collisions (low  19..38 bits) - Worst is 27 bits: 21365/21273       (1.004x) (^ 0)
Testing distribution   (any   8..18 bits) - Worst bias is  9 bits at bit 209:    0.807x  (^ 0)
---Analyzing differential distribution
Testing all collisions (     256-bit) - Expected        0.0, actual          0  (1.000x) (^ 0)
Testing all collisions (high 224-bit) - Expected        0.0, actual          0  (1.000x) (^ 0)
Testing all collisions (low  224-bit) - Expected        0.0, actual          0  (1.000x) (^ 0)
Testing all collisions (high 160-bit) - Expected        0.0, actual          0  (1.000x) (^ 0)
Testing all collisions (low  160-bit) - Expected        0.0, actual          0  (1.000x) (^ 0)
Testing all collisions (high 128-bit) - Expected        0.0, actual          0  (1.000x) (^ 0)
Testing all collisions (low  128-bit) - Expected        0.0, actual          0  (1.000x) (^ 0)
Testing all collisions (high  64-bit) - Expected        0.0, actual          0  (1.000x) (^ 0)
Testing all collisions (low   64-bit) - Expected        0.0, actual          0  (1.000x) (^ 0)
Testing all collisions (high  34-bit) - Expected      167.2, actual        169  (1.011x) (^ 1)
Testing all collisions (low   34-bit) - Expected      167.2, actual        168  (1.005x) (^ 1)
Testing all collisions (high  32-bit) - Expected      668.6, actual        659  (0.986x) (^ 0)
Testing all collisions (low   32-bit) - Expected      668.6, actual        676  (1.011x) (^ 1)
Testing all collisions (high 19..38 bits) - Worst is 27 bits: 21433/21273       (1.008x) (^ 0)
Testing all collisions (low  19..38 bits) - Worst is 36 bits: 51/42             (1.220x) (^ 0)
Testing distribution   (any   8..18 bits) - Worst bias is 17 bits at bit 131:    0.501x  (^ 0)

Keyset 'Combination 4-bytes [3 high bits; BE]' - up to 7 blocks from a set of 8 - 2396744 keys
Testing all collisions (     256-bit) - Expected        0.0, actual          0  (1.000x) (^ 0)
Testing all collisions (high 224-bit) - Expected        0.0, actual          0  (1.000x) (^ 0)
Testing all collisions (low  224-bit) - Expected        0.0, actual          0  (1.000x) (^ 0)
Testing all collisions (high 160-bit) - Expected        0.0, actual          0  (1.000x) (^ 0)
Testing all collisions (low  160-bit) - Expected        0.0, actual          0  (1.000x) (^ 0)
Testing all collisions (high 128-bit) - Expected        0.0, actual          0  (1.000x) (^ 0)
Testing all collisions (low  128-bit) - Expected        0.0, actual          0  (1.000x) (^ 0)
Testing all collisions (high  64-bit) - Expected        0.0, actual          0  (1.000x) (^ 0)
Testing all collisions (low   64-bit) - Expected        0.0, actual          0  (1.000x) (^ 0)
Testing all collisions (high  34-bit) - Expected      167.2, actual        147  (0.879x) (^ 0)
Testing all collisions (low   34-bit) - Expected      167.2, actual        157  (0.939x) (^ 0)
Testing all collisions (high  32-bit) - Expected      668.6, actual        652  (0.975x) (^ 0)
Testing all collisions (low   32-bit) - Expected      668.6, actual        679  (1.016x) (^ 1)
Testing all collisions (high 19..38 bits) - Worst is 24 bits: 163495/163327     (1.001x) (^ 0)
Testing all collisions (low  19..38 bits) - Worst is 38 bits: 17/10             (1.627x) (^ 0)
Testing distribution   (any   8..18 bits) - Worst bias is 12 bits at bit   9:    0.773x  (^ 2)
---Analyzing differential distribution
Testing all collisions (     256-bit) - Expected        0.0, actual          0  (1.000x) (^ 0)
Testing all collisions (high 224-bit) - Expected        0.0, actual          0  (1.000x) (^ 0)
Testing all collisions (low  224-bit) - Expected        0.0, actual          0  (1.000x) (^ 0)
Testing all collisions (high 160-bit) - Expected        0.0, actual          0  (1.000x) (^ 0)
Testing all collisions (low  160-bit) - Expected        0.0, actual          0  (1.000x) (^ 0)
Testing all collisions (high 128-bit) - Expected        0.0, actual          0  (1.000x) (^ 0)
Testing all collisions (low  128-bit) - Expected        0.0, actual          0  (1.000x) (^ 0)
Testing all collisions (high  64-bit) - Expected        0.0, actual          0  (1.000x) (^ 0)
Testing all collisions (low   64-bit) - Expected        0.0, actual          0  (1.000x) (^ 0)
Testing all collisions (high  34-bit) - Expected      167.2, actual        170  (1.017x) (^ 1)
Testing all collisions (low   34-bit) - Expected      167.2, actual        161  (0.963x) (^ 0)
Testing all collisions (high  32-bit) - Expected      668.6, actual        659  (0.986x) (^ 0)
Testing all collisions (low   32-bit) - Expected      668.6, actual        629  (0.941x) (^ 0)
Testing all collisions (high 19..38 bits) - Worst is 37 bits: 31/21             (1.483x) (^ 1)
Testing all collisions (low  19..38 bits) - Worst is 26 bits: 42564/42294       (1.006x) (^ 0)
Testing distribution   (any   8..18 bits) - Worst bias is  8 bits at bit 177:    0.788x  (^ 0)

Keyset 'Combination 4-bytes [3 high+low bits; LE]' - up to 6 blocks from a set of 15 - 12204240 keys
Testing all collisions (     256-bit) - Expected        0.0, actual          0  (1.000x) (^ 0)
Testing all collisions (high 224-bit) - Expected        0.0, actual          0  (1.000x) (^ 0)
Testing all collisions (low  224-bit) - Expected        0.0, actual          0  (1.000x) (^ 0)
Testing all collisions (high 160-bit) - Expected        0.0, actual          0  (1.000x) (^ 0)
Testing all collisions (low  160-bit) - Expected        0.0, actual          0  (1.000x) (^ 0)
Testing all collisions (high 128-bit) - Expected        0.0, actual          0  (1.000x) (^ 0)
Testing all collisions (low  128-bit) - Expected        0.0, actual          0  (1.000x) (^ 0)
Testing all collisions (high  64-bit) - Expected        0.0, actual          0  (1.000x) (^ 0)
Testing all collisions (low   64-bit) - Expected        0.0, actual          0  (1.000x) (^ 0)
Testing all collisions (high  39-bit) - Expected      135.5, actual        135  (1.000x) (^ 0)
Testing all collisions (low   39-bit) - Expected      135.5, actual        155  (1.144x) (^ 4)
Testing all collisions (high  32-bit) - Expected    17322.9, actual      17686  (1.021x) (^ 8)
Testing all collisions (low   32-bit) - Expected    17322.9, actual      17348  (1.001x) (^ 1)
Testing all collisions (high 22..42 bits) - Worst is 32 bits: 17686/17323       (1.021x) (^ 4)
Testing all collisions (low  22..42 bits) - Worst is 39 bits: 155/135           (1.144x) (^ 0)
Testing distribution   (any   8..21 bits) - Worst bias is 16 bits at bit 223:    0.645x  (^ 1)
---Analyzing differential distribution
Testing all collisions (     256-bit) - Expected        0.0, actual          0  (1.000x) (^ 0)
Testing all collisions (high 224-bit) - Expected        0.0, actual          0  (1.000x) (^ 0)
Testing all collisions (low  224-bit) - Expected        0.0, actual          0  (1.000x) (^ 0)
Testing all collisions (high 160-bit) - Expected        0.0, actual          0  (1.000x) (^ 0)
Testing all collisions (low  160-bit) - Expected        0.0, actual          0  (1.000x) (^ 0)
Testing all collisions (high 128-bit) - Expected        0.0, actual          0  (1.000x) (^ 0)
Testing all collisions (low  128-bit) - Expected        0.0, actual          0  (1.000x) (^ 0)
Testing all collisions (high  64-bit) - Expected        0.0, actual          0  (1.000x) (^ 0)
Testing all collisions (low   64-bit) - Expected        0.0, actual          0  (1.000x) (^ 0)
Testing all collisions (high  39-bit) - Expected      135.5, actual        147  (1.085x) (^ 2)
Testing all collisions (low   39-bit) - Expected      135.5, actual        125  (0.923x) (^ 0)
Testing all collisions (high  32-bit) - Expected    17322.9, actual      17313  (0.999x) (^ 0)
Testing all collisions (low   32-bit) - Expected    17322.9, actual      17428  (1.006x) (^ 2)
Testing all collisions (high 22..42 bits) - Worst is 39 bits: 147/135           (1.085x) (^ 0)
Testing all collisions (low  22..42 bits) - Worst is 29 bits: 138561/137669     (1.006x) (^ 2)
Testing distribution   (any   8..21 bits) - Worst bias is 20 bits at bit 116:    0.587x  (^ 1)

Keyset 'Combination 4-bytes [3 high+low bits; BE]' - up to 6 blocks from a set of 15 - 12204240 keys
Testing all collisions (     256-bit) - Expected        0.0, actual          0  (1.000x) (^ 0)
Testing all collisions (high 224-bit) - Expected        0.0, actual          0  (1.000x) (^ 0)
Testing all collisions (low  224-bit) - Expected        0.0, actual          0  (1.000x) (^ 0)
Testing all collisions (high 160-bit) - Expected        0.0, actual          0  (1.000x) (^ 0)
Testing all collisions (low  160-bit) - Expected        0.0, actual          0  (1.000x) (^ 0)
Testing all collisions (high 128-bit) - Expected        0.0, actual          0  (1.000x) (^ 0)
Testing all collisions (low  128-bit) - Expected        0.0, actual          0  (1.000x) (^ 0)
Testing all collisions (high  64-bit) - Expected        0.0, actual          0  (1.000x) (^ 0)
Testing all collisions (low   64-bit) - Expected        0.0, actual          0  (1.000x) (^ 0)
Testing all collisions (high  39-bit) - Expected      135.5, actual        152  (1.122x) (^ 3)
Testing all collisions (low   39-bit) - Expected      135.5, actual        146  (1.078x) (^ 2)
Testing all collisions (high  32-bit) - Expected    17322.9, actual      17309  (0.999x) (^ 0)
Testing all collisions (low   32-bit) - Expected    17322.9, actual      17169  (0.991x) (^ 0)
Testing all collisions (high 22..42 bits) - Worst is 34 bits: 4454/4334         (1.028x) (^ 0)
Testing all collisions (low  22..42 bits) - Worst is 26 bits: 1046703/1045396   (1.001x) (^ 0)
Testing distribution   (any   8..21 bits) - Worst bias is 14 bits at bit 231:    0.736x  (^ 2)
---Analyzing differential distribution
Testing all collisions (     256-bit) - Expected        0.0, actual          0  (1.000x) (^ 0)
Testing all collisions (high 224-bit) - Expected        0.0, actual          0  (1.000x) (^ 0)
Testing all collisions (low  224-bit) - Expected        0.0, actual          0  (1.000x) (^ 0)
Testing all collisions (high 160-bit) - Expected        0.0, actual          0  (1.000x) (^ 0)
Testing all collisions (low  160-bit) - Expected        0.0, actual          0  (1.000x) (^ 0)
Testing all collisions (high 128-bit) - Expected        0.0, actual          0  (1.000x) (^ 0)
Testing all collisions (low  128-bit) - Expected        0.0, actual          0  (1.000x) (^ 0)
Testing all collisions (high  64-bit) - Expected        0.0, actual          0  (1.000x) (^ 0)
Testing all collisions (low   64-bit) - Expected        0.0, actual          0  (1.000x) (^ 0)
Testing all collisions (high  39-bit) - Expected      135.5, actual        135  (1.000x) (^ 0)
Testing all collisions (low   39-bit) - Expected      135.5, actual        127  (0.938x) (^ 0)
Testing all collisions (high  32-bit) - Expected    17322.9, actual      17342  (1.001x) (^ 1)
Testing all collisions (low   32-bit) - Expected    17322.9, actual      17372  (1.003x) (^ 1)
Testing all collisions (high 22..42 bits) - Worst is 36 bits: 1154/1084         (1.065x) (^ 1)
Testing all collisions (low  22..42 bits) - Worst is 25 bits: 1974636/1973141   (1.001x) (^ 0)
Testing distribution   (any   8..21 bits) - Worst bias is 11 bits at bit 154:    0.723x  (^ 0)

Keyset 'Combination 4-bytes [0, low bit; LE]' - up to 23 blocks from a set of 2 - 16777214 keys
Testing all collisions (     256-bit) - Expected        0.0, actual          0  (1.000x) (^ 0)
Testing all collisions (high 224-bit) - Expected        0.0, actual          0  (1.000x) (^ 0)
Testing all collisions (low  224-bit) - Expected        0.0, actual          0  (1.000x) (^ 0)
Testing all collisions (high 160-bit) - Expected        0.0, actual          0  (1.000x) (^ 0)
Testing all collisions (low  160-bit) - Expected        0.0, actual          0  (1.000x) (^ 0)
Testing all collisions (high 128-bit) - Expected        0.0, actual          0  (1.000x) (^ 0)
Testing all collisions (low  128-bit) - Expected        0.0, actual          0  (1.000x) (^ 0)
Testing all collisions (high  64-bit) - Expected        0.0, actual          0  (1.000x) (^ 0)
Testing all collisions (low   64-bit) - Expected        0.0, actual          0  (1.000x) (^ 0)
Testing all collisions (high  40-bit) - Expected      128.0, actual        129  (1.008x) (^ 1)
Testing all collisions (low   40-bit) - Expected      128.0, actual        125  (0.977x) (^ 0)
Testing all collisions (high  32-bit) - Expected    32725.4, actual      32349  (0.988x) (^ 0)
Testing all collisions (low   32-bit) - Expected    32725.4, actual      32652  (0.998x) (^ 0)
Testing all collisions (high 22..43 bits) - Worst is 39 bits: 264/256           (1.031x) (^ 0)
Testing all collisions (low  22..43 bits) - Worst is 28 bits: 514453/513534     (1.002x) (^ 0)
Testing distribution   (any   8..21 bits) - Worst bias is 10 bits at bit  25:    0.813x  (^ 1)
---Analyzing differential distribution
Testing all collisions (     256-bit) - Expected        0.0, actual          0  (1.000x) (^ 0)
Testing all collisions (high 224-bit) - Expected        0.0, actual          0  (1.000x) (^ 0)
Testing all collisions (low  224-bit) - Expected        0.0, actual          0  (1.000x) (^ 0)
Testing all collisions (high 160-bit) - Expected        0.0, actual          0  (1.000x) (^ 0)
Testing all collisions (low  160-bit) - Expected        0.0, actual          0  (1.000x) (^ 0)
Testing all collisions (high 128-bit) - Expected        0.0, actual          0  (1.000x) (^ 0)
Testing all collisions (low  128-bit) - Expected        0.0, actual          0  (1.000x) (^ 0)
Testing all collisions (high  64-bit) - Expected        0.0, actual          0  (1.000x) (^ 0)
Testing all collisions (low   64-bit) - Expected        0.0, actual          0  (1.000x) (^ 0)
Testing all collisions (high  40-bit) - Expected      128.0, actual        139  (1.086x) (^ 2)
Testing all collisions (low   40-bit) - Expected      128.0, actual        128  (1.000x) (^ 1)
Testing all collisions (high  32-bit) - Expected    32725.4, actual      32755  (1.001x) (^ 1)
Testing all collisions (low   32-bit) - Expected    32725.4, actual      32510  (0.993x) (^ 0)
Testing all collisions (high 22..43 bits) - Worst is 33 bits: 16638/16373       (1.016x) (^ 1)
Testing all collisions (low  22..43 bits) - Worst is 42 bits: 43/32             (1.344x) (^ 0)
Testing distribution   (any   8..21 bits) - Worst bias is 15 bits at bit 209:    0.601x  (^ 0)

Keyset 'Combination 4-bytes [0, low bit; BE]' - up to 23 blocks from a set of 2 - 16777214 keys
Testing all collisions (     256-bit) - Expected        0.0, actual          0  (1.000x) (^ 0)
Testing all collisions (high 224-bit) - Expected        0.0, actual          0  (1.000x) (^ 0)
Testing all collisions (low  224-bit) - Expected        0.0, actual          0  (1.000x) (^ 0)
Testing all collisions (high 160-bit) - Expected        0.0, actual          0  (1.000x) (^ 0)
Testing all collisions (low  160-bit) - Expected        0.0, actual          0  (1.000x) (^ 0)
Testing all collisions (high 128-bit) - Expected        0.0, actual          0  (1.000x) (^ 0)
Testing all collisions (low  128-bit) - Expected        0.0, actual          0  (1.000x) (^ 0)
Testing all collisions (high  64-bit) - Expected        0.0, actual          0  (1.000x) (^ 0)
Testing all collisions (low   64-bit) - Expected        0.0, actual          0  (1.000x) (^ 0)
Testing all collisions (high  40-bit) - Expected      128.0, actual        134  (1.047x) (^ 1)
Testing all collisions (low   40-bit) - Expected      128.0, actual        124  (0.969x) (^ 0)
Testing all collisions (high  32-bit) - Expected    32725.4, actual      32667  (0.998x) (^ 0)
Testing all collisions (low   32-bit) - Expected    32725.4, actual      32585  (0.996x) (^ 0)
Testing all collisions (high 22..43 bits) - Worst is 42 bits: 38/32             (1.188x) (^ 0)
Testing all collisions (low  22..43 bits) - Worst is 36 bits: 2154/2048         (1.052x) (^ 2)
Testing distribution   (any   8..21 bits) - Worst bias is 10 bits at bit  20:    0.868x  (^ 2)
---Analyzing differential distribution
Testing all collisions (     256-bit) - Expected        0.0, actual          0  (1.000x) (^ 0)
Testing all collisions (high 224-bit) - Expected        0.0, actual          0  (1.000x) (^ 0)
Testing all collisions (low  224-bit) - Expected        0.0, actual          0  (1.000x) (^ 0)
Testing all collisions (high 160-bit) - Expected        0.0, actual          0  (1.000x) (^ 0)
Testing all collisions (low  160-bit) - Expected        0.0, actual          0  (1.000x) (^ 0)
Testing all collisions (high 128-bit) - Expected        0.0, actual          0  (1.000x) (^ 0)
Testing all collisions (low  128-bit) - Expected        0.0, actual          0  (1.000x) (^ 0)
Testing all collisions (high  64-bit) - Expected        0.0, actual          0  (1.000x) (^ 0)
Testing all collisions (low   64-bit) - Expected        0.0, actual          0  (1.000x) (^ 0)
Testing all collisions (high  40-bit) - Expected      128.0, actual        115  (0.898x) (^ 0)
Testing all collisions (low   40-bit) - Expected      128.0, actual        125  (0.977x) (^ 0)
Testing all collisions (high  32-bit) - Expected    32725.4, actual      32804  (1.002x) (^ 1)
Testing all collisions (low   32-bit) - Expected    32725.4, actual      32866  (1.004x) (^ 2)
Testing all collisions (high 22..43 bits) - Worst is 36 bits: 2080/2048         (1.016x) (^ 0)
Testing all collisions (low  22..43 bits) - Worst is 35 bits: 4152/4095         (1.014x) (^ 0)
Testing distribution   (any   8..21 bits) - Worst bias is 15 bits at bit  27:    0.606x  (^ 0)

Keyset 'Combination 4-bytes [0, high bit; LE]' - up to 23 blocks from a set of 2 - 16777214 keys
Testing all collisions (     256-bit) - Expected        0.0, actual          0  (1.000x) (^ 0)
Testing all collisions (high 224-bit) - Expected        0.0, actual          0  (1.000x) (^ 0)
Testing all collisions (low  224-bit) - Expected        0.0, actual          0  (1.000x) (^ 0)
Testing all collisions (high 160-bit) - Expected        0.0, actual          0  (1.000x) (^ 0)
Testing all collisions (low  160-bit) - Expected        0.0, actual          0  (1.000x) (^ 0)
Testing all collisions (high 128-bit) - Expected        0.0, actual          0  (1.000x) (^ 0)
Testing all collisions (low  128-bit) - Expected        0.0, actual          0  (1.000x) (^ 0)
Testing all collisions (high  64-bit) - Expected        0.0, actual          0  (1.000x) (^ 0)
Testing all collisions (low   64-bit) - Expected        0.0, actual          0  (1.000x) (^ 0)
Testing all collisions (high  40-bit) - Expected      128.0, actual        123  (0.961x) (^ 0)
Testing all collisions (low   40-bit) - Expected      128.0, actual        134  (1.047x) (^ 1)
Testing all collisions (high  32-bit) - Expected    32725.4, actual      32750  (1.001x) (^ 1)
Testing all collisions (low   32-bit) - Expected    32725.4, actual      32707  (0.999x) (^ 0)
Testing all collisions (high 22..43 bits) - Worst is 37 bits: 1036/1024         (1.012x) (^ 0)
Testing all collisions (low  22..43 bits) - Worst is 28 bits: 514622/513534     (1.002x) (^ 0)
Testing distribution   (any   8..21 bits) - Worst bias is 15 bits at bit 224:    0.591x  (^ 0)
---Analyzing differential distribution
Testing all collisions (     256-bit) - Expected        0.0, actual          0  (1.000x) (^ 0)
Testing all collisions (high 224-bit) - Expected        0.0, actual          0  (1.000x) (^ 0)
Testing all collisions (low  224-bit) - Expected        0.0, actual          0  (1.000x) (^ 0)
Testing all collisions (high 160-bit) - Expected        0.0, actual          0  (1.000x) (^ 0)
Testing all collisions (low  160-bit) - Expected        0.0, actual          0  (1.000x) (^ 0)
Testing all collisions (high 128-bit) - Expected        0.0, actual          0  (1.000x) (^ 0)
Testing all collisions (low  128-bit) - Expected        0.0, actual          0  (1.000x) (^ 0)
Testing all collisions (high  64-bit) - Expected        0.0, actual          0  (1.000x) (^ 0)
Testing all collisions (low   64-bit) - Expected        0.0, actual          0  (1.000x) (^ 0)
Testing all collisions (high  40-bit) - Expected      128.0, actual        123  (0.961x) (^ 0)
Testing all collisions (low   40-bit) - Expected      128.0, actual        125  (0.977x) (^ 0)
Testing all collisions (high  32-bit) - Expected    32725.4, actual      33028  (1.009x) (^ 4)
Testing all collisions (low   32-bit) - Expected    32725.4, actual      32670  (0.998x) (^ 0)
Testing all collisions (high 22..43 bits) - Worst is 31 bits: 65982/65366       (1.009x) (^ 2)
Testing all collisions (low  22..43 bits) - Worst is 37 bits: 1057/1024         (1.032x) (^ 0)
Testing distribution   (any   8..21 bits) - Worst bias is  8 bits at bit  49:    0.752x  (^ 0)

Keyset 'Combination 4-bytes [0, high bit; BE]' - up to 23 blocks from a set of 2 - 16777214 keys
Testing all collisions (     256-bit) - Expected        0.0, actual          0  (1.000x) (^ 0)
Testing all collisions (high 224-bit) - Expected        0.0, actual          0  (1.000x) (^ 0)
Testing all collisions (low  224-bit) - Expected        0.0, actual          0  (1.000x) (^ 0)
Testing all collisions (high 160-bit) - Expected        0.0, actual          0  (1.000x) (^ 0)
Testing all collisions (low  160-bit) - Expected        0.0, actual          0  (1.000x) (^ 0)
Testing all collisions (high 128-bit) - Expected        0.0, actual          0  (1.000x) (^ 0)
Testing all collisions (low  128-bit) - Expected        0.0, actual          0  (1.000x) (^ 0)
Testing all collisions (high  64-bit) - Expected        0.0, actual          0  (1.000x) (^ 0)
Testing all collisions (low   64-bit) - Expected        0.0, actual          0  (1.000x) (^ 0)
Testing all collisions (high  40-bit) - Expected      128.0, actual        144  (1.125x) (^ 3)
Testing all collisions (low   40-bit) - Expected      128.0, actual        135  (1.055x) (^ 1)
Testing all collisions (high  32-bit) - Expected    32725.4, actual      32438  (0.991x) (^ 0)
Testing all collisions (low   32-bit) - Expected    32725.4, actual      32723  (1.000x) (^ 0)
Testing all collisions (high 22..43 bits) - Worst is 43 bits: 26/16             (1.625x) (^ 1)
Testing all collisions (low  22..43 bits) - Worst is 34 bits: 8391/8189         (1.025x) (^ 1)
Testing distribution   (any   8..21 bits) - Worst bias is 20 bits at bit  98:    0.534x  (^ 0)
---Analyzing differential distribution
Testing all collisions (     256-bit) - Expected        0.0, actual          0  (1.000x) (^ 0)
Testing all collisions (high 224-bit) - Expected        0.0, actual          0  (1.000x) (^ 0)
Testing all collisions (low  224-bit) - Expected        0.0, actual          0  (1.000x) (^ 0)
Testing all collisions (high 160-bit) - Expected        0.0, actual          0  (1.000x) (^ 0)
Testing all collisions (low  160-bit) - Expected        0.0, actual          0  (1.000x) (^ 0)
Testing all collisions (high 128-bit) - Expected        0.0, actual          0  (1.000x) (^ 0)
Testing all collisions (low  128-bit) - Expected        0.0, actual          0  (1.000x) (^ 0)
Testing all collisions (high  64-bit) - Expected        0.0, actual          0  (1.000x) (^ 0)
Testing all collisions (low   64-bit) - Expected        0.0, actual          0  (1.000x) (^ 0)
Testing all collisions (high  40-bit) - Expected      128.0, actual        132  (1.031x) (^ 1)
Testing all collisions (low   40-bit) - Expected      128.0, actual        126  (0.984x) (^ 0)
Testing all collisions (high  32-bit) - Expected    32725.4, actual      32563  (0.995x) (^ 0)
Testing all collisions (low   32-bit) - Expected    32725.4, actual      32791  (1.002x) (^ 1)
Testing all collisions (high 22..43 bits) - Worst is 36 bits: 2088/2048         (1.020x) (^ 0)
Testing all collisions (low  22..43 bits) - Worst is 25 bits: 3578155/3574575   (1.001x) (^ 1)
Testing distribution   (any   8..21 bits) - Worst bias is 17 bits at bit 235:    0.573x  (^ 0)

Keyset 'Combination 8-bytes [0, low bit; LE]' - up to 23 blocks from a set of 2 - 16777214 keys
Testing all collisions (     256-bit) - Expected        0.0, actual          0  (1.000x) (^ 0)
Testing all collisions (high 224-bit) - Expected        0.0, actual          0  (1.000x) (^ 0)
Testing all collisions (low  224-bit) - Expected        0.0, actual          0  (1.000x) (^ 0)
Testing all collisions (high 160-bit) - Expected        0.0, actual          0  (1.000x) (^ 0)
Testing all collisions (low  160-bit) - Expected        0.0, actual          0  (1.000x) (^ 0)
Testing all collisions (high 128-bit) - Expected        0.0, actual          0  (1.000x) (^ 0)
Testing all collisions (low  128-bit) - Expected        0.0, actual          0  (1.000x) (^ 0)
Testing all collisions (high  64-bit) - Expected        0.0, actual          0  (1.000x) (^ 0)
Testing all collisions (low   64-bit) - Expected        0.0, actual          0  (1.000x) (^ 0)
Testing all collisions (high  40-bit) - Expected      128.0, actual        133  (1.039x) (^ 1)
Testing all collisions (low   40-bit) - Expected      128.0, actual        131  (1.023x) (^ 1)
Testing all collisions (high  32-bit) - Expected    32725.4, actual      32944  (1.007x) (^ 3)
Testing all collisions (low   32-bit) - Expected    32725.4, actual      32409  (0.990x) (^ 0)
Testing all collisions (high 22..43 bits) - Worst is 31 bits: 65923/65366       (1.009x) (^ 1)
Testing all collisions (low  22..43 bits) - Worst is 35 bits: 4211/4095         (1.028x) (^ 0)
Testing distribution   (any   8..21 bits) - Worst bias is  8 bits at bit 136:    0.906x  (^ 1)
---Analyzing differential distribution
Testing all collisions (     256-bit) - Expected        0.0, actual          0  (1.000x) (^ 0)
Testing all collisions (high 224-bit) - Expected        0.0, actual          0  (1.000x) (^ 0)
Testing all collisions (low  224-bit) - Expected        0.0, actual          0  (1.000x) (^ 0)
Testing all collisions (high 160-bit) - Expected        0.0, actual          0  (1.000x) (^ 0)
Testing all collisions (low  160-bit) - Expected        0.0, actual          0  (1.000x) (^ 0)
Testing all collisions (high 128-bit) - Expected        0.0, actual          0  (1.000x) (^ 0)
Testing all collisions (low  128-bit) - Expected        0.0, actual          0  (1.000x) (^ 0)
Testing all collisions (high  64-bit) - Expected        0.0, actual          0  (1.000x) (^ 0)
Testing all collisions (low   64-bit) - Expected        0.0, actual          0  (1.000x) (^ 0)
Testing all collisions (high  40-bit) - Expected      128.0, actual        140  (1.094x) (^ 2)
Testing all collisions (low   40-bit) - Expected      128.0, actual        122  (0.953x) (^ 0)
Testing all collisions (high  32-bit) - Expected    32725.4, actual      33019  (1.009x) (^ 4)
Testing all collisions (low   32-bit) - Expected    32725.4, actual      32604  (0.996x) (^ 0)
Testing all collisions (high 22..43 bits) - Worst is 28 bits: 515152/513534     (1.003x) (^ 2)
Testing all collisions (low  22..43 bits) - Worst is 37 bits: 1071/1024         (1.046x) (^ 0)
Testing distribution   (any   8..21 bits) - Worst bias is  8 bits at bit 149:    0.858x  (^ 0)

Keyset 'Combination 8-bytes [0, low bit; BE]' - up to 23 blocks from a set of 2 - 16777214 keys
Testing all collisions (     256-bit) - Expected        0.0, actual          0  (1.000x) (^ 0)
Testing all collisions (high 224-bit) - Expected        0.0, actual          0  (1.000x) (^ 0)
Testing all collisions (low  224-bit) - Expected        0.0, actual          0  (1.000x) (^ 0)
Testing all collisions (high 160-bit) - Expected        0.0, actual          0  (1.000x) (^ 0)
Testing all collisions (low  160-bit) - Expected        0.0, actual          0  (1.000x) (^ 0)
Testing all collisions (high 128-bit) - Expected        0.0, actual          0  (1.000x) (^ 0)
Testing all collisions (low  128-bit) - Expected        0.0, actual          0  (1.000x) (^ 0)
Testing all collisions (high  64-bit) - Expected        0.0, actual          0  (1.000x) (^ 0)
Testing all collisions (low   64-bit) - Expected        0.0, actual          0  (1.000x) (^ 0)
Testing all collisions (high  40-bit) - Expected      128.0, actual        130  (1.016x) (^ 1)
Testing all collisions (low   40-bit) - Expected      128.0, actual        106  (0.828x) (^ 0)
Testing all collisions (high  32-bit) - Expected    32725.4, actual      32727  (1.000x) (^ 1)
Testing all collisions (low   32-bit) - Expected    32725.4, actual      32213  (0.984x) (^ 0)
Testing all collisions (high 22..43 bits) - Worst is 34 bits: 8278/8189         (1.011x) (^ 0)
Testing all collisions (low  22..43 bits) - Worst is 29 bits: 259925/259434     (1.002x) (^ 0)
Testing distribution   (any   8..21 bits) - Worst bias is 12 bits at bit  74:    0.707x  (^ 0)
---Analyzing differential distribution
Testing all collisions (     256-bit) - Expected        0.0, actual          0  (1.000x) (^ 0)
Testing all collisions (high 224-bit) - Expected        0.0, actual          0  (1.000x) (^ 0)
Testing all collisions (low  224-bit) - Expected        0.0, actual          0  (1.000x) (^ 0)
Testing all collisions (high 160-bit) - Expected        0.0, actual          0  (1.000x) (^ 0)
Testing all collisions (low  160-bit) - Expected        0.0, actual          0  (1.000x) (^ 0)
Testing all collisions (high 128-bit) - Expected        0.0, actual          0  (1.000x) (^ 0)
Testing all collisions (low  128-bit) - Expected        0.0, actual          0  (1.000x) (^ 0)
Testing all collisions (high  64-bit) - Expected        0.0, actual          0  (1.000x) (^ 0)
Testing all collisions (low   64-bit) - Expected        0.0, actual          0  (1.000x) (^ 0)
Testing all collisions (high  40-bit) - Expected      128.0, actual        151  (1.180x) (^ 5)
Testing all collisions (low   40-bit) - Expected      128.0, actual        120  (0.938x) (^ 0)
Testing all collisions (high  32-bit) - Expected    32725.4, actual      32598  (0.996x) (^ 0)
Testing all collisions (low   32-bit) - Expected    32725.4, actual      32425  (0.991x) (^ 0)
Testing all collisions (high 22..43 bits) - Worst is 40 bits: 151/128           (1.180x) (^ 1)
Testing all collisions (low  22..43 bits) - Worst is 23 bits: 9524075/9523881   (1.000x) (^ 0)
Testing distribution   (any   8..21 bits) - Worst bias is 13 bits at bit 111:    0.639x  (^ 0)

Keyset 'Combination 8-bytes [0, high bit; LE]' - up to 23 blocks from a set of 2 - 16777214 keys
Testing all collisions (     256-bit) - Expected        0.0, actual          0  (1.000x) (^ 0)
Testing all collisions (high 224-bit) - Expected        0.0, actual          0  (1.000x) (^ 0)
Testing all collisions (low  224-bit) - Expected        0.0, actual          0  (1.000x) (^ 0)
Testing all collisions (high 160-bit) - Expected        0.0, actual          0  (1.000x) (^ 0)
Testing all collisions (low  160-bit) - Expected        0.0, actual          0  (1.000x) (^ 0)
Testing all collisions (high 128-bit) - Expected        0.0, actual          0  (1.000x) (^ 0)
Testing all collisions (low  128-bit) - Expected        0.0, actual          0  (1.000x) (^ 0)
Testing all collisions (high  64-bit) - Expected        0.0, actual          0  (1.000x) (^ 0)
Testing all collisions (low   64-bit) - Expected        0.0, actual          0  (1.000x) (^ 0)
Testing all collisions (high  40-bit) - Expected      128.0, actual        137  (1.070x) (^ 2)
Testing all collisions (low   40-bit) - Expected      128.0, actual        144  (1.125x) (^ 3)
Testing all collisions (high  32-bit) - Expected    32725.4, actual      32667  (0.998x) (^ 0)
Testing all collisions (low   32-bit) - Expected    32725.4, actual      32665  (0.998x) (^ 0)
Testing all collisions (high 22..43 bits) - Worst is 42 bits: 40/32             (1.250x) (^ 0)
Testing all collisions (low  22..43 bits) - Worst is 41 bits: 85/64             (1.328x) (^ 2)
Testing distribution   (any   8..21 bits) - Worst bias is 12 bits at bit  98:    0.651x  (^ 0)
---Analyzing differential distribution
Testing all collisions (     256-bit) - Expected        0.0, actual          0  (1.000x) (^ 0)
Testing all collisions (high 224-bit) - Expected        0.0, actual          0  (1.000x) (^ 0)
Testing all collisions (low  224-bit) - Expected        0.0, actual          0  (1.000x) (^ 0)
Testing all collisions (high 160-bit) - Expected        0.0, actual          0  (1.000x) (^ 0)
Testing all collisions (low  160-bit) - Expected        0.0, actual          0  (1.000x) (^ 0)
Testing all collisions (high 128-bit) - Expected        0.0, actual          0  (1.000x) (^ 0)
Testing all collisions (low  128-bit) - Expected        0.0, actual          0  (1.000x) (^ 0)
Testing all collisions (high  64-bit) - Expected        0.0, actual          0  (1.000x) (^ 0)
Testing all collisions (low   64-bit) - Expected        0.0, actual          0  (1.000x) (^ 0)
Testing all collisions (high  40-bit) - Expected      128.0, actual        126  (0.984x) (^ 0)
Testing all collisions (low   40-bit) - Expected      128.0, actual        135  (1.055x) (^ 1)
Testing all collisions (high  32-bit) - Expected    32725.4, actual      32810  (1.003x) (^ 1)
Testing all collisions (low   32-bit) - Expected    32725.4, actual      32425  (0.991x) (^ 0)
Testing all collisions (high 22..43 bits) - Worst is 24 bits: 6174923/6171991   (1.000x) (^ 0)
Testing all collisions (low  22..43 bits) - Worst is 25 bits: 3577776/3574575   (1.001x) (^ 0)
Testing distribution   (any   8..21 bits) - Worst bias is 10 bits at bit  38:    0.766x  (^ 0)

Keyset 'Combination 8-bytes [0, high bit; BE]' - up to 23 blocks from a set of 2 - 16777214 keys
Testing all collisions (     256-bit) - Expected        0.0, actual          0  (1.000x) (^ 0)
Testing all collisions (high 224-bit) - Expected        0.0, actual          0  (1.000x) (^ 0)
Testing all collisions (low  224-bit) - Expected        0.0, actual          0  (1.000x) (^ 0)
Testing all collisions (high 160-bit) - Expected        0.0, actual          0  (1.000x) (^ 0)
Testing all collisions (low  160-bit) - Expected        0.0, actual          0  (1.000x) (^ 0)
Testing all collisions (high 128-bit) - Expected        0.0, actual          0  (1.000x) (^ 0)
Testing all collisions (low  128-bit) - Expected        0.0, actual          0  (1.000x) (^ 0)
Testing all collisions (high  64-bit) - Expected        0.0, actual          0  (1.000x) (^ 0)
Testing all collisions (low   64-bit) - Expected        0.0, actual          0  (1.000x) (^ 0)
Testing all collisions (high  40-bit) - Expected      128.0, actual        113  (0.883x) (^ 0)
Testing all collisions (low   40-bit) - Expected      128.0, actual        130  (1.016x) (^ 1)
Testing all collisions (high  32-bit) - Expected    32725.4, actual      32917  (1.006x) (^ 2)
Testing all collisions (low   32-bit) - Expected    32725.4, actual      32821  (1.003x) (^ 1)
Testing all collisions (high 22..43 bits) - Worst is 32 bits: 32917/32725       (1.006x) (^ 0)
Testing all collisions (low  22..43 bits) - Worst is 31 bits: 65789/65366       (1.006x) (^ 0)
Testing distribution   (any   8..21 bits) - Worst bias is 21 bits at bit 183:    0.456x  (^ 0)
---Analyzing differential distribution
Testing all collisions (     256-bit) - Expected        0.0, actual          0  (1.000x) (^ 0)
Testing all collisions (high 224-bit) - Expected        0.0, actual          0  (1.000x) (^ 0)
Testing all collisions (low  224-bit) - Expected        0.0, actual          0  (1.000x) (^ 0)
Testing all collisions (high 160-bit) - Expected        0.0, actual          0  (1.000x) (^ 0)
Testing all collisions (low  160-bit) - Expected        0.0, actual          0  (1.000x) (^ 0)
Testing all collisions (high 128-bit) - Expected        0.0, actual          0  (1.000x) (^ 0)
Testing all collisions (low  128-bit) - Expected        0.0, actual          0  (1.000x) (^ 0)
Testing all collisions (high  64-bit) - Expected        0.0, actual          0  (1.000x) (^ 0)
Testing all collisions (low   64-bit) - Expected        0.0, actual          0  (1.000x) (^ 0)
Testing all collisions (high  40-bit) - Expected      128.0, actual        123  (0.961x) (^ 0)
Testing all collisions (low   40-bit) - Expected      128.0, actual        133  (1.039x) (^ 1)
Testing all collisions (high  32-bit) - Expected    32725.4, actual      32929  (1.006x) (^ 2)
Testing all collisions (low   32-bit) - Expected    32725.4, actual      32443  (0.991x) (^ 0)
Testing all collisions (high 22..43 bits) - Worst is 28 bits: 515208/513534     (1.003x) (^ 2)
Testing all collisions (low  22..43 bits) - Worst is 43 bits: 24/16             (1.500x) (^ 0)
Testing distribution   (any   8..21 bits) - Worst bias is 21 bits at bit 243:    0.502x  (^ 0)

Keyset 'Combination 16-bytes [0, low bit; LE]' - up to 23 blocks from a set of 2 - 16777214 keys
Testing all collisions (     256-bit) - Expected        0.0, actual          0  (1.000x) (^ 0)
Testing all collisions (high 224-bit) - Expected        0.0, actual          0  (1.000x) (^ 0)
Testing all collisions (low  224-bit) - Expected        0.0, actual          0  (1.000x) (^ 0)
Testing all collisions (high 160-bit) - Expected        0.0, actual          0  (1.000x) (^ 0)
Testing all collisions (low  160-bit) - Expected        0.0, actual          0  (1.000x) (^ 0)
Testing all collisions (high 128-bit) - Expected        0.0, actual          0  (1.000x) (^ 0)
Testing all collisions (low  128-bit) - Expected        0.0, actual          0  (1.000x) (^ 0)
Testing all collisions (high  64-bit) - Expected        0.0, actual          0  (1.000x) (^ 0)
Testing all collisions (low   64-bit) - Expected        0.0, actual          0  (1.000x) (^ 0)
Testing all collisions (high  40-bit) - Expected      128.0, actual        143  (1.117x) (^ 3)
Testing all collisions (low   40-bit) - Expected      128.0, actual        118  (0.922x) (^ 0)
Testing all collisions (high  32-bit) - Expected    32725.4, actual      32771  (1.001x) (^ 1)
Testing all collisions (low   32-bit) - Expected    32725.4, actual      32851  (1.004x) (^ 2)
Testing all collisions (high 22..43 bits) - Worst is 40 bits: 143/128           (1.117x) (^ 0)
Testing all collisions (low  22..43 bits) - Worst is 34 bits: 8332/8189         (1.017x) (^ 0)
Testing distribution   (any   8..21 bits) - Worst bias is 18 bits at bit 205:    0.585x  (^ 0)
---Analyzing differential distribution
Testing all collisions (     256-bit) - Expected        0.0, actual          0  (1.000x) (^ 0)
Testing all collisions (high 224-bit) - Expected        0.0, actual          0  (1.000x) (^ 0)
Testing all collisions (low  224-bit) - Expected        0.0, actual          0  (1.000x) (^ 0)
Testing all collisions (high 160-bit) - Expected        0.0, actual          0  (1.000x) (^ 0)
Testing all collisions (low  160-bit) - Expected        0.0, actual          0  (1.000x) (^ 0)
Testing all collisions (high 128-bit) - Expected        0.0, actual          0  (1.000x) (^ 0)
Testing all collisions (low  128-bit) - Expected        0.0, actual          0  (1.000x) (^ 0)
Testing all collisions (high  64-bit) - Expected        0.0, actual          0  (1.000x) (^ 0)
Testing all collisions (low   64-bit) - Expected        0.0, actual          0  (1.000x) (^ 0)
Testing all collisions (high  40-bit) - Expected      128.0, actual        134  (1.047x) (^ 1)
Testing all collisions (low   40-bit) - Expected      128.0, actual        140  (1.094x) (^ 2)
Testing all collisions (high  32-bit) - Expected    32725.4, actual      32589  (0.996x) (^ 0)
Testing all collisions (low   32-bit) - Expected    32725.4, actual      32848  (1.004x) (^ 2)
Testing all collisions (high 22..43 bits) - Worst is 28 bits: 514304/513534     (1.001x) (^ 0)
Testing all collisions (low  22..43 bits) - Worst is 31 bits: 66040/65366       (1.010x) (^ 3)
Testing distribution   (any   8..21 bits) - Worst bias is 19 bits at bit  51:    0.567x  (^ 0)

Keyset 'Combination 16-bytes [0, low bit; BE]' - up to 23 blocks from a set of 2 - 16777214 keys
Testing all collisions (     256-bit) - Expected        0.0, actual          0  (1.000x) (^ 0)
Testing all collisions (high 224-bit) - Expected        0.0, actual          0  (1.000x) (^ 0)
Testing all collisions (low  224-bit) - Expected        0.0, actual          0  (1.000x) (^ 0)
Testing all collisions (high 160-bit) - Expected        0.0, actual          0  (1.000x) (^ 0)
Testing all collisions (low  160-bit) - Expected        0.0, actual          0  (1.000x) (^ 0)
Testing all collisions (high 128-bit) - Expected        0.0, actual          0  (1.000x) (^ 0)
Testing all collisions (low  128-bit) - Expected        0.0, actual          0  (1.000x) (^ 0)
Testing all collisions (high  64-bit) - Expected        0.0, actual          0  (1.000x) (^ 0)
Testing all collisions (low   64-bit) - Expected        0.0, actual          0  (1.000x) (^ 0)
Testing all collisions (high  40-bit) - Expected      128.0, actual        125  (0.977x) (^ 0)
Testing all collisions (low   40-bit) - Expected      128.0, actual        128  (1.000x) (^ 1)
Testing all collisions (high  32-bit) - Expected    32725.4, actual      32776  (1.002x) (^ 1)
Testing all collisions (low   32-bit) - Expected    32725.4, actual      32512  (0.993x) (^ 0)
Testing all collisions (high 22..43 bits) - Worst is 33 bits: 16590/16373       (1.013x) (^ 0)
Testing all collisions (low  22..43 bits) - Worst is 41 bits: 73/64             (1.141x) (^ 0)
Testing distribution   (any   8..21 bits) - Worst bias is 10 bits at bit  15:    0.854x  (^ 2)
---Analyzing differential distribution
Testing all collisions (     256-bit) - Expected        0.0, actual          0  (1.000x) (^ 0)
Testing all collisions (high 224-bit) - Expected        0.0, actual          0  (1.000x) (^ 0)
Testing all collisions (low  224-bit) - Expected        0.0, actual          0  (1.000x) (^ 0)
Testing all collisions (high 160-bit) - Expected        0.0, actual          0  (1.000x) (^ 0)
Testing all collisions (low  160-bit) - Expected        0.0, actual          0  (1.000x) (^ 0)
Testing all collisions (high 128-bit) - Expected        0.0, actual          0  (1.000x) (^ 0)
Testing all collisions (low  128-bit) - Expected        0.0, actual          0  (1.000x) (^ 0)
Testing all collisions (high  64-bit) - Expected        0.0, actual          0  (1.000x) (^ 0)
Testing all collisions (low   64-bit) - Expected        0.0, actual          0  (1.000x) (^ 0)
Testing all collisions (high  40-bit) - Expected      128.0, actual        127  (0.992x) (^ 0)
Testing all collisions (low   40-bit) - Expected      128.0, actual        118  (0.922x) (^ 0)
Testing all collisions (high  32-bit) - Expected    32725.4, actual      32501  (0.993x) (^ 0)
Testing all collisions (low   32-bit) - Expected    32725.4, actual      32429  (0.991x) (^ 0)
Testing all collisions (high 22..43 bits) - Worst is 36 bits: 2104/2048         (1.027x) (^ 0)
Testing all collisions (low  22..43 bits) - Worst is 26 bits: 1934262/1932787   (1.001x) (^ 0)
Testing distribution   (any   8..21 bits) - Worst bias is  8 bits at bit 241:    0.833x  (^ 0)

Keyset 'Combination 16-bytes [0, high bit; LE]' - up to 23 blocks from a set of 2 - 16777214 keys
Testing all collisions (     256-bit) - Expected        0.0, actual          0  (1.000x) (^ 0)
Testing all collisions (high 224-bit) - Expected        0.0, actual          0  (1.000x) (^ 0)
Testing all collisions (low  224-bit) - Expected        0.0, actual          0  (1.000x) (^ 0)
Testing all collisions (high 160-bit) - Expected        0.0, actual          0  (1.000x) (^ 0)
Testing all collisions (low  160-bit) - Expected        0.0, actual          0  (1.000x) (^ 0)
Testing all collisions (high 128-bit) - Expected        0.0, actual          0  (1.000x) (^ 0)
Testing all collisions (low  128-bit) - Expected        0.0, actual          0  (1.000x) (^ 0)
Testing all collisions (high  64-bit) - Expected        0.0, actual          0  (1.000x) (^ 0)
Testing all collisions (low   64-bit) - Expected        0.0, actual          0  (1.000x) (^ 0)
Testing all collisions (high  40-bit) - Expected      128.0, actual        138  (1.078x) (^ 2)
Testing all collisions (low   40-bit) - Expected      128.0, actual        140  (1.094x) (^ 2)
Testing all collisions (high  32-bit) - Expected    32725.4, actual      32712  (1.000x) (^ 0)
Testing all collisions (low   32-bit) - Expected    32725.4, actual      32930  (1.006x) (^ 2)
Testing all collisions (high 22..43 bits) - Worst is 39 bits: 274/256           (1.070x) (^ 0)
Testing all collisions (low  22..43 bits) - Worst is 26 bits: 1934612/1932787   (1.001x) (^ 0)
Testing distribution   (any   8..21 bits) - Worst bias is 13 bits at bit  29:    0.649x  (^ 0)
---Analyzing differential distribution
Testing all collisions (     256-bit) - Expected        0.0, actual          0  (1.000x) (^ 0)
Testing all collisions (high 224-bit) - Expected        0.0, actual          0  (1.000x) (^ 0)
Testing all collisions (low  224-bit) - Expected        0.0, actual          0  (1.000x) (^ 0)
Testing all collisions (high 160-bit) - Expected        0.0, actual          0  (1.000x) (^ 0)
Testing all collisions (low  160-bit) - Expected        0.0, actual          0  (1.000x) (^ 0)
Testing all collisions (high 128-bit) - Expected        0.0, actual          0  (1.000x) (^ 0)
Testing all collisions (low  128-bit) - Expected        0.0, actual          0  (1.000x) (^ 0)
Testing all collisions (high  64-bit) - Expected        0.0, actual          0  (1.000x) (^ 0)
Testing all collisions (low   64-bit) - Expected        0.0, actual          0  (1.000x) (^ 0)
Testing all collisions (high  40-bit) - Expected      128.0, actual        114  (0.891x) (^ 0)
Testing all collisions (low   40-bit) - Expected      128.0, actual        127  (0.992x) (^ 0)
Testing all collisions (high  32-bit) - Expected    32725.4, actual      32819  (1.003x) (^ 1)
Testing all collisions (low   32-bit) - Expected    32725.4, actual      32302  (0.987x) (^ 0)
Testing all collisions (high 22..43 bits) - Worst is 28 bits: 515846/513534     (1.005x) (^ 6)
Testing all collisions (low  22..43 bits) - Worst is 42 bits: 35/32             (1.094x) (^ 0)
Testing distribution   (any   8..21 bits) - Worst bias is 13 bits at bit 219:    0.812x  (^ 4)

Keyset 'Combination 16-bytes [0, high bit; BE]' - up to 23 blocks from a set of 2 - 16777214 keys
Testing all collisions (     256-bit) - Expected        0.0, actual          0  (1.000x) (^ 0)
Testing all collisions (high 224-bit) - Expected        0.0, actual          0  (1.000x) (^ 0)
Testing all collisions (low  224-bit) - Expected        0.0, actual          0  (1.000x) (^ 0)
Testing all collisions (high 160-bit) - Expected        0.0, actual          0  (1.000x) (^ 0)
Testing all collisions (low  160-bit) - Expected        0.0, actual          0  (1.000x) (^ 0)
Testing all collisions (high 128-bit) - Expected        0.0, actual          0  (1.000x) (^ 0)
Testing all collisions (low  128-bit) - Expected        0.0, actual          0  (1.000x) (^ 0)
Testing all collisions (high  64-bit) - Expected        0.0, actual          0  (1.000x) (^ 0)
Testing all collisions (low   64-bit) - Expected        0.0, actual          0  (1.000x) (^ 0)
Testing all collisions (high  40-bit) - Expected      128.0, actual        128  (1.000x) (^ 1)
Testing all collisions (low   40-bit) - Expected      128.0, actual        127  (0.992x) (^ 0)
Testing all collisions (high  32-bit) - Expected    32725.4, actual      32629  (0.997x) (^ 0)
Testing all collisions (low   32-bit) - Expected    32725.4, actual      32750  (1.001x) (^ 1)
Testing all collisions (high 22..43 bits) - Worst is 26 bits: 1934570/1932787   (1.001x) (^ 0)
Testing all collisions (low  22..43 bits) - Worst is 27 bits: 1009474/1006217   (1.003x) (^ 6)
Testing distribution   (any   8..21 bits) - Worst bias is 20 bits at bit 225:    0.509x  (^ 0)
---Analyzing differential distribution
Testing all collisions (     256-bit) - Expected        0.0, actual          0  (1.000x) (^ 0)
Testing all collisions (high 224-bit) - Expected        0.0, actual          0  (1.000x) (^ 0)
Testing all collisions (low  224-bit) - Expected        0.0, actual          0  (1.000x) (^ 0)
Testing all collisions (high 160-bit) - Expected        0.0, actual          0  (1.000x) (^ 0)
Testing all collisions (low  160-bit) - Expected        0.0, actual          0  (1.000x) (^ 0)
Testing all collisions (high 128-bit) - Expected        0.0, actual          0  (1.000x) (^ 0)
Testing all collisions (low  128-bit) - Expected        0.0, actual          0  (1.000x) (^ 0)
Testing all collisions (high  64-bit) - Expected        0.0, actual          0  (1.000x) (^ 0)
Testing all collisions (low   64-bit) - Expected        0.0, actual          0  (1.000x) (^ 0)
Testing all collisions (high  40-bit) - Expected      128.0, actual        156  (1.219x) (^ 6)
Testing all collisions (low   40-bit) - Expected      128.0, actual        123  (0.961x) (^ 0)
Testing all collisions (high  32-bit) - Expected    32725.4, actual      32699  (0.999x) (^ 0)
Testing all collisions (low   32-bit) - Expected    32725.4, actual      32707  (0.999x) (^ 0)
Testing all collisions (high 22..43 bits) - Worst is 37 bits: 1116/1024         (1.090x) (^ 4)
Testing all collisions (low  22..43 bits) - Worst is 38 bits: 535/512           (1.045x) (^ 0)
Testing distribution   (any   8..21 bits) - Worst bias is 20 bits at bit 211:    0.639x  (^ 3)

Keyset 'Combination 32-bytes [0, low bit; LE]' - up to 23 blocks from a set of 2 - 16777214 keys
Testing all collisions (     256-bit) - Expected        0.0, actual          0  (1.000x) (^ 0)
Testing all collisions (high 224-bit) - Expected        0.0, actual          0  (1.000x) (^ 0)
Testing all collisions (low  224-bit) - Expected        0.0, actual          0  (1.000x) (^ 0)
Testing all collisions (high 160-bit) - Expected        0.0, actual          0  (1.000x) (^ 0)
Testing all collisions (low  160-bit) - Expected        0.0, actual          0  (1.000x) (^ 0)
Testing all collisions (high 128-bit) - Expected        0.0, actual          0  (1.000x) (^ 0)
Testing all collisions (low  128-bit) - Expected        0.0, actual          0  (1.000x) (^ 0)
Testing all collisions (high  64-bit) - Expected        0.0, actual          0  (1.000x) (^ 0)
Testing all collisions (low   64-bit) - Expected        0.0, actual          0  (1.000x) (^ 0)
Testing all collisions (high  40-bit) - Expected      128.0, actual        123  (0.961x) (^ 0)
Testing all collisions (low   40-bit) - Expected      128.0, actual        123  (0.961x) (^ 0)
Testing all collisions (high  32-bit) - Expected    32725.4, actual      32822  (1.003x) (^ 1)
Testing all collisions (low   32-bit) - Expected    32725.4, actual      32634  (0.997x) (^ 0)
Testing all collisions (high 22..43 bits) - Worst is 28 bits: 514669/513534     (1.002x) (^ 0)
Testing all collisions (low  22..43 bits) - Worst is 34 bits: 8313/8189         (1.015x) (^ 0)
Testing distribution   (any   8..21 bits) - Worst bias is 12 bits at bit  78:    0.659x  (^ 0)
---Analyzing differential distribution
Testing all collisions (     256-bit) - Expected        0.0, actual          0  (1.000x) (^ 0)
Testing all collisions (high 224-bit) - Expected        0.0, actual          0  (1.000x) (^ 0)
Testing all collisions (low  224-bit) - Expected        0.0, actual          0  (1.000x) (^ 0)
Testing all collisions (high 160-bit) - Expected        0.0, actual          0  (1.000x) (^ 0)
Testing all collisions (low  160-bit) - Expected        0.0, actual          0  (1.000x) (^ 0)
Testing all collisions (high 128-bit) - Expected        0.0, actual          0  (1.000x) (^ 0)
Testing all collisions (low  128-bit) - Expected        0.0, actual          0  (1.000x) (^ 0)
Testing all collisions (high  64-bit) - Expected        0.0, actual          0  (1.000x) (^ 0)
Testing all collisions (low   64-bit) - Expected        0.0, actual          0  (1.000x) (^ 0)
Testing all collisions (high  40-bit) - Expected      128.0, actual        118  (0.922x) (^ 0)
Testing all collisions (low   40-bit) - Expected      128.0, actual        122  (0.953x) (^ 0)
Testing all collisions (high  32-bit) - Expected    32725.4, actual      32852  (1.004x) (^ 2)
Testing all collisions (low   32-bit) - Expected    32725.4, actual      32785  (1.002x) (^ 1)
Testing all collisions (high 22..43 bits) - Worst is 33 bits: 16485/16373       (1.007x) (^ 0)
Testing all collisions (low  22..43 bits) - Worst is 31 bits: 65563/65366       (1.003x) (^ 0)
Testing distribution   (any   8..21 bits) - Worst bias is 17 bits at bit 132:    0.618x  (^ 1)

Keyset 'Combination 32-bytes [0, low bit; BE]' - up to 23 blocks from a set of 2 - 16777214 keys
Testing all collisions (     256-bit) - Expected        0.0, actual          0  (1.000x) (^ 0)
Testing all collisions (high 224-bit) - Expected        0.0, actual          0  (1.000x) (^ 0)
Testing all collisions (low  224-bit) - Expected        0.0, actual          0  (1.000x) (^ 0)
Testing all collisions (high 160-bit) - Expected        0.0, actual          0  (1.000x) (^ 0)
Testing all collisions (low  160-bit) - Expected        0.0, actual          0  (1.000x) (^ 0)
Testing all collisions (high 128-bit) - Expected        0.0, actual          0  (1.000x) (^ 0)
Testing all collisions (low  128-bit) - Expected        0.0, actual          0  (1.000x) (^ 0)
Testing all collisions (high  64-bit) - Expected        0.0, actual          0  (1.000x) (^ 0)
Testing all collisions (low   64-bit) - Expected        0.0, actual          0  (1.000x) (^ 0)
Testing all collisions (high  40-bit) - Expected      128.0, actual        123  (0.961x) (^ 0)
Testing all collisions (low   40-bit) - Expected      128.0, actual        126  (0.984x) (^ 0)
Testing all collisions (high  32-bit) - Expected    32725.4, actual      32942  (1.007x) (^ 3)
Testing all collisions (low   32-bit) - Expected    32725.4, actual      32766  (1.001x) (^ 1)
Testing all collisions (high 22..43 bits) - Worst is 27 bits: 1008296/1006217   (1.002x) (^ 1)
Testing all collisions (low  22..43 bits) - Worst is 43 bits: 20/16             (1.250x) (^ 0)
Testing distribution   (any   8..21 bits) - Worst bias is  8 bits at bit   3:    1.041x  (^ 4)
---Analyzing differential distribution
Testing all collisions (     256-bit) - Expected        0.0, actual          0  (1.000x) (^ 0)
Testing all collisions (high 224-bit) - Expected        0.0, actual          0  (1.000x) (^ 0)
Testing all collisions (low  224-bit) - Expected        0.0, actual          0  (1.000x) (^ 0)
Testing all collisions (high 160-bit) - Expected        0.0, actual          0  (1.000x) (^ 0)
Testing all collisions (low  160-bit) - Expected        0.0, actual          0  (1.000x) (^ 0)
Testing all collisions (high 128-bit) - Expected        0.0, actual          0  (1.000x) (^ 0)
Testing all collisions (low  128-bit) - Expected        0.0, actual          0  (1.000x) (^ 0)
Testing all collisions (high  64-bit) - Expected        0.0, actual          0  (1.000x) (^ 0)
Testing all collisions (low   64-bit) - Expected        0.0, actual          0  (1.000x) (^ 0)
Testing all collisions (high  40-bit) - Expected      128.0, actual        125  (0.977x) (^ 0)
Testing all collisions (low   40-bit) - Expected      128.0, actual        145  (1.133x) (^ 3)
Testing all collisions (high  32-bit) - Expected    32725.4, actual      32586  (0.996x) (^ 0)
Testing all collisions (low   32-bit) - Expected    32725.4, actual      33358  (1.019x) (^11)
Testing all collisions (high 22..43 bits) - Worst is 24 bits: 6174766/6171991   (1.000x) (^ 0)
Testing all collisions (low  22..43 bits) - Worst is 32 bits: 33358/32725       (1.019x) (^ 7)
Testing distribution   (any   8..21 bits) - Worst bias is 11 bits at bit 244:    0.687x  (^ 0)

Keyset 'Combination 32-bytes [0, high bit; LE]' - up to 23 blocks from a set of 2 - 16777214 keys
Testing all collisions (     256-bit) - Expected        0.0, actual          0  (1.000x) (^ 0)
Testing all collisions (high 224-bit) - Expected        0.0, actual          0  (1.000x) (^ 0)
Testing all collisions (low  224-bit) - Expected        0.0, actual          0  (1.000x) (^ 0)
Testing all collisions (high 160-bit) - Expected        0.0, actual          0  (1.000x) (^ 0)
Testing all collisions (low  160-bit) - Expected        0.0, actual          0  (1.000x) (^ 0)
Testing all collisions (high 128-bit) - Expected        0.0, actual          0  (1.000x) (^ 0)
Testing all collisions (low  128-bit) - Expected        0.0, actual          0  (1.000x) (^ 0)
Testing all collisions (high  64-bit) - Expected        0.0, actual          0  (1.000x) (^ 0)
Testing all collisions (low   64-bit) - Expected        0.0, actual          0  (1.000x) (^ 0)
Testing all collisions (high  40-bit) - Expected      128.0, actual        124  (0.969x) (^ 0)
Testing all collisions (low   40-bit) - Expected      128.0, actual        133  (1.039x) (^ 1)
Testing all collisions (high  32-bit) - Expected    32725.4, actual      32685  (0.999x) (^ 0)
Testing all collisions (low   32-bit) - Expected    32725.4, actual      32863  (1.004x) (^ 2)
Testing all collisions (high 22..43 bits) - Worst is 27 bits: 1007191/1006217   (1.001x) (^ 0)
Testing all collisions (low  22..43 bits) - Worst is 31 bits: 65931/65366       (1.009x) (^ 1)
Testing distribution   (any   8..21 bits) - Worst bias is  8 bits at bit 181:    0.934x  (^ 1)
---Analyzing differential distribution
Testing all collisions (     256-bit) - Expected        0.0, actual          0  (1.000x) (^ 0)
Testing all collisions (high 224-bit) - Expected        0.0, actual          0  (1.000x) (^ 0)
Testing all collisions (low  224-bit) - Expected        0.0, actual          0  (1.000x) (^ 0)
Testing all collisions (high 160-bit) - Expected        0.0, actual          0  (1.000x) (^ 0)
Testing all collisions (low  160-bit) - Expected        0.0, actual          0  (1.000x) (^ 0)
Testing all collisions (high 128-bit) - Expected        0.0, actual          0  (1.000x) (^ 0)
Testing all collisions (low  128-bit) - Expected        0.0, actual          0  (1.000x) (^ 0)
Testing all collisions (high  64-bit) - Expected        0.0, actual          0  (1.000x) (^ 0)
Testing all collisions (low   64-bit) - Expected        0.0, actual          0  (1.000x) (^ 0)
Testing all collisions (high  40-bit) - Expected      128.0, actual        112  (0.875x) (^ 0)
Testing all collisions (low   40-bit) - Expected      128.0, actual        124  (0.969x) (^ 0)
Testing all collisions (high  32-bit) - Expected    32725.4, actual      32731  (1.000x) (^ 1)
Testing all collisions (low   32-bit) - Expected    32725.4, actual      33018  (1.009x) (^ 4)
Testing all collisions (high 22..43 bits) - Worst is 27 bits: 1006363/1006217   (1.000x) (^ 0)
Testing all collisions (low  22..43 bits) - Worst is 31 bits: 65826/65366       (1.007x) (^ 0)
Testing distribution   (any   8..21 bits) - Worst bias is 12 bits at bit   4:    0.747x  (^ 1)

Keyset 'Combination 32-bytes [0, high bit; BE]' - up to 23 blocks from a set of 2 - 16777214 keys
Testing all collisions (     256-bit) - Expected        0.0, actual          0  (1.000x) (^ 0)
Testing all collisions (high 224-bit) - Expected        0.0, actual          0  (1.000x) (^ 0)
Testing all collisions (low  224-bit) - Expected        0.0, actual          0  (1.000x) (^ 0)
Testing all collisions (high 160-bit) - Expected        0.0, actual          0  (1.000x) (^ 0)
Testing all collisions (low  160-bit) - Expected        0.0, actual          0  (1.000x) (^ 0)
Testing all collisions (high 128-bit) - Expected        0.0, actual          0  (1.000x) (^ 0)
Testing all collisions (low  128-bit) - Expected        0.0, actual          0  (1.000x) (^ 0)
Testing all collisions (high  64-bit) - Expected        0.0, actual          0  (1.000x) (^ 0)
Testing all collisions (low   64-bit) - Expected        0.0, actual          0  (1.000x) (^ 0)
Testing all collisions (high  40-bit) - Expected      128.0, actual        133  (1.039x) (^ 1)
Testing all collisions (low   40-bit) - Expected      128.0, actual        121  (0.945x) (^ 0)
Testing all collisions (high  32-bit) - Expected    32725.4, actual      32617  (0.997x) (^ 0)
Testing all collisions (low   32-bit) - Expected    32725.4, actual      32522  (0.994x) (^ 0)
Testing all collisions (high 22..43 bits) - Worst is 36 bits: 2102/2048         (1.026x) (^ 0)
Testing all collisions (low  22..43 bits) - Worst is 31 bits: 65674/65366       (1.005x) (^ 0)
Testing distribution   (any   8..21 bits) - Worst bias is 13 bits at bit 124:    0.766x  (^ 2)
---Analyzing differential distribution
Testing all collisions (     256-bit) - Expected        0.0, actual          0  (1.000x) (^ 0)
Testing all collisions (high 224-bit) - Expected        0.0, actual          0  (1.000x) (^ 0)
Testing all collisions (low  224-bit) - Expected        0.0, actual          0  (1.000x) (^ 0)
Testing all collisions (high 160-bit) - Expected        0.0, actual          0  (1.000x) (^ 0)
Testing all collisions (low  160-bit) - Expected        0.0, actual          0  (1.000x) (^ 0)
Testing all collisions (high 128-bit) - Expected        0.0, actual          0  (1.000x) (^ 0)
Testing all collisions (low  128-bit) - Expected        0.0, actual          0  (1.000x) (^ 0)
Testing all collisions (high  64-bit) - Expected        0.0, actual          0  (1.000x) (^ 0)
Testing all collisions (low   64-bit) - Expected        0.0, actual          0  (1.000x) (^ 0)
Testing all collisions (high  40-bit) - Expected      128.0, actual        144  (1.125x) (^ 3)
Testing all collisions (low   40-bit) - Expected      128.0, actual        132  (1.031x) (^ 1)
Testing all collisions (high  32-bit) - Expected    32725.4, actual      32904  (1.005x) (^ 2)
Testing all collisions (low   32-bit) - Expected    32725.4, actual      32474  (0.992x) (^ 0)
Testing all collisions (high 22..43 bits) - Worst is 41 bits: 78/64             (1.219x) (^ 0)
Testing all collisions (low  22..43 bits) - Worst is 35 bits: 4168/4095         (1.018x) (^ 0)
Testing distribution   (any   8..21 bits) - Worst bias is 11 bits at bit 101:    0.818x  (^ 2)

Keyset 'Combination 64-bytes [0, low bit; LE]' - up to 23 blocks from a set of 2 - 16777214 keys
Testing all collisions (     256-bit) - Expected        0.0, actual          0  (1.000x) (^ 0)
Testing all collisions (high 224-bit) - Expected        0.0, actual          0  (1.000x) (^ 0)
Testing all collisions (low  224-bit) - Expected        0.0, actual          0  (1.000x) (^ 0)
Testing all collisions (high 160-bit) - Expected        0.0, actual          0  (1.000x) (^ 0)
Testing all collisions (low  160-bit) - Expected        0.0, actual          0  (1.000x) (^ 0)
Testing all collisions (high 128-bit) - Expected        0.0, actual          0  (1.000x) (^ 0)
Testing all collisions (low  128-bit) - Expected        0.0, actual          0  (1.000x) (^ 0)
Testing all collisions (high  64-bit) - Expected        0.0, actual          0  (1.000x) (^ 0)
Testing all collisions (low   64-bit) - Expected        0.0, actual          0  (1.000x) (^ 0)
Testing all collisions (high  40-bit) - Expected      128.0, actual        129  (1.008x) (^ 1)
Testing all collisions (low   40-bit) - Expected      128.0, actual        126  (0.984x) (^ 0)
Testing all collisions (high  32-bit) - Expected    32725.4, actual      32685  (0.999x) (^ 0)
Testing all collisions (low   32-bit) - Expected    32725.4, actual      32594  (0.996x) (^ 0)
Testing all collisions (high 22..43 bits) - Worst is 41 bits: 71/64             (1.109x) (^ 0)
Testing all collisions (low  22..43 bits) - Worst is 28 bits: 514988/513534     (1.003x) (^ 1)
Testing distribution   (any   8..21 bits) - Worst bias is 16 bits at bit 133:    0.538x  (^ 0)
---Analyzing differential distribution
Testing all collisions (     256-bit) - Expected        0.0, actual          0  (1.000x) (^ 0)
Testing all collisions (high 224-bit) - Expected        0.0, actual          0  (1.000x) (^ 0)
Testing all collisions (low  224-bit) - Expected        0.0, actual          0  (1.000x) (^ 0)
Testing all collisions (high 160-bit) - Expected        0.0, actual          0  (1.000x) (^ 0)
Testing all collisions (low  160-bit) - Expected        0.0, actual          0  (1.000x) (^ 0)
Testing all collisions (high 128-bit) - Expected        0.0, actual          0  (1.000x) (^ 0)
Testing all collisions (low  128-bit) - Expected        0.0, actual          0  (1.000x) (^ 0)
Testing all collisions (high  64-bit) - Expected        0.0, actual          0  (1.000x) (^ 0)
Testing all collisions (low   64-bit) - Expected        0.0, actual          0  (1.000x) (^ 0)
Testing all collisions (high  40-bit) - Expected      128.0, actual        112  (0.875x) (^ 0)
Testing all collisions (low   40-bit) - Expected      128.0, actual        134  (1.047x) (^ 1)
Testing all collisions (high  32-bit) - Expected    32725.4, actual      32739  (1.000x) (^ 1)
Testing all collisions (low   32-bit) - Expected    32725.4, actual      32549  (0.995x) (^ 0)
Testing all collisions (high 22..43 bits) - Worst is 28 bits: 514027/513534     (1.001x) (^ 0)
Testing all collisions (low  22..43 bits) - Worst is 39 bits: 272/256           (1.063x) (^ 0)
Testing distribution   (any   8..21 bits) - Worst bias is  8 bits at bit 139:    0.902x  (^ 1)

Keyset 'Combination 64-bytes [0, low bit; BE]' - up to 23 blocks from a set of 2 - 16777214 keys
Testing all collisions (     256-bit) - Expected        0.0, actual          0  (1.000x) (^ 0)
Testing all collisions (high 224-bit) - Expected        0.0, actual          0  (1.000x) (^ 0)
Testing all collisions (low  224-bit) - Expected        0.0, actual          0  (1.000x) (^ 0)
Testing all collisions (high 160-bit) - Expected        0.0, actual          0  (1.000x) (^ 0)
Testing all collisions (low  160-bit) - Expected        0.0, actual          0  (1.000x) (^ 0)
Testing all collisions (high 128-bit) - Expected        0.0, actual          0  (1.000x) (^ 0)
Testing all collisions (low  128-bit) - Expected        0.0, actual          0  (1.000x) (^ 0)
Testing all collisions (high  64-bit) - Expected        0.0, actual          0  (1.000x) (^ 0)
Testing all collisions (low   64-bit) - Expected        0.0, actual          0  (1.000x) (^ 0)
Testing all collisions (high  40-bit) - Expected      128.0, actual        125  (0.977x) (^ 0)
Testing all collisions (low   40-bit) - Expected      128.0, actual        127  (0.992x) (^ 0)
Testing all collisions (high  32-bit) - Expected    32725.4, actual      32573  (0.995x) (^ 0)
Testing all collisions (low   32-bit) - Expected    32725.4, actual      32499  (0.993x) (^ 0)
Testing all collisions (high 22..43 bits) - Worst is 39 bits: 265/256           (1.035x) (^ 0)
Testing all collisions (low  22..43 bits) - Worst is 42 bits: 37/32             (1.156x) (^ 0)
Testing distribution   (any   8..21 bits) - Worst bias is 12 bits at bit 150:    0.721x  (^ 0)
---Analyzing differential distribution
Testing all collisions (     256-bit) - Expected        0.0, actual          0  (1.000x) (^ 0)
Testing all collisions (high 224-bit) - Expected        0.0, actual          0  (1.000x) (^ 0)
Testing all collisions (low  224-bit) - Expected        0.0, actual          0  (1.000x) (^ 0)
Testing all collisions (high 160-bit) - Expected        0.0, actual          0  (1.000x) (^ 0)
Testing all collisions (low  160-bit) - Expected        0.0, actual          0  (1.000x) (^ 0)
Testing all collisions (high 128-bit) - Expected        0.0, actual          0  (1.000x) (^ 0)
Testing all collisions (low  128-bit) - Expected        0.0, actual          0  (1.000x) (^ 0)
Testing all collisions (high  64-bit) - Expected        0.0, actual          0  (1.000x) (^ 0)
Testing all collisions (low   64-bit) - Expected        0.0, actual          0  (1.000x) (^ 0)
Testing all collisions (high  40-bit) - Expected      128.0, actual        119  (0.930x) (^ 0)
Testing all collisions (low   40-bit) - Expected      128.0, actual        120  (0.938x) (^ 0)
Testing all collisions (high  32-bit) - Expected    32725.4, actual      32961  (1.007x) (^ 3)
Testing all collisions (low   32-bit) - Expected    32725.4, actual      32693  (0.999x) (^ 0)
Testing all collisions (high 22..43 bits) - Worst is 29 bits: 260333/259434     (1.003x) (^ 0)
Testing all collisions (low  22..43 bits) - Worst is 36 bits: 2112/2048         (1.031x) (^ 0)
Testing distribution   (any   8..21 bits) - Worst bias is 13 bits at bit   2:    0.708x  (^ 1)

Keyset 'Combination 64-bytes [0, high bit; LE]' - up to 23 blocks from a set of 2 - 16777214 keys
Testing all collisions (     256-bit) - Expected        0.0, actual          0  (1.000x) (^ 0)
Testing all collisions (high 224-bit) - Expected        0.0, actual          0  (1.000x) (^ 0)
Testing all collisions (low  224-bit) - Expected        0.0, actual          0  (1.000x) (^ 0)
Testing all collisions (high 160-bit) - Expected        0.0, actual          0  (1.000x) (^ 0)
Testing all collisions (low  160-bit) - Expected        0.0, actual          0  (1.000x) (^ 0)
Testing all collisions (high 128-bit) - Expected        0.0, actual          0  (1.000x) (^ 0)
Testing all collisions (low  128-bit) - Expected        0.0, actual          0  (1.000x) (^ 0)
Testing all collisions (high  64-bit) - Expected        0.0, actual          0  (1.000x) (^ 0)
Testing all collisions (low   64-bit) - Expected        0.0, actual          0  (1.000x) (^ 0)
Testing all collisions (high  40-bit) - Expected      128.0, actual        102  (0.797x) (^ 0)
Testing all collisions (low   40-bit) - Expected      128.0, actual        130  (1.016x) (^ 1)
Testing all collisions (high  32-bit) - Expected    32725.4, actual      33009  (1.009x) (^ 4)
Testing all collisions (low   32-bit) - Expected    32725.4, actual      32686  (0.999x) (^ 0)
Testing all collisions (high 22..43 bits) - Worst is 33 bits: 16672/16373       (1.018x) (^ 2)
Testing all collisions (low  22..43 bits) - Worst is 35 bits: 4270/4095         (1.043x) (^ 3)
Testing distribution   (any   8..21 bits) - Worst bias is 11 bits at bit 150:    0.748x  (^ 0)
---Analyzing differential distribution
Testing all collisions (     256-bit) - Expected        0.0, actual          0  (1.000x) (^ 0)
Testing all collisions (high 224-bit) - Expected        0.0, actual          0  (1.000x) (^ 0)
Testing all collisions (low  224-bit) - Expected        0.0, actual          0  (1.000x) (^ 0)
Testing all collisions (high 160-bit) - Expected        0.0, actual          0  (1.000x) (^ 0)
Testing all collisions (low  160-bit) - Expected        0.0, actual          0  (1.000x) (^ 0)
Testing all collisions (high 128-bit) - Expected        0.0, actual          0  (1.000x) (^ 0)
Testing all collisions (low  128-bit) - Expected        0.0, actual          0  (1.000x) (^ 0)
Testing all collisions (high  64-bit) - Expected        0.0, actual          0  (1.000x) (^ 0)
Testing all collisions (low   64-bit) - Expected        0.0, actual          0  (1.000x) (^ 0)
Testing all collisions (high  40-bit) - Expected      128.0, actual        127  (0.992x) (^ 0)
Testing all collisions (low   40-bit) - Expected      128.0, actual        130  (1.016x) (^ 1)
Testing all collisions (high  32-bit) - Expected    32725.4, actual      32833  (1.003x) (^ 1)
Testing all collisions (low   32-bit) - Expected    32725.4, actual      32608  (0.996x) (^ 0)
Testing all collisions (high 22..43 bits) - Worst is 42 bits: 41/32             (1.281x) (^ 0)
Testing all collisions (low  22..43 bits) - Worst is 35 bits: 4160/4095         (1.016x) (^ 0)
Testing distribution   (any   8..21 bits) - Worst bias is 18 bits at bit  73:    0.523x  (^ 0)

Keyset 'Combination 64-bytes [0, high bit; BE]' - up to 23 blocks from a set of 2 - 16777214 keys
Testing all collisions (     256-bit) - Expected        0.0, actual          0  (1.000x) (^ 0)
Testing all collisions (high 224-bit) - Expected        0.0, actual          0  (1.000x) (^ 0)
Testing all collisions (low  224-bit) - Expected        0.0, actual          0  (1.000x) (^ 0)
Testing all collisions (high 160-bit) - Expected        0.0, actual          0  (1.000x) (^ 0)
Testing all collisions (low  160-bit) - Expected        0.0, actual          0  (1.000x) (^ 0)
Testing all collisions (high 128-bit) - Expected        0.0, actual          0  (1.000x) (^ 0)
Testing all collisions (low  128-bit) - Expected        0.0, actual          0  (1.000x) (^ 0)
Testing all collisions (high  64-bit) - Expected        0.0, actual          0  (1.000x) (^ 0)
Testing all collisions (low   64-bit) - Expected        0.0, actual          0  (1.000x) (^ 0)
Testing all collisions (high  40-bit) - Expected      128.0, actual        127  (0.992x) (^ 0)
Testing all collisions (low   40-bit) - Expected      128.0, actual        143  (1.117x) (^ 3)
Testing all collisions (high  32-bit) - Expected    32725.4, actual      32739  (1.000x) (^ 1)
Testing all collisions (low   32-bit) - Expected    32725.4, actual      32836  (1.003x) (^ 1)
Testing all collisions (high 22..43 bits) - Worst is 28 bits: 514520/513534     (1.002x) (^ 0)
Testing all collisions (low  22..43 bits) - Worst is 43 bits: 25/16             (1.563x) (^ 1)
Testing distribution   (any   8..21 bits) - Worst bias is 19 bits at bit  84:    0.468x  (^ 0)
---Analyzing differential distribution
Testing all collisions (     256-bit) - Expected        0.0, actual          0  (1.000x) (^ 0)
Testing all collisions (high 224-bit) - Expected        0.0, actual          0  (1.000x) (^ 0)
Testing all collisions (low  224-bit) - Expected        0.0, actual          0  (1.000x) (^ 0)
Testing all collisions (high 160-bit) - Expected        0.0, actual          0  (1.000x) (^ 0)
Testing all collisions (low  160-bit) - Expected        0.0, actual          0  (1.000x) (^ 0)
Testing all collisions (high 128-bit) - Expected        0.0, actual          0  (1.000x) (^ 0)
Testing all collisions (low  128-bit) - Expected        0.0, actual          0  (1.000x) (^ 0)
Testing all collisions (high  64-bit) - Expected        0.0, actual          0  (1.000x) (^ 0)
Testing all collisions (low   64-bit) - Expected        0.0, actual          0  (1.000x) (^ 0)
Testing all collisions (high  40-bit) - Expected      128.0, actual        127  (0.992x) (^ 0)
Testing all collisions (low   40-bit) - Expected      128.0, actual        139  (1.086x) (^ 2)
Testing all collisions (high  32-bit) - Expected    32725.4, actual      32974  (1.008x) (^ 3)
Testing all collisions (low   32-bit) - Expected    32725.4, actual      32882  (1.005x) (^ 2)
Testing all collisions (high 22..43 bits) - Worst is 33 bits: 16604/16373       (1.014x) (^ 0)
Testing all collisions (low  22..43 bits) - Worst is 35 bits: 4246/4095         (1.037x) (^ 2)
Testing distribution   (any   8..21 bits) - Worst bias is 20 bits at bit 218:    0.556x  (^ 0)


[[[ Keyset 'Text' Tests ]]]

Keyset 'Dict' - dictionary words - 528194 keys
Testing all collisions (     256-bit) - Expected        0.0, actual          0  (1.000x) (^ 0)
Testing all collisions (high 224-bit) - Expected        0.0, actual          0  (1.000x) (^ 0)
Testing all collisions (low  224-bit) - Expected        0.0, actual          0  (1.000x) (^ 0)
Testing all collisions (high 160-bit) - Expected        0.0, actual          0  (1.000x) (^ 0)
Testing all collisions (low  160-bit) - Expected        0.0, actual          0  (1.000x) (^ 0)
Testing all collisions (high 128-bit) - Expected        0.0, actual          0  (1.000x) (^ 0)
Testing all collisions (low  128-bit) - Expected        0.0, actual          0  (1.000x) (^ 0)
Testing all collisions (high  64-bit) - Expected        0.0, actual          0  (1.000x) (^ 0)
Testing all collisions (low   64-bit) - Expected        0.0, actual          0  (1.000x) (^ 0)
Testing all collisions (high  32-bit) - Expected       32.5, actual         35  (1.078x) (^ 1)
Testing all collisions (low   32-bit) - Expected       32.5, actual         33  (1.000x) (^ 1)
Testing all collisions (high  30-bit) - Expected      129.9, actual        142  (1.093x) (^ 2)
Testing all collisions (low   30-bit) - Expected      129.9, actual        123  (0.947x) (^ 0)
Testing all collisions (high 17..33 bits) - Worst is 22 bits: 32407/31905       (1.016x) (^ 4)
Testing all collisions (low  17..33 bits) - Worst is 24 bits: 8448/8228         (1.027x) (^ 2)
Testing distribution   (any   8..16 bits) - Worst bias is 15 bits at bit 159:    0.819x  (^ 6)

Keyset 'TextNum' - numbers in text form without commas - 10000000 keys
Testing all collisions (     256-bit) - Expected        0.0, actual          0  (1.000x) (^ 0)
Testing all collisions (high 224-bit) - Expected        0.0, actual          0  (1.000x) (^ 0)
Testing all collisions (low  224-bit) - Expected        0.0, actual          0  (1.000x) (^ 0)
Testing all collisions (high 160-bit) - Expected        0.0, actual          0  (1.000x) (^ 0)
Testing all collisions (low  160-bit) - Expected        0.0, actual          0  (1.000x) (^ 0)
Testing all collisions (high 128-bit) - Expected        0.0, actual          0  (1.000x) (^ 0)
Testing all collisions (low  128-bit) - Expected        0.0, actual          0  (1.000x) (^ 0)
Testing all collisions (high  64-bit) - Expected        0.0, actual          0  (1.000x) (^ 0)
Testing all collisions (low   64-bit) - Expected        0.0, actual          0  (1.000x) (^ 0)
Testing all collisions (high  38-bit) - Expected      181.9, actual        177  (0.973x) (^ 0)
Testing all collisions (low   38-bit) - Expected      181.9, actual        171  (0.940x) (^ 0)
Testing all collisions (high  32-bit) - Expected    11632.5, actual      11676  (1.004x) (^ 1)
Testing all collisions (low   32-bit) - Expected    11632.5, actual      11690  (1.005x) (^ 1)
Testing all collisions (high 21..42 bits) - Worst is 29 bits: 93238/92557       (1.007x) (^ 2)
Testing all collisions (low  21..42 bits) - Worst is 35 bits: 1524/1455         (1.047x) (^ 0)
Testing distribution   (any   8..20 bits) - Worst bias is  9 bits at bit  75:    0.745x  (^ 0)

Keyset 'TextNum' - numbers in text form with commas - 10000000 keys
Testing all collisions (     256-bit) - Expected        0.0, actual          0  (1.000x) (^ 0)
Testing all collisions (high 224-bit) - Expected        0.0, actual          0  (1.000x) (^ 0)
Testing all collisions (low  224-bit) - Expected        0.0, actual          0  (1.000x) (^ 0)
Testing all collisions (high 160-bit) - Expected        0.0, actual          0  (1.000x) (^ 0)
Testing all collisions (low  160-bit) - Expected        0.0, actual          0  (1.000x) (^ 0)
Testing all collisions (high 128-bit) - Expected        0.0, actual          0  (1.000x) (^ 0)
Testing all collisions (low  128-bit) - Expected        0.0, actual          0  (1.000x) (^ 0)
Testing all collisions (high  64-bit) - Expected        0.0, actual          0  (1.000x) (^ 0)
Testing all collisions (low   64-bit) - Expected        0.0, actual          0  (1.000x) (^ 0)
Testing all collisions (high  38-bit) - Expected      181.9, actual        185  (1.017x) (^ 1)
Testing all collisions (low   38-bit) - Expected      181.9, actual        158  (0.869x) (^ 0)
Testing all collisions (high  32-bit) - Expected    11632.5, actual      11624  (0.999x) (^ 0)
Testing all collisions (low   32-bit) - Expected    11632.5, actual      11722  (1.008x) (^ 2)
Testing all collisions (high 21..42 bits) - Worst is 37 bits: 376/364           (1.034x) (^ 0)
Testing all collisions (low  21..42 bits) - Worst is 28 bits: 184378/183973     (1.002x) (^ 0)
Testing distribution   (any   8..20 bits) - Worst bias is 18 bits at bit   8:    0.537x  (^ 0)

Keyset 'Text' - keys of form "FXXXXB" - 15752961 keys
Testing all collisions (     256-bit) - Expected        0.0, actual          0  (1.000x) (^ 0)
Testing all collisions (high 224-bit) - Expected        0.0, actual          0  (1.000x) (^ 0)
Testing all collisions (low  224-bit) - Expected        0.0, actual          0  (1.000x) (^ 0)
Testing all collisions (high 160-bit) - Expected        0.0, actual          0  (1.000x) (^ 0)
Testing all collisions (low  160-bit) - Expected        0.0, actual          0  (1.000x) (^ 0)
Testing all collisions (high 128-bit) - Expected        0.0, actual          0  (1.000x) (^ 0)
Testing all collisions (low  128-bit) - Expected        0.0, actual          0  (1.000x) (^ 0)
Testing all collisions (high  64-bit) - Expected        0.0, actual          0  (1.000x) (^ 0)
Testing all collisions (low   64-bit) - Expected        0.0, actual          0  (1.000x) (^ 0)
Testing all collisions (high  40-bit) - Expected      112.8, actual        101  (0.895x) (^ 0)
Testing all collisions (low   40-bit) - Expected      112.8, actual        114  (1.010x) (^ 1)
Testing all collisions (high  32-bit) - Expected    28853.8, actual      28849  (1.000x) (^ 0)
Testing all collisions (low   32-bit) - Expected    28853.8, actual      29004  (1.005x) (^ 2)
Testing all collisions (high 22..43 bits) - Worst is 35 bits: 3672/3611         (1.017x) (^ 0)
Testing all collisions (low  22..43 bits) - Worst is 25 bits: 3183745/3181142   (1.001x) (^ 0)
Testing distribution   (any   8..21 bits) - Worst bias is 10 bits at bit 114:    0.764x  (^ 0)

Keyset 'Text' - keys of form "FBXXXX" - 15752961 keys
Testing all collisions (     256-bit) - Expected        0.0, actual          0  (1.000x) (^ 0)
Testing all collisions (high 224-bit) - Expected        0.0, actual          0  (1.000x) (^ 0)
Testing all collisions (low  224-bit) - Expected        0.0, actual          0  (1.000x) (^ 0)
Testing all collisions (high 160-bit) - Expected        0.0, actual          0  (1.000x) (^ 0)
Testing all collisions (low  160-bit) - Expected        0.0, actual          0  (1.000x) (^ 0)
Testing all collisions (high 128-bit) - Expected        0.0, actual          0  (1.000x) (^ 0)
Testing all collisions (low  128-bit) - Expected        0.0, actual          0  (1.000x) (^ 0)
Testing all collisions (high  64-bit) - Expected        0.0, actual          0  (1.000x) (^ 0)
Testing all collisions (low   64-bit) - Expected        0.0, actual          0  (1.000x) (^ 0)
Testing all collisions (high  40-bit) - Expected      112.8, actual        103  (0.913x) (^ 0)
Testing all collisions (low   40-bit) - Expected      112.8, actual        112  (0.992x) (^ 0)
Testing all collisions (high  32-bit) - Expected    28853.8, actual      28877  (1.001x) (^ 1)
Testing all collisions (low   32-bit) - Expected    28853.8, actual      28769  (0.997x) (^ 0)
Testing all collisions (high 22..43 bits) - Worst is 36 bits: 1872/1805         (1.037x) (^ 0)
Testing all collisions (low  22..43 bits) - Worst is 41 bits: 62/56             (1.099x) (^ 0)
Testing distribution   (any   8..21 bits) - Worst bias is 10 bits at bit 244:    0.812x  (^ 1)

Keyset 'Text' - keys of form "XXXXFB" - 15752961 keys
Testing all collisions (     256-bit) - Expected        0.0, actual          0  (1.000x) (^ 0)
Testing all collisions (high 224-bit) - Expected        0.0, actual          0  (1.000x) (^ 0)
Testing all collisions (low  224-bit) - Expected        0.0, actual          0  (1.000x) (^ 0)
Testing all collisions (high 160-bit) - Expected        0.0, actual          0  (1.000x) (^ 0)
Testing all collisions (low  160-bit) - Expected        0.0, actual          0  (1.000x) (^ 0)
Testing all collisions (high 128-bit) - Expected        0.0, actual          0  (1.000x) (^ 0)
Testing all collisions (low  128-bit) - Expected        0.0, actual          0  (1.000x) (^ 0)
Testing all collisions (high  64-bit) - Expected        0.0, actual          0  (1.000x) (^ 0)
Testing all collisions (low   64-bit) - Expected        0.0, actual          0  (1.000x) (^ 0)
Testing all collisions (high  40-bit) - Expected      112.8, actual        120  (1.063x) (^ 1)
Testing all collisions (low   40-bit) - Expected      112.8, actual        114  (1.010x) (^ 1)
Testing all collisions (high  32-bit) - Expected    28853.8, actual      28923  (1.002x) (^ 1)
Testing all collisions (low   32-bit) - Expected    28853.8, actual      28947  (1.003x) (^ 1)
Testing all collisions (high 22..43 bits) - Worst is 39 bits: 253/226           (1.121x) (^ 0)
Testing all collisions (low  22..43 bits) - Worst is 37 bits: 970/903           (1.074x) (^ 1)
Testing distribution   (any   8..21 bits) - Worst bias is 21 bits at bit 161:    0.485x  (^ 0)

Keyset 'Text' - keys of form "FooXXXXBar" - 15752961 keys
Testing all collisions (     256-bit) - Expected        0.0, actual          0  (1.000x) (^ 0)
Testing all collisions (high 224-bit) - Expected        0.0, actual          0  (1.000x) (^ 0)
Testing all collisions (low  224-bit) - Expected        0.0, actual          0  (1.000x) (^ 0)
Testing all collisions (high 160-bit) - Expected        0.0, actual          0  (1.000x) (^ 0)
Testing all collisions (low  160-bit) - Expected        0.0, actual          0  (1.000x) (^ 0)
Testing all collisions (high 128-bit) - Expected        0.0, actual          0  (1.000x) (^ 0)
Testing all collisions (low  128-bit) - Expected        0.0, actual          0  (1.000x) (^ 0)
Testing all collisions (high  64-bit) - Expected        0.0, actual          0  (1.000x) (^ 0)
Testing all collisions (low   64-bit) - Expected        0.0, actual          0  (1.000x) (^ 0)
Testing all collisions (high  40-bit) - Expected      112.8, actual        133  (1.179x) (^ 4)
Testing all collisions (low   40-bit) - Expected      112.8, actual        120  (1.063x) (^ 1)
Testing all collisions (high  32-bit) - Expected    28853.8, actual      28610  (0.992x) (^ 0)
Testing all collisions (low   32-bit) - Expected    28853.8, actual      28972  (1.004x) (^ 2)
Testing all collisions (high 22..43 bits) - Worst is 40 bits: 133/113           (1.179x) (^ 0)
Testing all collisions (low  22..43 bits) - Worst is 39 bits: 257/226           (1.139x) (^ 1)
Testing distribution   (any   8..21 bits) - Worst bias is 16 bits at bit  66:    0.755x  (^ 4)

Keyset 'Text' - keys of form "FooBarXXXX" - 15752961 keys
Testing all collisions (     256-bit) - Expected        0.0, actual          0  (1.000x) (^ 0)
Testing all collisions (high 224-bit) - Expected        0.0, actual          0  (1.000x) (^ 0)
Testing all collisions (low  224-bit) - Expected        0.0, actual          0  (1.000x) (^ 0)
Testing all collisions (high 160-bit) - Expected        0.0, actual          0  (1.000x) (^ 0)
Testing all collisions (low  160-bit) - Expected        0.0, actual          0  (1.000x) (^ 0)
Testing all collisions (high 128-bit) - Expected        0.0, actual          0  (1.000x) (^ 0)
Testing all collisions (low  128-bit) - Expected        0.0, actual          0  (1.000x) (^ 0)
Testing all collisions (high  64-bit) - Expected        0.0, actual          0  (1.000x) (^ 0)
Testing all collisions (low   64-bit) - Expected        0.0, actual          0  (1.000x) (^ 0)
Testing all collisions (high  40-bit) - Expected      112.8, actual        113  (1.000x) (^ 1)
Testing all collisions (low   40-bit) - Expected      112.8, actual        103  (0.913x) (^ 0)
Testing all collisions (high  32-bit) - Expected    28853.8, actual      28813  (0.999x) (^ 0)
Testing all collisions (low   32-bit) - Expected    28853.8, actual      28803  (0.998x) (^ 0)
Testing all collisions (high 22..43 bits) - Worst is 36 bits: 1851/1805         (1.025x) (^ 0)
Testing all collisions (low  22..43 bits) - Worst is 38 bits: 478/451           (1.059x) (^ 0)
Testing distribution   (any   8..21 bits) - Worst bias is 18 bits at bit 155:    0.634x  (^ 2)

Keyset 'Text' - keys of form "XXXXFooBar" - 15752961 keys
Testing all collisions (     256-bit) - Expected        0.0, actual          0  (1.000x) (^ 0)
Testing all collisions (high 224-bit) - Expected        0.0, actual          0  (1.000x) (^ 0)
Testing all collisions (low  224-bit) - Expected        0.0, actual          0  (1.000x) (^ 0)
Testing all collisions (high 160-bit) - Expected        0.0, actual          0  (1.000x) (^ 0)
Testing all collisions (low  160-bit) - Expected        0.0, actual          0  (1.000x) (^ 0)
Testing all collisions (high 128-bit) - Expected        0.0, actual          0  (1.000x) (^ 0)
Testing all collisions (low  128-bit) - Expected        0.0, actual          0  (1.000x) (^ 0)
Testing all collisions (high  64-bit) - Expected        0.0, actual          0  (1.000x) (^ 0)
Testing all collisions (low   64-bit) - Expected        0.0, actual          0  (1.000x) (^ 0)
Testing all collisions (high  40-bit) - Expected      112.8, actual        135  (1.196x) (^ 5)
Testing all collisions (low   40-bit) - Expected      112.8, actual        110  (0.975x) (^ 0)
Testing all collisions (high  32-bit) - Expected    28853.8, actual      28769  (0.997x) (^ 0)
Testing all collisions (low   32-bit) - Expected    28853.8, actual      29033  (1.006x) (^ 2)
Testing all collisions (high 22..43 bits) - Worst is 41 bits: 79/56             (1.400x) (^ 4)
Testing all collisions (low  22..43 bits) - Worst is 33 bits: 14584/14436       (1.010x) (^ 0)
Testing distribution   (any   8..21 bits) - Worst bias is  8 bits at bit 211:    0.909x  (^ 1)

Keyset 'Text' - keys of form "FooooXXXXBaaar" - 15752961 keys
Testing all collisions (     256-bit) - Expected        0.0, actual          0  (1.000x) (^ 0)
Testing all collisions (high 224-bit) - Expected        0.0, actual          0  (1.000x) (^ 0)
Testing all collisions (low  224-bit) - Expected        0.0, actual          0  (1.000x) (^ 0)
Testing all collisions (high 160-bit) - Expected        0.0, actual          0  (1.000x) (^ 0)
Testing all collisions (low  160-bit) - Expected        0.0, actual          0  (1.000x) (^ 0)
Testing all collisions (high 128-bit) - Expected        0.0, actual          0  (1.000x) (^ 0)
Testing all collisions (low  128-bit) - Expected        0.0, actual          0  (1.000x) (^ 0)
Testing all collisions (high  64-bit) - Expected        0.0, actual          0  (1.000x) (^ 0)
Testing all collisions (low   64-bit) - Expected        0.0, actual          0  (1.000x) (^ 0)
Testing all collisions (high  40-bit) - Expected      112.8, actual        118  (1.046x) (^ 1)
Testing all collisions (low   40-bit) - Expected      112.8, actual        122  (1.081x) (^ 2)
Testing all collisions (high  32-bit) - Expected    28853.8, actual      28913  (1.002x) (^ 1)
Testing all collisions (low   32-bit) - Expected    28853.8, actual      29337  (1.017x) (^ 8)
Testing all collisions (high 22..43 bits) - Worst is 36 bits: 1845/1805         (1.022x) (^ 0)
Testing all collisions (low  22..43 bits) - Worst is 33 bits: 14854/14436       (1.029x) (^ 7)
Testing distribution   (any   8..21 bits) - Worst bias is  9 bits at bit 135:    0.892x  (^ 2)

Keyset 'Text' - keys of form "FooooBaaarXXXX" - 15752961 keys
Testing all collisions (     256-bit) - Expected        0.0, actual          0  (1.000x) (^ 0)
Testing all collisions (high 224-bit) - Expected        0.0, actual          0  (1.000x) (^ 0)
Testing all collisions (low  224-bit) - Expected        0.0, actual          0  (1.000x) (^ 0)
Testing all collisions (high 160-bit) - Expected        0.0, actual          0  (1.000x) (^ 0)
Testing all collisions (low  160-bit) - Expected        0.0, actual          0  (1.000x) (^ 0)
Testing all collisions (high 128-bit) - Expected        0.0, actual          0  (1.000x) (^ 0)
Testing all collisions (low  128-bit) - Expected        0.0, actual          0  (1.000x) (^ 0)
Testing all collisions (high  64-bit) - Expected        0.0, actual          0  (1.000x) (^ 0)
Testing all collisions (low   64-bit) - Expected        0.0, actual          0  (1.000x) (^ 0)
Testing all collisions (high  40-bit) - Expected      112.8, actual        133  (1.179x) (^ 4)
Testing all collisions (low   40-bit) - Expected      112.8, actual        103  (0.913x) (^ 0)
Testing all collisions (high  32-bit) - Expected    28853.8, actual      28973  (1.004x) (^ 2)
Testing all collisions (low   32-bit) - Expected    28853.8, actual      28801  (0.998x) (^ 0)
Testing all collisions (high 22..43 bits) - Worst is 40 bits: 133/113           (1.179x) (^ 0)
Testing all collisions (low  22..43 bits) - Worst is 30 bits: 115265/114993     (1.002x) (^ 0)
Testing distribution   (any   8..21 bits) - Worst bias is 21 bits at bit 136:    0.512x  (^ 0)

Keyset 'Text' - keys of form "XXXXFooooBaaar" - 15752961 keys
Testing all collisions (     256-bit) - Expected        0.0, actual          0  (1.000x) (^ 0)
Testing all collisions (high 224-bit) - Expected        0.0, actual          0  (1.000x) (^ 0)
Testing all collisions (low  224-bit) - Expected        0.0, actual          0  (1.000x) (^ 0)
Testing all collisions (high 160-bit) - Expected        0.0, actual          0  (1.000x) (^ 0)
Testing all collisions (low  160-bit) - Expected        0.0, actual          0  (1.000x) (^ 0)
Testing all collisions (high 128-bit) - Expected        0.0, actual          0  (1.000x) (^ 0)
Testing all collisions (low  128-bit) - Expected        0.0, actual          0  (1.000x) (^ 0)
Testing all collisions (high  64-bit) - Expected        0.0, actual          0  (1.000x) (^ 0)
Testing all collisions (low   64-bit) - Expected        0.0, actual          0  (1.000x) (^ 0)
Testing all collisions (high  40-bit) - Expected      112.8, actual        118  (1.046x) (^ 1)
Testing all collisions (low   40-bit) - Expected      112.8, actual        115  (1.019x) (^ 1)
Testing all collisions (high  32-bit) - Expected    28853.8, actual      29077  (1.008x) (^ 3)
Testing all collisions (low   32-bit) - Expected    28853.8, actual      29001  (1.005x) (^ 2)
Testing all collisions (high 22..43 bits) - Worst is 43 bits: 22/14             (1.560x) (^ 0)
Testing all collisions (low  22..43 bits) - Worst is 34 bits: 7353/7220         (1.018x) (^ 0)
Testing distribution   (any   8..21 bits) - Worst bias is 20 bits at bit  32:    0.480x  (^ 0)

Keyset 'Text' - keys of form "FooooooXXXXBaaaaar" - 15752961 keys
Testing all collisions (     256-bit) - Expected        0.0, actual          0  (1.000x) (^ 0)
Testing all collisions (high 224-bit) - Expected        0.0, actual          0  (1.000x) (^ 0)
Testing all collisions (low  224-bit) - Expected        0.0, actual          0  (1.000x) (^ 0)
Testing all collisions (high 160-bit) - Expected        0.0, actual          0  (1.000x) (^ 0)
Testing all collisions (low  160-bit) - Expected        0.0, actual          0  (1.000x) (^ 0)
Testing all collisions (high 128-bit) - Expected        0.0, actual          0  (1.000x) (^ 0)
Testing all collisions (low  128-bit) - Expected        0.0, actual          0  (1.000x) (^ 0)
Testing all collisions (high  64-bit) - Expected        0.0, actual          0  (1.000x) (^ 0)
Testing all collisions (low   64-bit) - Expected        0.0, actual          0  (1.000x) (^ 0)
Testing all collisions (high  40-bit) - Expected      112.8, actual        109  (0.966x) (^ 0)
Testing all collisions (low   40-bit) - Expected      112.8, actual        124  (1.099x) (^ 2)
Testing all collisions (high  32-bit) - Expected    28853.8, actual      28829  (0.999x) (^ 0)
Testing all collisions (low   32-bit) - Expected    28853.8, actual      29033  (1.006x) (^ 2)
Testing all collisions (high 22..43 bits) - Worst is 27 bits: 890245/889322     (1.001x) (^ 0)
Testing all collisions (low  22..43 bits) - Worst is 32 bits: 29033/28854       (1.006x) (^ 0)
Testing distribution   (any   8..21 bits) - Worst bias is 18 bits at bit 255:    0.551x  (^ 0)

Keyset 'Text' - keys of form "FooooooBaaaaarXXXX" - 15752961 keys
Testing all collisions (     256-bit) - Expected        0.0, actual          0  (1.000x) (^ 0)
Testing all collisions (high 224-bit) - Expected        0.0, actual          0  (1.000x) (^ 0)
Testing all collisions (low  224-bit) - Expected        0.0, actual          0  (1.000x) (^ 0)
Testing all collisions (high 160-bit) - Expected        0.0, actual          0  (1.000x) (^ 0)
Testing all collisions (low  160-bit) - Expected        0.0, actual          0  (1.000x) (^ 0)
Testing all collisions (high 128-bit) - Expected        0.0, actual          0  (1.000x) (^ 0)
Testing all collisions (low  128-bit) - Expected        0.0, actual          0  (1.000x) (^ 0)
Testing all collisions (high  64-bit) - Expected        0.0, actual          0  (1.000x) (^ 0)
Testing all collisions (low   64-bit) - Expected        0.0, actual          0  (1.000x) (^ 0)
Testing all collisions (high  40-bit) - Expected      112.8, actual        109  (0.966x) (^ 0)
Testing all collisions (low   40-bit) - Expected      112.8, actual        115  (1.019x) (^ 1)
Testing all collisions (high  32-bit) - Expected    28853.8, actual      28963  (1.004x) (^ 1)
Testing all collisions (low   32-bit) - Expected    28853.8, actual      28887  (1.001x) (^ 1)
Testing all collisions (high 22..43 bits) - Worst is 33 bits: 14522/14436       (1.006x) (^ 0)
Testing all collisions (low  22..43 bits) - Worst is 37 bits: 935/903           (1.036x) (^ 0)
Testing distribution   (any   8..21 bits) - Worst bias is 21 bits at bit 166:    0.505x  (^ 0)

Keyset 'Text' - keys of form "XXXXFooooooBaaaaar" - 15752961 keys
Testing all collisions (     256-bit) - Expected        0.0, actual          0  (1.000x) (^ 0)
Testing all collisions (high 224-bit) - Expected        0.0, actual          0  (1.000x) (^ 0)
Testing all collisions (low  224-bit) - Expected        0.0, actual          0  (1.000x) (^ 0)
Testing all collisions (high 160-bit) - Expected        0.0, actual          0  (1.000x) (^ 0)
Testing all collisions (low  160-bit) - Expected        0.0, actual          0  (1.000x) (^ 0)
Testing all collisions (high 128-bit) - Expected        0.0, actual          0  (1.000x) (^ 0)
Testing all collisions (low  128-bit) - Expected        0.0, actual          0  (1.000x) (^ 0)
Testing all collisions (high  64-bit) - Expected        0.0, actual          0  (1.000x) (^ 0)
Testing all collisions (low   64-bit) - Expected        0.0, actual          0  (1.000x) (^ 0)
Testing all collisions (high  40-bit) - Expected      112.8, actual        119  (1.055x) (^ 1)
Testing all collisions (low   40-bit) - Expected      112.8, actual        114  (1.010x) (^ 1)
Testing all collisions (high  32-bit) - Expected    28853.8, actual      29058  (1.007x) (^ 3)
Testing all collisions (low   32-bit) - Expected    28853.8, actual      28600  (0.991x) (^ 0)
Testing all collisions (high 22..43 bits) - Worst is 29 bits: 229514/228869     (1.003x) (^ 0)
Testing all collisions (low  22..43 bits) - Worst is 39 bits: 239/226           (1.059x) (^ 0)
Testing distribution   (any   8..21 bits) - Worst bias is 14 bits at bit 231:    0.631x  (^ 0)

Keyset 'Text' - keys of form "FooooooooXXXXBaaaaaaar" - 15752961 keys
Testing all collisions (     256-bit) - Expected        0.0, actual          0  (1.000x) (^ 0)
Testing all collisions (high 224-bit) - Expected        0.0, actual          0  (1.000x) (^ 0)
Testing all collisions (low  224-bit) - Expected        0.0, actual          0  (1.000x) (^ 0)
Testing all collisions (high 160-bit) - Expected        0.0, actual          0  (1.000x) (^ 0)
Testing all collisions (low  160-bit) - Expected        0.0, actual          0  (1.000x) (^ 0)
Testing all collisions (high 128-bit) - Expected        0.0, actual          0  (1.000x) (^ 0)
Testing all collisions (low  128-bit) - Expected        0.0, actual          0  (1.000x) (^ 0)
Testing all collisions (high  64-bit) - Expected        0.0, actual          0  (1.000x) (^ 0)
Testing all collisions (low   64-bit) - Expected        0.0, actual          0  (1.000x) (^ 0)
Testing all collisions (high  40-bit) - Expected      112.8, actual        120  (1.063x) (^ 1)
Testing all collisions (low   40-bit) - Expected      112.8, actual        122  (1.081x) (^ 2)
Testing all collisions (high  32-bit) - Expected    28853.8, actual      28967  (1.004x) (^ 1)
Testing all collisions (low   32-bit) - Expected    28853.8, actual      28928  (1.003x) (^ 1)
Testing all collisions (high 22..43 bits) - Worst is 41 bits: 68/56             (1.205x) (^ 0)
Testing all collisions (low  22..43 bits) - Worst is 35 bits: 3749/3611         (1.038x) (^ 2)
Testing distribution   (any   8..21 bits) - Worst bias is 11 bits at bit 158:    0.753x  (^ 0)

Keyset 'Text' - keys of form "FooooooooBaaaaaaarXXXX" - 15752961 keys
Testing all collisions (     256-bit) - Expected        0.0, actual          0  (1.000x) (^ 0)
Testing all collisions (high 224-bit) - Expected        0.0, actual          0  (1.000x) (^ 0)
Testing all collisions (low  224-bit) - Expected        0.0, actual          0  (1.000x) (^ 0)
Testing all collisions (high 160-bit) - Expected        0.0, actual          0  (1.000x) (^ 0)
Testing all collisions (low  160-bit) - Expected        0.0, actual          0  (1.000x) (^ 0)
Testing all collisions (high 128-bit) - Expected        0.0, actual          0  (1.000x) (^ 0)
Testing all collisions (low  128-bit) - Expected        0.0, actual          0  (1.000x) (^ 0)
Testing all collisions (high  64-bit) - Expected        0.0, actual          0  (1.000x) (^ 0)
Testing all collisions (low   64-bit) - Expected        0.0, actual          0  (1.000x) (^ 0)
Testing all collisions (high  40-bit) - Expected      112.8, actual        104  (0.922x) (^ 0)
Testing all collisions (low   40-bit) - Expected      112.8, actual        105  (0.930x) (^ 0)
Testing all collisions (high  32-bit) - Expected    28853.8, actual      28894  (1.001x) (^ 1)
Testing all collisions (low   32-bit) - Expected    28853.8, actual      28693  (0.994x) (^ 0)
Testing all collisions (high 22..43 bits) - Worst is 33 bits: 14548/14436       (1.008x) (^ 0)
Testing all collisions (low  22..43 bits) - Worst is 25 bits: 3183351/3181142   (1.001x) (^ 0)
Testing distribution   (any   8..21 bits) - Worst bias is 21 bits at bit  98:    0.576x  (^ 1)

Keyset 'Text' - keys of form "XXXXFooooooooBaaaaaaar" - 15752961 keys
Testing all collisions (     256-bit) - Expected        0.0, actual          0  (1.000x) (^ 0)
Testing all collisions (high 224-bit) - Expected        0.0, actual          0  (1.000x) (^ 0)
Testing all collisions (low  224-bit) - Expected        0.0, actual          0  (1.000x) (^ 0)
Testing all collisions (high 160-bit) - Expected        0.0, actual          0  (1.000x) (^ 0)
Testing all collisions (low  160-bit) - Expected        0.0, actual          0  (1.000x) (^ 0)
Testing all collisions (high 128-bit) - Expected        0.0, actual          0  (1.000x) (^ 0)
Testing all collisions (low  128-bit) - Expected        0.0, actual          0  (1.000x) (^ 0)
Testing all collisions (high  64-bit) - Expected        0.0, actual          0  (1.000x) (^ 0)
Testing all collisions (low   64-bit) - Expected        0.0, actual          0  (1.000x) (^ 0)
Testing all collisions (high  40-bit) - Expected      112.8, actual         96  (0.851x) (^ 0)
Testing all collisions (low   40-bit) - Expected      112.8, actual        121  (1.072x) (^ 2)
Testing all collisions (high  32-bit) - Expected    28853.8, actual      28813  (0.999x) (^ 0)
Testing all collisions (low   32-bit) - Expected    28853.8, actual      28984  (1.005x) (^ 2)
Testing all collisions (high 22..43 bits) - Worst is 43 bits: 19/14             (1.347x) (^ 0)
Testing all collisions (low  22..43 bits) - Worst is 26 bits: 1713916/1712342   (1.001x) (^ 0)
Testing distribution   (any   8..21 bits) - Worst bias is 17 bits at bit 155:    0.652x  (^ 2)

Keyset 'Text' - keys of form "FooooooooooXXXXBaaaaaaaaar" - 15752961 keys
Testing all collisions (     256-bit) - Expected        0.0, actual          0  (1.000x) (^ 0)
Testing all collisions (high 224-bit) - Expected        0.0, actual          0  (1.000x) (^ 0)
Testing all collisions (low  224-bit) - Expected        0.0, actual          0  (1.000x) (^ 0)
Testing all collisions (high 160-bit) - Expected        0.0, actual          0  (1.000x) (^ 0)
Testing all collisions (low  160-bit) - Expected        0.0, actual          0  (1.000x) (^ 0)
Testing all collisions (high 128-bit) - Expected        0.0, actual          0  (1.000x) (^ 0)
Testing all collisions (low  128-bit) - Expected        0.0, actual          0  (1.000x) (^ 0)
Testing all collisions (high  64-bit) - Expected        0.0, actual          0  (1.000x) (^ 0)
Testing all collisions (low   64-bit) - Expected        0.0, actual          0  (1.000x) (^ 0)
Testing all collisions (high  40-bit) - Expected      112.8, actual        106  (0.939x) (^ 0)
Testing all collisions (low   40-bit) - Expected      112.8, actual        109  (0.966x) (^ 0)
Testing all collisions (high  32-bit) - Expected    28853.8, actual      28774  (0.997x) (^ 0)
Testing all collisions (low   32-bit) - Expected    28853.8, actual      28862  (1.000x) (^ 1)
Testing all collisions (high 22..43 bits) - Worst is 43 bits: 19/14             (1.347x) (^ 0)
Testing all collisions (low  22..43 bits) - Worst is 36 bits: 1846/1805         (1.022x) (^ 0)
Testing distribution   (any   8..21 bits) - Worst bias is 16 bits at bit  16:    0.639x  (^ 1)

Keyset 'Text' - keys of form "FooooooooooBaaaaaaaaarXXXX" - 15752961 keys
Testing all collisions (     256-bit) - Expected        0.0, actual          0  (1.000x) (^ 0)
Testing all collisions (high 224-bit) - Expected        0.0, actual          0  (1.000x) (^ 0)
Testing all collisions (low  224-bit) - Expected        0.0, actual          0  (1.000x) (^ 0)
Testing all collisions (high 160-bit) - Expected        0.0, actual          0  (1.000x) (^ 0)
Testing all collisions (low  160-bit) - Expected        0.0, actual          0  (1.000x) (^ 0)
Testing all collisions (high 128-bit) - Expected        0.0, actual          0  (1.000x) (^ 0)
Testing all collisions (low  128-bit) - Expected        0.0, actual          0  (1.000x) (^ 0)
Testing all collisions (high  64-bit) - Expected        0.0, actual          0  (1.000x) (^ 0)
Testing all collisions (low   64-bit) - Expected        0.0, actual          0  (1.000x) (^ 0)
Testing all collisions (high  40-bit) - Expected      112.8, actual         95  (0.842x) (^ 0)
Testing all collisions (low   40-bit) - Expected      112.8, actual        115  (1.019x) (^ 1)
Testing all collisions (high  32-bit) - Expected    28853.8, actual      29211  (1.012x) (^ 5)
Testing all collisions (low   32-bit) - Expected    28853.8, actual      28759  (0.997x) (^ 0)
Testing all collisions (high 22..43 bits) - Worst is 32 bits: 29211/28854       (1.012x) (^ 1)
Testing all collisions (low  22..43 bits) - Worst is 29 bits: 229903/228869     (1.005x) (^ 1)
Testing distribution   (any   8..21 bits) - Worst bias is 18 bits at bit 178:    0.540x  (^ 0)

Keyset 'Text' - keys of form "XXXXFooooooooooBaaaaaaaaar" - 15752961 keys
Testing all collisions (     256-bit) - Expected        0.0, actual          0  (1.000x) (^ 0)
Testing all collisions (high 224-bit) - Expected        0.0, actual          0  (1.000x) (^ 0)
Testing all collisions (low  224-bit) - Expected        0.0, actual          0  (1.000x) (^ 0)
Testing all collisions (high 160-bit) - Expected        0.0, actual          0  (1.000x) (^ 0)
Testing all collisions (low  160-bit) - Expected        0.0, actual          0  (1.000x) (^ 0)
Testing all collisions (high 128-bit) - Expected        0.0, actual          0  (1.000x) (^ 0)
Testing all collisions (low  128-bit) - Expected        0.0, actual          0  (1.000x) (^ 0)
Testing all collisions (high  64-bit) - Expected        0.0, actual          0  (1.000x) (^ 0)
Testing all collisions (low   64-bit) - Expected        0.0, actual          0  (1.000x) (^ 0)
Testing all collisions (high  40-bit) - Expected      112.8, actual        102  (0.904x) (^ 0)
Testing all collisions (low   40-bit) - Expected      112.8, actual        114  (1.010x) (^ 1)
Testing all collisions (high  32-bit) - Expected    28853.8, actual      28702  (0.995x) (^ 0)
Testing all collisions (low   32-bit) - Expected    28853.8, actual      28984  (1.005x) (^ 2)
Testing all collisions (high 22..43 bits) - Worst is 35 bits: 3668/3611         (1.016x) (^ 0)
Testing all collisions (low  22..43 bits) - Worst is 26 bits: 1714579/1712342   (1.001x) (^ 0)
Testing distribution   (any   8..21 bits) - Worst bias is 19 bits at bit 121:    0.625x  (^ 2)

Keyset 'Words' - 1-4 random chars from alnum charset - 1000000 keys
Testing all collisions (     256-bit) - Expected        0.0, actual          0  (1.000x) (^ 0)
Testing all collisions (high 224-bit) - Expected        0.0, actual          0  (1.000x) (^ 0)
Testing all collisions (low  224-bit) - Expected        0.0, actual          0  (1.000x) (^ 0)
Testing all collisions (high 160-bit) - Expected        0.0, actual          0  (1.000x) (^ 0)
Testing all collisions (low  160-bit) - Expected        0.0, actual          0  (1.000x) (^ 0)
Testing all collisions (high 128-bit) - Expected        0.0, actual          0  (1.000x) (^ 0)
Testing all collisions (low  128-bit) - Expected        0.0, actual          0  (1.000x) (^ 0)
Testing all collisions (high  64-bit) - Expected        0.0, actual          0  (1.000x) (^ 0)
Testing all collisions (low   64-bit) - Expected        0.0, actual          0  (1.000x) (^ 0)
Testing all collisions (high  32-bit) - Expected      116.4, actual        103  (0.885x) (^ 0)
Testing all collisions (low   32-bit) - Expected      116.4, actual        114  (0.979x) (^ 0)
Testing all collisions (high 18..35 bits) - Worst is 20 bits: 355798/355464     (1.001x) (^ 0)
Testing all collisions (low  18..35 bits) - Worst is 35 bits: 20/15             (1.374x) (^ 0)
Testing distribution   (any   8..17 bits) - Worst bias is  8 bits at bit 216:    0.705x  (^ 0)

Keyset 'Words' - 5-8 random chars from alnum charset - 1000000 keys
Testing all collisions (     256-bit) - Expected        0.0, actual          0  (1.000x) (^ 0)
Testing all collisions (high 224-bit) - Expected        0.0, actual          0  (1.000x) (^ 0)
Testing all collisions (low  224-bit) - Expected        0.0, actual          0  (1.000x) (^ 0)
Testing all collisions (high 160-bit) - Expected        0.0, actual          0  (1.000x) (^ 0)
Testing all collisions (low  160-bit) - Expected        0.0, actual          0  (1.000x) (^ 0)
Testing all collisions (high 128-bit) - Expected        0.0, actual          0  (1.000x) (^ 0)
Testing all collisions (low  128-bit) - Expected        0.0, actual          0  (1.000x) (^ 0)
Testing all collisions (high  64-bit) - Expected        0.0, actual          0  (1.000x) (^ 0)
Testing all collisions (low   64-bit) - Expected        0.0, actual          0  (1.000x) (^ 0)
Testing all collisions (high  32-bit) - Expected      116.4, actual        107  (0.919x) (^ 0)
Testing all collisions (low   32-bit) - Expected      116.4, actual        133  (1.143x) (^ 3)
Testing all collisions (high 18..35 bits) - Worst is 18 bits: 743741/743635     (1.000x) (^ 0)
Testing all collisions (low  18..35 bits) - Worst is 27 bits: 3889/3716         (1.047x) (^ 4)
Testing distribution   (any   8..17 bits) - Worst bias is  9 bits at bit 209:    0.734x  (^ 0)

Keyset 'Words' - 1-16 random chars from alnum charset - 1000000 keys
Testing all collisions (     256-bit) - Expected        0.0, actual          0  (1.000x) (^ 0)
Testing all collisions (high 224-bit) - Expected        0.0, actual          0  (1.000x) (^ 0)
Testing all collisions (low  224-bit) - Expected        0.0, actual          0  (1.000x) (^ 0)
Testing all collisions (high 160-bit) - Expected        0.0, actual          0  (1.000x) (^ 0)
Testing all collisions (low  160-bit) - Expected        0.0, actual          0  (1.000x) (^ 0)
Testing all collisions (high 128-bit) - Expected        0.0, actual          0  (1.000x) (^ 0)
Testing all collisions (low  128-bit) - Expected        0.0, actual          0  (1.000x) (^ 0)
Testing all collisions (high  64-bit) - Expected        0.0, actual          0  (1.000x) (^ 0)
Testing all collisions (low   64-bit) - Expected        0.0, actual          0  (1.000x) (^ 0)
Testing all collisions (high  32-bit) - Expected      116.4, actual        116  (1.000x) (^ 0)
Testing all collisions (low   32-bit) - Expected      116.4, actual         99  (0.850x) (^ 0)
Testing all collisions (high 18..35 bits) - Worst is 23 bits: 57767/57305       (1.008x) (^ 1)
Testing all collisions (low  18..35 bits) - Worst is 26 bits: 7613/7414         (1.027x) (^ 2)
Testing distribution   (any   8..17 bits) - Worst bias is 16 bits at bit  11:    0.553x  (^ 0)

Keyset 'Words' - 1-32 random chars from alnum charset - 1000000 keys
Testing all collisions (     256-bit) - Expected        0.0, actual          0  (1.000x) (^ 0)
Testing all collisions (high 224-bit) - Expected        0.0, actual          0  (1.000x) (^ 0)
Testing all collisions (low  224-bit) - Expected        0.0, actual          0  (1.000x) (^ 0)
Testing all collisions (high 160-bit) - Expected        0.0, actual          0  (1.000x) (^ 0)
Testing all collisions (low  160-bit) - Expected        0.0, actual          0  (1.000x) (^ 0)
Testing all collisions (high 128-bit) - Expected        0.0, actual          0  (1.000x) (^ 0)
Testing all collisions (low  128-bit) - Expected        0.0, actual          0  (1.000x) (^ 0)
Testing all collisions (high  64-bit) - Expected        0.0, actual          0  (1.000x) (^ 0)
Testing all collisions (low   64-bit) - Expected        0.0, actual          0  (1.000x) (^ 0)
Testing all collisions (high  32-bit) - Expected      116.4, actual         95  (0.816x) (^ 0)
Testing all collisions (low   32-bit) - Expected      116.4, actual        111  (0.954x) (^ 0)
Testing all collisions (high 18..35 bits) - Worst is 27 bits: 3781/3716         (1.017x) (^ 0)
Testing all collisions (low  18..35 bits) - Worst is 26 bits: 7465/7414         (1.007x) (^ 0)
Testing distribution   (any   8..17 bits) - Worst bias is 16 bits at bit 180:    0.722x  (^ 4)

Keyset 'Long' - 1968-2128 random chars from alnum charset - varying first 80 chars - 4960000 keys
Testing all collisions (     256-bit) - Expected        0.0, actual          0  (1.000x) (^ 0)
Testing all collisions (high 224-bit) - Expected        0.0, actual          0  (1.000x) (^ 0)
Testing all collisions (low  224-bit) - Expected        0.0, actual          0  (1.000x) (^ 0)
Testing all collisions (high 160-bit) - Expected        0.0, actual          0  (1.000x) (^ 0)
Testing all collisions (low  160-bit) - Expected        0.0, actual          0  (1.000x) (^ 0)
Testing all collisions (high 128-bit) - Expected        0.0, actual          0  (1.000x) (^ 0)
Testing all collisions (low  128-bit) - Expected        0.0, actual          0  (1.000x) (^ 0)
Testing all collisions (high  64-bit) - Expected        0.0, actual          0  (1.000x) (^ 0)
Testing all collisions (low   64-bit) - Expected        0.0, actual          0  (1.000x) (^ 0)
Testing all collisions (high  36-bit) - Expected      179.0, actual        205  (1.145x) (^ 5)
Testing all collisions (low   36-bit) - Expected      179.0, actual        171  (0.955x) (^ 0)
Testing all collisions (high  32-bit) - Expected     2862.9, actual       2906  (1.015x) (^ 2)
Testing all collisions (low   32-bit) - Expected     2862.9, actual       2943  (1.028x) (^ 3)
Testing all collisions (high 20..40 bits) - Worst is 36 bits: 205/179           (1.145x) (^ 1)
Testing all collisions (low  20..40 bits) - Worst is 33 bits: 1515/1432         (1.058x) (^ 1)
Testing distribution   (any   8..19 bits) - Worst bias is 19 bits at bit  67:    0.580x  (^ 1)
---Analyzing differential distribution
Testing all collisions (     256-bit) - Expected        0.0, actual          0  (1.000x) (^ 0)
Testing all collisions (high 224-bit) - Expected        0.0, actual          0  (1.000x) (^ 0)
Testing all collisions (low  224-bit) - Expected        0.0, actual          0  (1.000x) (^ 0)
Testing all collisions (high 160-bit) - Expected        0.0, actual          0  (1.000x) (^ 0)
Testing all collisions (low  160-bit) - Expected        0.0, actual          0  (1.000x) (^ 0)
Testing all collisions (high 128-bit) - Expected        0.0, actual          0  (1.000x) (^ 0)
Testing all collisions (low  128-bit) - Expected        0.0, actual          0  (1.000x) (^ 0)
Testing all collisions (high  64-bit) - Expected        0.0, actual          0  (1.000x) (^ 0)
Testing all collisions (low   64-bit) - Expected        0.0, actual          0  (1.000x) (^ 0)
Testing all collisions (high  36-bit) - Expected      179.0, actual        166  (0.927x) (^ 0)
Testing all collisions (low   36-bit) - Expected      179.0, actual        199  (1.112x) (^ 3)
Testing all collisions (high  32-bit) - Expected     2862.9, actual       2850  (0.995x) (^ 0)
Testing all collisions (low   32-bit) - Expected     2862.9, actual       2859  (0.999x) (^ 0)
Testing all collisions (high 20..40 bits) - Worst is 28 bits: 45999/45543       (1.010x) (^ 1)
Testing all collisions (low  20..40 bits) - Worst is 23 bits: 1217642/1215487   (1.002x) (^ 1)
Testing distribution   (any   8..19 bits) - Worst bias is 10 bits at bit 151:    0.722x  (^ 0)

Keyset 'Long' - 1968-2128 random chars from alnum charset - varying last 80 chars - 4960000 keys
Testing all collisions (     256-bit) - Expected        0.0, actual          0  (1.000x) (^ 0)
Testing all collisions (high 224-bit) - Expected        0.0, actual          0  (1.000x) (^ 0)
Testing all collisions (low  224-bit) - Expected        0.0, actual          0  (1.000x) (^ 0)
Testing all collisions (high 160-bit) - Expected        0.0, actual          0  (1.000x) (^ 0)
Testing all collisions (low  160-bit) - Expected        0.0, actual          0  (1.000x) (^ 0)
Testing all collisions (high 128-bit) - Expected        0.0, actual          0  (1.000x) (^ 0)
Testing all collisions (low  128-bit) - Expected        0.0, actual          0  (1.000x) (^ 0)
Testing all collisions (high  64-bit) - Expected        0.0, actual          0  (1.000x) (^ 0)
Testing all collisions (low   64-bit) - Expected        0.0, actual          0  (1.000x) (^ 0)
Testing all collisions (high  36-bit) - Expected      179.0, actual        188  (1.050x) (^ 1)
Testing all collisions (low   36-bit) - Expected      179.0, actual        166  (0.927x) (^ 0)
Testing all collisions (high  32-bit) - Expected     2862.9, actual       2871  (1.003x) (^ 1)
Testing all collisions (low   32-bit) - Expected     2862.9, actual       2838  (0.991x) (^ 0)
Testing all collisions (high 20..40 bits) - Worst is 38 bits: 58/45             (1.296x) (^ 0)
Testing all collisions (low  20..40 bits) - Worst is 33 bits: 1474/1432         (1.030x) (^ 0)
Testing distribution   (any   8..19 bits) - Worst bias is 15 bits at bit 162:    0.745x  (^ 3)
---Analyzing differential distribution
Testing all collisions (     256-bit) - Expected        0.0, actual          0  (1.000x) (^ 0)
Testing all collisions (high 224-bit) - Expected        0.0, actual          0  (1.000x) (^ 0)
Testing all collisions (low  224-bit) - Expected        0.0, actual          0  (1.000x) (^ 0)
Testing all collisions (high 160-bit) - Expected        0.0, actual          0  (1.000x) (^ 0)
Testing all collisions (low  160-bit) - Expected        0.0, actual          0  (1.000x) (^ 0)
Testing all collisions (high 128-bit) - Expected        0.0, actual          0  (1.000x) (^ 0)
Testing all collisions (low  128-bit) - Expected        0.0, actual          0  (1.000x) (^ 0)
Testing all collisions (high  64-bit) - Expected        0.0, actual          0  (1.000x) (^ 0)
Testing all collisions (low   64-bit) - Expected        0.0, actual          0  (1.000x) (^ 0)
Testing all collisions (high  36-bit) - Expected      179.0, actual        172  (0.961x) (^ 0)
Testing all collisions (low   36-bit) - Expected      179.0, actual        189  (1.056x) (^ 2)
Testing all collisions (high  32-bit) - Expected     2862.9, actual       2818  (0.984x) (^ 0)
Testing all collisions (low   32-bit) - Expected     2862.9, actual       2940  (1.027x) (^ 3)
Testing all collisions (high 20..40 bits) - Worst is 24 bits: 667889/665971     (1.003x) (^ 2)
Testing all collisions (low  20..40 bits) - Worst is 33 bits: 1500/1432         (1.048x) (^ 0)
Testing distribution   (any   8..19 bits) - Worst bias is 17 bits at bit  71:    0.656x  (^ 2)

Keyset 'Long' - 4016-4176 random chars from alnum charset - varying first 80 chars - 4960000 keys
Testing all collisions (     256-bit) - Expected        0.0, actual          0  (1.000x) (^ 0)
Testing all collisions (high 224-bit) - Expected        0.0, actual          0  (1.000x) (^ 0)
Testing all collisions (low  224-bit) - Expected        0.0, actual          0  (1.000x) (^ 0)
Testing all collisions (high 160-bit) - Expected        0.0, actual          0  (1.000x) (^ 0)
Testing all collisions (low  160-bit) - Expected        0.0, actual          0  (1.000x) (^ 0)
Testing all collisions (high 128-bit) - Expected        0.0, actual          0  (1.000x) (^ 0)
Testing all collisions (low  128-bit) - Expected        0.0, actual          0  (1.000x) (^ 0)
Testing all collisions (high  64-bit) - Expected        0.0, actual          0  (1.000x) (^ 0)
Testing all collisions (low   64-bit) - Expected        0.0, actual          0  (1.000x) (^ 0)
Testing all collisions (high  36-bit) - Expected      179.0, actual        192  (1.073x) (^ 2)
Testing all collisions (low   36-bit) - Expected      179.0, actual        175  (0.978x) (^ 0)
Testing all collisions (high  32-bit) - Expected     2862.9, actual       2855  (0.997x) (^ 0)
Testing all collisions (low   32-bit) - Expected     2862.9, actual       2837  (0.991x) (^ 0)
Testing all collisions (high 20..40 bits) - Worst is 39 bits: 30/22             (1.341x) (^ 0)
Testing all collisions (low  20..40 bits) - Worst is 30 bits: 11493/11438       (1.005x) (^ 0)
Testing distribution   (any   8..19 bits) - Worst bias is  8 bits at bit 209:    0.750x  (^ 0)
---Analyzing differential distribution
Testing all collisions (     256-bit) - Expected        0.0, actual          0  (1.000x) (^ 0)
Testing all collisions (high 224-bit) - Expected        0.0, actual          0  (1.000x) (^ 0)
Testing all collisions (low  224-bit) - Expected        0.0, actual          0  (1.000x) (^ 0)
Testing all collisions (high 160-bit) - Expected        0.0, actual          0  (1.000x) (^ 0)
Testing all collisions (low  160-bit) - Expected        0.0, actual          0  (1.000x) (^ 0)
Testing all collisions (high 128-bit) - Expected        0.0, actual          0  (1.000x) (^ 0)
Testing all collisions (low  128-bit) - Expected        0.0, actual          0  (1.000x) (^ 0)
Testing all collisions (high  64-bit) - Expected        0.0, actual          0  (1.000x) (^ 0)
Testing all collisions (low   64-bit) - Expected        0.0, actual          0  (1.000x) (^ 0)
Testing all collisions (high  36-bit) - Expected      179.0, actual        201  (1.123x) (^ 4)
Testing all collisions (low   36-bit) - Expected      179.0, actual        188  (1.050x) (^ 1)
Testing all collisions (high  32-bit) - Expected     2862.9, actual       2934  (1.025x) (^ 3)
Testing all collisions (low   32-bit) - Expected     2862.9, actual       2920  (1.020x) (^ 2)
Testing all collisions (high 20..40 bits) - Worst is 36 bits: 201/179           (1.123x) (^ 0)
Testing all collisions (low  20..40 bits) - Worst is 31 bits: 5904/5724         (1.032x) (^ 2)
Testing distribution   (any   8..19 bits) - Worst bias is 11 bits at bit 158:    0.735x  (^ 0)

Keyset 'Long' - 4016-4176 random chars from alnum charset - varying last 80 chars - 4960000 keys
Testing all collisions (     256-bit) - Expected        0.0, actual          0  (1.000x) (^ 0)
Testing all collisions (high 224-bit) - Expected        0.0, actual          0  (1.000x) (^ 0)
Testing all collisions (low  224-bit) - Expected        0.0, actual          0  (1.000x) (^ 0)
Testing all collisions (high 160-bit) - Expected        0.0, actual          0  (1.000x) (^ 0)
Testing all collisions (low  160-bit) - Expected        0.0, actual          0  (1.000x) (^ 0)
Testing all collisions (high 128-bit) - Expected        0.0, actual          0  (1.000x) (^ 0)
Testing all collisions (low  128-bit) - Expected        0.0, actual          0  (1.000x) (^ 0)
Testing all collisions (high  64-bit) - Expected        0.0, actual          0  (1.000x) (^ 0)
Testing all collisions (low   64-bit) - Expected        0.0, actual          0  (1.000x) (^ 0)
Testing all collisions (high  36-bit) - Expected      179.0, actual        162  (0.905x) (^ 0)
Testing all collisions (low   36-bit) - Expected      179.0, actual        187  (1.045x) (^ 1)
Testing all collisions (high  32-bit) - Expected     2862.9, actual       2797  (0.977x) (^ 0)
Testing all collisions (low   32-bit) - Expected     2862.9, actual       2923  (1.021x) (^ 2)
Testing all collisions (high 20..40 bits) - Worst is 30 bits: 11545/11438       (1.009x) (^ 0)
Testing all collisions (low  20..40 bits) - Worst is 39 bits: 31/22             (1.385x) (^ 0)
Testing distribution   (any   8..19 bits) - Worst bias is 15 bits at bit 147:    0.533x  (^ 0)
---Analyzing differential distribution
Testing all collisions (     256-bit) - Expected        0.0, actual          0  (1.000x) (^ 0)
Testing all collisions (high 224-bit) - Expected        0.0, actual          0  (1.000x) (^ 0)
Testing all collisions (low  224-bit) - Expected        0.0, actual          0  (1.000x) (^ 0)
Testing all collisions (high 160-bit) - Expected        0.0, actual          0  (1.000x) (^ 0)
Testing all collisions (low  160-bit) - Expected        0.0, actual          0  (1.000x) (^ 0)
Testing all collisions (high 128-bit) - Expected        0.0, actual          0  (1.000x) (^ 0)
Testing all collisions (low  128-bit) - Expected        0.0, actual          0  (1.000x) (^ 0)
Testing all collisions (high  64-bit) - Expected        0.0, actual          0  (1.000x) (^ 0)
Testing all collisions (low   64-bit) - Expected        0.0, actual          0  (1.000x) (^ 0)
Testing all collisions (high  36-bit) - Expected      179.0, actual        174  (0.972x) (^ 0)
Testing all collisions (low   36-bit) - Expected      179.0, actual        199  (1.112x) (^ 3)
Testing all collisions (high  32-bit) - Expected     2862.9, actual       2923  (1.021x) (^ 2)
Testing all collisions (low   32-bit) - Expected     2862.9, actual       2891  (1.010x) (^ 1)
Testing all collisions (high 20..40 bits) - Worst is 40 bits: 17/11             (1.520x) (^ 0)
Testing all collisions (low  20..40 bits) - Worst is 33 bits: 1492/1432         (1.042x) (^ 0)
Testing distribution   (any   8..19 bits) - Worst bias is 12 bits at bit  41:    0.662x  (^ 0)

Keyset 'Long' - 8112-8272 random chars from alnum charset - varying first 80 chars - 4960000 keys
Testing all collisions (     256-bit) - Expected        0.0, actual          0  (1.000x) (^ 0)
Testing all collisions (high 224-bit) - Expected        0.0, actual          0  (1.000x) (^ 0)
Testing all collisions (low  224-bit) - Expected        0.0, actual          0  (1.000x) (^ 0)
Testing all collisions (high 160-bit) - Expected        0.0, actual          0  (1.000x) (^ 0)
Testing all collisions (low  160-bit) - Expected        0.0, actual          0  (1.000x) (^ 0)
Testing all collisions (high 128-bit) - Expected        0.0, actual          0  (1.000x) (^ 0)
Testing all collisions (low  128-bit) - Expected        0.0, actual          0  (1.000x) (^ 0)
Testing all collisions (high  64-bit) - Expected        0.0, actual          0  (1.000x) (^ 0)
Testing all collisions (low   64-bit) - Expected        0.0, actual          0  (1.000x) (^ 0)
Testing all collisions (high  36-bit) - Expected      179.0, actual        176  (0.983x) (^ 0)
Testing all collisions (low   36-bit) - Expected      179.0, actual        195  (1.089x) (^ 2)
Testing all collisions (high  32-bit) - Expected     2862.9, actual       2848  (0.995x) (^ 0)
Testing all collisions (low   32-bit) - Expected     2862.9, actual       2918  (1.019x) (^ 2)
Testing all collisions (high 20..40 bits) - Worst is 25 bits: 350066/349177     (1.003x) (^ 0)
Testing all collisions (low  20..40 bits) - Worst is 38 bits: 54/45             (1.207x) (^ 0)
Testing distribution   (any   8..19 bits) - Worst bias is 15 bits at bit  23:    0.663x  (^ 1)
---Analyzing differential distribution
Testing all collisions (     256-bit) - Expected        0.0, actual          0  (1.000x) (^ 0)
Testing all collisions (high 224-bit) - Expected        0.0, actual          0  (1.000x) (^ 0)
Testing all collisions (low  224-bit) - Expected        0.0, actual          0  (1.000x) (^ 0)
Testing all collisions (high 160-bit) - Expected        0.0, actual          0  (1.000x) (^ 0)
Testing all collisions (low  160-bit) - Expected        0.0, actual          0  (1.000x) (^ 0)
Testing all collisions (high 128-bit) - Expected        0.0, actual          0  (1.000x) (^ 0)
Testing all collisions (low  128-bit) - Expected        0.0, actual          0  (1.000x) (^ 0)
Testing all collisions (high  64-bit) - Expected        0.0, actual          0  (1.000x) (^ 0)
Testing all collisions (low   64-bit) - Expected        0.0, actual          0  (1.000x) (^ 0)
Testing all collisions (high  36-bit) - Expected      179.0, actual        186  (1.039x) (^ 1)
Testing all collisions (low   36-bit) - Expected      179.0, actual        195  (1.089x) (^ 2)
Testing all collisions (high  32-bit) - Expected     2862.9, actual       2784  (0.972x) (^ 0)
Testing all collisions (low   32-bit) - Expected     2862.9, actual       2907  (1.015x) (^ 2)
Testing all collisions (high 20..40 bits) - Worst is 24 bits: 667028/665971     (1.002x) (^ 0)
Testing all collisions (low  20..40 bits) - Worst is 30 bits: 11706/11438       (1.023x) (^ 2)
Testing distribution   (any   8..19 bits) - Worst bias is  8 bits at bit  81:    0.872x  (^ 0)

Keyset 'Long' - 8112-8272 random chars from alnum charset - varying last 80 chars - 4960000 keys
Testing all collisions (     256-bit) - Expected        0.0, actual          0  (1.000x) (^ 0)
Testing all collisions (high 224-bit) - Expected        0.0, actual          0  (1.000x) (^ 0)
Testing all collisions (low  224-bit) - Expected        0.0, actual          0  (1.000x) (^ 0)
Testing all collisions (high 160-bit) - Expected        0.0, actual          0  (1.000x) (^ 0)
Testing all collisions (low  160-bit) - Expected        0.0, actual          0  (1.000x) (^ 0)
Testing all collisions (high 128-bit) - Expected        0.0, actual          0  (1.000x) (^ 0)
Testing all collisions (low  128-bit) - Expected        0.0, actual          0  (1.000x) (^ 0)
Testing all collisions (high  64-bit) - Expected        0.0, actual          0  (1.000x) (^ 0)
Testing all collisions (low   64-bit) - Expected        0.0, actual          0  (1.000x) (^ 0)
Testing all collisions (high  36-bit) - Expected      179.0, actual        197  (1.101x) (^ 3)
Testing all collisions (low   36-bit) - Expected      179.0, actual        163  (0.911x) (^ 0)
Testing all collisions (high  32-bit) - Expected     2862.9, actual       2909  (1.016x) (^ 2)
Testing all collisions (low   32-bit) - Expected     2862.9, actual       2882  (1.007x) (^ 1)
Testing all collisions (high 20..40 bits) - Worst is 33 bits: 1527/1432         (1.067x) (^ 2)
Testing all collisions (low  20..40 bits) - Worst is 26 bits: 179207/178863     (1.002x) (^ 0)
Testing distribution   (any   8..19 bits) - Worst bias is  9 bits at bit 111:    0.751x  (^ 0)
---Analyzing differential distribution
Testing all collisions (     256-bit) - Expected        0.0, actual          0  (1.000x) (^ 0)
Testing all collisions (high 224-bit) - Expected        0.0, actual          0  (1.000x) (^ 0)
Testing all collisions (low  224-bit) - Expected        0.0, actual          0  (1.000x) (^ 0)
Testing all collisions (high 160-bit) - Expected        0.0, actual          0  (1.000x) (^ 0)
Testing all collisions (low  160-bit) - Expected        0.0, actual          0  (1.000x) (^ 0)
Testing all collisions (high 128-bit) - Expected        0.0, actual          0  (1.000x) (^ 0)
Testing all collisions (low  128-bit) - Expected        0.0, actual          0  (1.000x) (^ 0)
Testing all collisions (high  64-bit) - Expected        0.0, actual          0  (1.000x) (^ 0)
Testing all collisions (low   64-bit) - Expected        0.0, actual          0  (1.000x) (^ 0)
Testing all collisions (high  36-bit) - Expected      179.0, actual        203  (1.134x) (^ 4)
Testing all collisions (low   36-bit) - Expected      179.0, actual        161  (0.899x) (^ 0)
Testing all collisions (high  32-bit) - Expected     2862.9, actual       2894  (1.011x) (^ 1)
Testing all collisions (low   32-bit) - Expected     2862.9, actual       2801  (0.978x) (^ 0)
Testing all collisions (high 20..40 bits) - Worst is 37 bits: 112/89            (1.251x) (^ 2)
Testing all collisions (low  20..40 bits) - Worst is 40 bits: 14/11             (1.251x) (^ 0)
Testing distribution   (any   8..19 bits) - Worst bias is  8 bits at bit  12:    0.828x  (^ 0)


[[[ Keyset 'TwoBytes' Tests ]]]

Keyset 'TwoBytes' - all [2, 20]-byte keys with 1 or 2 non-zero bytes - 86536545 keys
Testing all collisions (     256-bit) - Expected        0.0, actual          0  (1.000x) (^ 0)
Testing all collisions (high 224-bit) - Expected        0.0, actual          0  (1.000x) (^ 0)
Testing all collisions (low  224-bit) - Expected        0.0, actual          0  (1.000x) (^ 0)
Testing all collisions (high 160-bit) - Expected        0.0, actual          0  (1.000x) (^ 0)
Testing all collisions (low  160-bit) - Expected        0.0, actual          0  (1.000x) (^ 0)
Testing all collisions (high 128-bit) - Expected        0.0, actual          0  (1.000x) (^ 0)
Testing all collisions (low  128-bit) - Expected        0.0, actual          0  (1.000x) (^ 0)
Testing all collisions (high  64-bit) - Expected        0.0, actual          0  (1.000x) (^ 0)
Testing all collisions (low   64-bit) - Expected        0.0, actual          0  (1.000x) (^ 0)
Testing all collisions (high  45-bit) - Expected      106.4, actual        103  (0.968x) (^ 0)
Testing all collisions (low   45-bit) - Expected      106.4, actual        115  (1.081x) (^ 2)
Testing all collisions (high  32-bit) - Expected   865959.1, actual     864741  (0.999x) (^ 0)
Testing all collisions (low   32-bit) - Expected   865959.1, actual     865683  (1.000x) (^ 0)
Testing all collisions (high 25..48 bits) - Worst is 37 bits: 27337/27238       (1.004x) (^ 0)
Testing all collisions (low  25..48 bits) - Worst is 43 bits: 463/426           (1.088x) (^ 0)
Testing distribution   (any   8..24 bits) - Worst bias is 17 bits at bit 142:    0.539x  (^ 0)
---Analyzing differential distribution
Testing all collisions (     256-bit) - Expected        0.0, actual          0  (1.000x) (^ 0)
Testing all collisions (high 224-bit) - Expected        0.0, actual          0  (1.000x) (^ 0)
Testing all collisions (low  224-bit) - Expected        0.0, actual          0  (1.000x) (^ 0)
Testing all collisions (high 160-bit) - Expected        0.0, actual          0  (1.000x) (^ 0)
Testing all collisions (low  160-bit) - Expected        0.0, actual          0  (1.000x) (^ 0)
Testing all collisions (high 128-bit) - Expected        0.0, actual          0  (1.000x) (^ 0)
Testing all collisions (low  128-bit) - Expected        0.0, actual          0  (1.000x) (^ 0)
Testing all collisions (high  64-bit) - Expected        0.0, actual          0  (1.000x) (^ 0)
Testing all collisions (low   64-bit) - Expected        0.0, actual          0  (1.000x) (^ 0)
Testing all collisions (high  45-bit) - Expected      106.4, actual        103  (0.968x) (^ 0)
Testing all collisions (low   45-bit) - Expected      106.4, actual         98  (0.921x) (^ 0)
Testing all collisions (high  32-bit) - Expected   865959.1, actual     865184  (0.999x) (^ 0)
Testing all collisions (low   32-bit) - Expected   865959.1, actual     866314  (1.000x) (^ 1)
Testing all collisions (high 25..48 bits) - Worst is 41 bits: 1746/1703         (1.025x) (^ 0)
Testing all collisions (low  25..48 bits) - Worst is 42 bits: 892/851           (1.048x) (^ 0)
Testing distribution   (any   8..24 bits) - Worst bias is 23 bits at bit 148:    0.479x  (^ 0)

Keyset 'TwoBytes' - all 32-byte keys with 1 or 2 non-zero bytes - 32260560 keys
Testing all collisions (     256-bit) - Expected        0.0, actual          0  (1.000x) (^ 0)
Testing all collisions (high 224-bit) - Expected        0.0, actual          0  (1.000x) (^ 0)
Testing all collisions (low  224-bit) - Expected        0.0, actual          0  (1.000x) (^ 0)
Testing all collisions (high 160-bit) - Expected        0.0, actual          0  (1.000x) (^ 0)
Testing all collisions (low  160-bit) - Expected        0.0, actual          0  (1.000x) (^ 0)
Testing all collisions (high 128-bit) - Expected        0.0, actual          0  (1.000x) (^ 0)
Testing all collisions (low  128-bit) - Expected        0.0, actual          0  (1.000x) (^ 0)
Testing all collisions (high  64-bit) - Expected        0.0, actual          0  (1.000x) (^ 0)
Testing all collisions (low   64-bit) - Expected        0.0, actual          0  (1.000x) (^ 0)
Testing all collisions (high  42-bit) - Expected      118.3, actual        110  (0.930x) (^ 0)
Testing all collisions (low   42-bit) - Expected      118.3, actual        117  (0.989x) (^ 0)
Testing all collisions (high  32-bit) - Expected   120855.7, actual     121080  (1.002x) (^ 1)
Testing all collisions (low   32-bit) - Expected   120855.7, actual     121828  (1.008x) (^ 8)
Testing all collisions (high 23..45 bits) - Worst is 27 bits: 3588607/3584245   (1.001x) (^ 2)
Testing all collisions (low  23..45 bits) - Worst is 32 bits: 121828/120856     (1.008x) (^ 4)
Testing distribution   (any   8..22 bits) - Worst bias is 17 bits at bit 148:    0.613x  (^ 1)
---Analyzing differential distribution
Testing all collisions (     256-bit) - Expected        0.0, actual          0  (1.000x) (^ 0)
Testing all collisions (high 224-bit) - Expected        0.0, actual          0  (1.000x) (^ 0)
Testing all collisions (low  224-bit) - Expected        0.0, actual          0  (1.000x) (^ 0)
Testing all collisions (high 160-bit) - Expected        0.0, actual          0  (1.000x) (^ 0)
Testing all collisions (low  160-bit) - Expected        0.0, actual          0  (1.000x) (^ 0)
Testing all collisions (high 128-bit) - Expected        0.0, actual          0  (1.000x) (^ 0)
Testing all collisions (low  128-bit) - Expected        0.0, actual          0  (1.000x) (^ 0)
Testing all collisions (high  64-bit) - Expected        0.0, actual          0  (1.000x) (^ 0)
Testing all collisions (low   64-bit) - Expected        0.0, actual          0  (1.000x) (^ 0)
Testing all collisions (high  42-bit) - Expected      118.3, actual        103  (0.871x) (^ 0)
Testing all collisions (low   42-bit) - Expected      118.3, actual        122  (1.031x) (^ 1)
Testing all collisions (high  32-bit) - Expected   120855.7, actual     120922  (1.001x) (^ 1)
Testing all collisions (low   32-bit) - Expected   120855.7, actual     120911  (1.000x) (^ 1)
Testing all collisions (high 23..45 bits) - Worst is 26 bits: 6651902/6647667   (1.001x) (^ 0)
Testing all collisions (low  23..45 bits) - Worst is 37 bits: 3876/3786         (1.024x) (^ 0)
Testing distribution   (any   8..22 bits) - Worst bias is 20 bits at bit  33:    0.455x  (^ 0)

Keyset 'TwoBytes' - all 48-byte keys with 1 or 2 non-zero bytes - 73360440 keys
Testing all collisions (     256-bit) - Expected        0.0, actual          0  (1.000x) (^ 0)
Testing all collisions (high 224-bit) - Expected        0.0, actual          0  (1.000x) (^ 0)
Testing all collisions (low  224-bit) - Expected        0.0, actual          0  (1.000x) (^ 0)
Testing all collisions (high 160-bit) - Expected        0.0, actual          0  (1.000x) (^ 0)
Testing all collisions (low  160-bit) - Expected        0.0, actual          0  (1.000x) (^ 0)
Testing all collisions (high 128-bit) - Expected        0.0, actual          0  (1.000x) (^ 0)
Testing all collisions (low  128-bit) - Expected        0.0, actual          0  (1.000x) (^ 0)
Testing all collisions (high  64-bit) - Expected        0.0, actual          0  (1.000x) (^ 0)
Testing all collisions (low   64-bit) - Expected        0.0, actual          0  (1.000x) (^ 0)
Testing all collisions (high  44-bit) - Expected      153.0, actual        150  (0.981x) (^ 0)
Testing all collisions (low   44-bit) - Expected      153.0, actual        158  (1.033x) (^ 1)
Testing all collisions (high  32-bit) - Expected   622966.7, actual     621830  (0.998x) (^ 0)
Testing all collisions (low   32-bit) - Expected   622966.7, actual     623182  (1.000x) (^ 1)
Testing all collisions (high 24..47 bits) - Worst is 46 bits: 42/38             (1.098x) (^ 0)
Testing all collisions (low  24..47 bits) - Worst is 40 bits: 2500/2447         (1.022x) (^ 0)
Testing distribution   (any   8..23 bits) - Worst bias is 15 bits at bit  27:    0.657x  (^ 1)
---Analyzing differential distribution
Testing all collisions (     256-bit) - Expected        0.0, actual          0  (1.000x) (^ 0)
Testing all collisions (high 224-bit) - Expected        0.0, actual          0  (1.000x) (^ 0)
Testing all collisions (low  224-bit) - Expected        0.0, actual          0  (1.000x) (^ 0)
Testing all collisions (high 160-bit) - Expected        0.0, actual          0  (1.000x) (^ 0)
Testing all collisions (low  160-bit) - Expected        0.0, actual          0  (1.000x) (^ 0)
Testing all collisions (high 128-bit) - Expected        0.0, actual          0  (1.000x) (^ 0)
Testing all collisions (low  128-bit) - Expected        0.0, actual          0  (1.000x) (^ 0)
Testing all collisions (high  64-bit) - Expected        0.0, actual          0  (1.000x) (^ 0)
Testing all collisions (low   64-bit) - Expected        0.0, actual          0  (1.000x) (^ 0)
Testing all collisions (high  44-bit) - Expected      153.0, actual        132  (0.863x) (^ 0)
Testing all collisions (low   44-bit) - Expected      153.0, actual        129  (0.843x) (^ 0)
Testing all collisions (high  32-bit) - Expected   622966.7, actual     623010  (1.000x) (^ 1)
Testing all collisions (low   32-bit) - Expected   622966.7, actual     621801  (0.998x) (^ 0)
Testing all collisions (high 24..47 bits) - Worst is 37 bits: 19793/19575       (1.011x) (^ 0)
Testing all collisions (low  24..47 bits) - Worst is 27 bits: 16849057/16845058 (1.000x) (^ 0)
Testing distribution   (any   8..23 bits) - Worst bias is 18 bits at bit  90:    0.592x  (^ 0)

Keyset 'OneByte ' - all 1024-byte keys with 1 non-zero byte  - 261120 keys
Testing all collisions (     256-bit) - Expected        0.0, actual          0  (1.000x) (^ 0)
Testing all collisions (high 224-bit) - Expected        0.0, actual          0  (1.000x) (^ 0)
Testing all collisions (low  224-bit) - Expected        0.0, actual          0  (1.000x) (^ 0)
Testing all collisions (high 160-bit) - Expected        0.0, actual          0  (1.000x) (^ 0)
Testing all collisions (low  160-bit) - Expected        0.0, actual          0  (1.000x) (^ 0)
Testing all collisions (high 128-bit) - Expected        0.0, actual          0  (1.000x) (^ 0)
Testing all collisions (low  128-bit) - Expected        0.0, actual          0  (1.000x) (^ 0)
Testing all collisions (high  64-bit) - Expected        0.0, actual          0  (1.000x) (^ 0)
Testing all collisions (low   64-bit) - Expected        0.0, actual          0  (1.000x) (^ 0)
Testing all collisions (high  32-bit) - Expected        7.9, actual         10  (1.260x) (^ 1)
Testing all collisions (low   32-bit) - Expected        7.9, actual          9  (1.134x) (^ 1)
Testing all collisions (high  28-bit) - Expected      127.0, actual        143  (1.126x) (^ 3)
Testing all collisions (low   28-bit) - Expected      127.0, actual        123  (0.969x) (^ 0)
Testing all collisions (high 16..31 bits) - Worst is 29 bits: 76/63             (1.197x) (^ 0)
Testing all collisions (low  16..31 bits) - Worst is 30 bits: 38/32             (1.197x) (^ 0)
Testing distribution   (any   8..15 bits) - Worst bias is 10 bits at bit 221:    0.708x  (^ 0)
---Analyzing differential distribution
Testing all collisions (     256-bit) - Expected        0.0, actual          0  (1.000x) (^ 0)
Testing all collisions (high 224-bit) - Expected        0.0, actual          0  (1.000x) (^ 0)
Testing all collisions (low  224-bit) - Expected        0.0, actual          0  (1.000x) (^ 0)
Testing all collisions (high 160-bit) - Expected        0.0, actual          0  (1.000x) (^ 0)
Testing all collisions (low  160-bit) - Expected        0.0, actual          0  (1.000x) (^ 0)
Testing all collisions (high 128-bit) - Expected        0.0, actual          0  (1.000x) (^ 0)
Testing all collisions (low  128-bit) - Expected        0.0, actual          0  (1.000x) (^ 0)
Testing all collisions (high  64-bit) - Expected        0.0, actual          0  (1.000x) (^ 0)
Testing all collisions (low   64-bit) - Expected        0.0, actual          0  (1.000x) (^ 0)
Testing all collisions (high  32-bit) - Expected        7.9, actual         10  (1.260x) (^ 1)
Testing all collisions (low   32-bit) - Expected        7.9, actual         10  (1.260x) (^ 1)
Testing all collisions (high  28-bit) - Expected      127.0, actual        109  (0.859x) (^ 0)
Testing all collisions (low   28-bit) - Expected      127.0, actual        120  (0.945x) (^ 0)
Testing all collisions (high 16..31 bits) - Worst is 18 bits: 96097/95791       (1.003x) (^ 0)
Testing all collisions (low  16..31 bits) - Worst is 18 bits: 95984/95791       (1.002x) (^ 0)
Testing distribution   (any   8..15 bits) - Worst bias is 14 bits at bit 250:    0.573x  (^ 0)

Keyset 'OneByte ' - all 2048-byte keys with 1 non-zero byte  - 522240 keys
Testing all collisions (     256-bit) - Expected        0.0, actual          0  (1.000x) (^ 0)
Testing all collisions (high 224-bit) - Expected        0.0, actual          0  (1.000x) (^ 0)
Testing all collisions (low  224-bit) - Expected        0.0, actual          0  (1.000x) (^ 0)
Testing all collisions (high 160-bit) - Expected        0.0, actual          0  (1.000x) (^ 0)
Testing all collisions (low  160-bit) - Expected        0.0, actual          0  (1.000x) (^ 0)
Testing all collisions (high 128-bit) - Expected        0.0, actual          0  (1.000x) (^ 0)
Testing all collisions (low  128-bit) - Expected        0.0, actual          0  (1.000x) (^ 0)
Testing all collisions (high  64-bit) - Expected        0.0, actual          0  (1.000x) (^ 0)
Testing all collisions (low   64-bit) - Expected        0.0, actual          0  (1.000x) (^ 0)
Testing all collisions (high  32-bit) - Expected       31.7, actual         28  (0.882x) (^ 0)
Testing all collisions (low   32-bit) - Expected       31.7, actual         33  (1.039x) (^ 1)
Testing all collisions (high  30-bit) - Expected      127.0, actual        124  (0.977x) (^ 0)
Testing all collisions (low   30-bit) - Expected      127.0, actual        125  (0.984x) (^ 0)
Testing all collisions (high 17..33 bits) - Worst is 23 bits: 16033/15924       (1.007x) (^ 0)
Testing all collisions (low  17..33 bits) - Worst is 28 bits: 552/508           (1.087x) (^ 1)
Testing distribution   (any   8..16 bits) - Worst bias is 15 bits at bit 253:    0.637x  (^ 1)
---Analyzing differential distribution
Testing all collisions (     256-bit) - Expected        0.0, actual          0  (1.000x) (^ 0)
Testing all collisions (high 224-bit) - Expected        0.0, actual          0  (1.000x) (^ 0)
Testing all collisions (low  224-bit) - Expected        0.0, actual          0  (1.000x) (^ 0)
Testing all collisions (high 160-bit) - Expected        0.0, actual          0  (1.000x) (^ 0)
Testing all collisions (low  160-bit) - Expected        0.0, actual          0  (1.000x) (^ 0)
Testing all collisions (high 128-bit) - Expected        0.0, actual          0  (1.000x) (^ 0)
Testing all collisions (low  128-bit) - Expected        0.0, actual          0  (1.000x) (^ 0)
Testing all collisions (high  64-bit) - Expected        0.0, actual          0  (1.000x) (^ 0)
Testing all collisions (low   64-bit) - Expected        0.0, actual          0  (1.000x) (^ 0)
Testing all collisions (high  32-bit) - Expected       31.7, actual         28  (0.882x) (^ 0)
Testing all collisions (low   32-bit) - Expected       31.7, actual         21  (0.661x) (^ 0)
Testing all collisions (high  30-bit) - Expected      127.0, actual        129  (1.016x) (^ 1)
Testing all collisions (low   30-bit) - Expected      127.0, actual        109  (0.858x) (^ 0)
Testing all collisions (high 17..33 bits) - Worst is 23 bits: 16133/15924       (1.013x) (^ 0)
Testing all collisions (low  17..33 bits) - Worst is 26 bits: 2051/2027         (1.012x) (^ 0)
Testing distribution   (any   8..16 bits) - Worst bias is 10 bits at bit 175:    0.785x  (^ 1)

Keyset 'OneByte ' - all 4096-byte keys with 1 non-zero byte  - 1044480 keys
Testing all collisions (     256-bit) - Expected        0.0, actual          0  (1.000x) (^ 0)
Testing all collisions (high 224-bit) - Expected        0.0, actual          0  (1.000x) (^ 0)
Testing all collisions (low  224-bit) - Expected        0.0, actual          0  (1.000x) (^ 0)
Testing all collisions (high 160-bit) - Expected        0.0, actual          0  (1.000x) (^ 0)
Testing all collisions (low  160-bit) - Expected        0.0, actual          0  (1.000x) (^ 0)
Testing all collisions (high 128-bit) - Expected        0.0, actual          0  (1.000x) (^ 0)
Testing all collisions (low  128-bit) - Expected        0.0, actual          0  (1.000x) (^ 0)
Testing all collisions (high  64-bit) - Expected        0.0, actual          0  (1.000x) (^ 0)
Testing all collisions (low   64-bit) - Expected        0.0, actual          0  (1.000x) (^ 0)
Testing all collisions (high  32-bit) - Expected      127.0, actual        120  (0.945x) (^ 0)
Testing all collisions (low   32-bit) - Expected      127.0, actual        125  (0.984x) (^ 0)
Testing all collisions (high 18..35 bits) - Worst is 35 bits: 21/16             (1.323x) (^ 0)
Testing all collisions (low  18..35 bits) - Worst is 24 bits: 32106/31848       (1.008x) (^ 0)
Testing distribution   (any   8..17 bits) - Worst bias is  8 bits at bit 155:    1.020x  (^ 4)
---Analyzing differential distribution
Testing all collisions (     256-bit) - Expected        0.0, actual          0  (1.000x) (^ 0)
Testing all collisions (high 224-bit) - Expected        0.0, actual          0  (1.000x) (^ 0)
Testing all collisions (low  224-bit) - Expected        0.0, actual          0  (1.000x) (^ 0)
Testing all collisions (high 160-bit) - Expected        0.0, actual          0  (1.000x) (^ 0)
Testing all collisions (low  160-bit) - Expected        0.0, actual          0  (1.000x) (^ 0)
Testing all collisions (high 128-bit) - Expected        0.0, actual          0  (1.000x) (^ 0)
Testing all collisions (low  128-bit) - Expected        0.0, actual          0  (1.000x) (^ 0)
Testing all collisions (high  64-bit) - Expected        0.0, actual          0  (1.000x) (^ 0)
Testing all collisions (low   64-bit) - Expected        0.0, actual          0  (1.000x) (^ 0)
Testing all collisions (high  32-bit) - Expected      127.0, actual        121  (0.953x) (^ 0)
Testing all collisions (low   32-bit) - Expected      127.0, actual        134  (1.055x) (^ 1)
Testing all collisions (high 18..35 bits) - Worst is 22 bits: 120529/119895     (1.005x) (^ 1)
Testing all collisions (low  18..35 bits) - Worst is 29 bits: 1051/1015         (1.035x) (^ 0)
Testing distribution   (any   8..17 bits) - Worst bias is 15 bits at bit 123:    0.813x  (^ 6)


[[[ Keyset 'PerlinNoise' Tests ]]]

Generating coordinates from   2-byte keys - 16777216 keys
Testing all collisions (     256-bit) - Expected        0.0, actual          0  (1.000x) (^ 0)
Testing all collisions (high 224-bit) - Expected        0.0, actual          0  (1.000x) (^ 0)
Testing all collisions (low  224-bit) - Expected        0.0, actual          0  (1.000x) (^ 0)
Testing all collisions (high 160-bit) - Expected        0.0, actual          0  (1.000x) (^ 0)
Testing all collisions (low  160-bit) - Expected        0.0, actual          0  (1.000x) (^ 0)
Testing all collisions (high 128-bit) - Expected        0.0, actual          0  (1.000x) (^ 0)
Testing all collisions (low  128-bit) - Expected        0.0, actual          0  (1.000x) (^ 0)
Testing all collisions (high  64-bit) - Expected        0.0, actual          0  (1.000x) (^ 0)
Testing all collisions (low   64-bit) - Expected        0.0, actual          0  (1.000x) (^ 0)
Testing all collisions (high  40-bit) - Expected      128.0, actual        142  (1.109x) (^ 3)
Testing all collisions (low   40-bit) - Expected      128.0, actual        123  (0.961x) (^ 0)
Testing all collisions (high  32-bit) - Expected    32725.4, actual      32647  (0.998x) (^ 0)
Testing all collisions (low   32-bit) - Expected    32725.4, actual      32771  (1.001x) (^ 1)
Testing all collisions (high 22..43 bits) - Worst is 38 bits: 560/512           (1.094x) (^ 1)
Testing all collisions (low  22..43 bits) - Worst is 34 bits: 8312/8189         (1.015x) (^ 0)
Testing distribution   (any   8..21 bits) - Worst bias is 21 bits at bit 227:    0.521x  (^ 0)
---Analyzing differential distribution
Testing all collisions (     256-bit) - Expected        0.0, actual          0  (1.000x) (^ 0)
Testing all collisions (high 224-bit) - Expected        0.0, actual          0  (1.000x) (^ 0)
Testing all collisions (low  224-bit) - Expected        0.0, actual          0  (1.000x) (^ 0)
Testing all collisions (high 160-bit) - Expected        0.0, actual          0  (1.000x) (^ 0)
Testing all collisions (low  160-bit) - Expected        0.0, actual          0  (1.000x) (^ 0)
Testing all collisions (high 128-bit) - Expected        0.0, actual          0  (1.000x) (^ 0)
Testing all collisions (low  128-bit) - Expected        0.0, actual          0  (1.000x) (^ 0)
Testing all collisions (high  64-bit) - Expected        0.0, actual          0  (1.000x) (^ 0)
Testing all collisions (low   64-bit) - Expected        0.0, actual          0  (1.000x) (^ 0)
Testing all collisions (high  40-bit) - Expected      128.0, actual        129  (1.008x) (^ 1)
Testing all collisions (low   40-bit) - Expected      128.0, actual        122  (0.953x) (^ 0)
Testing all collisions (high  32-bit) - Expected    32725.4, actual      32744  (1.001x) (^ 1)
Testing all collisions (low   32-bit) - Expected    32725.4, actual      32556  (0.995x) (^ 0)
Testing all collisions (high 22..43 bits) - Worst is 26 bits: 1935902/1932788   (1.002x) (^ 2)
Testing all collisions (low  22..43 bits) - Worst is 28 bits: 514310/513534     (1.002x) (^ 0)
Testing distribution   (any   8..21 bits) - Worst bias is 20 bits at bit 218:    0.439x  (^ 0)
---Analyzing additional differential distribution
Testing all collisions (     256-bit) - Expected        0.0, actual          0  (1.000x) (^ 0)
Testing all collisions (high 224-bit) - Expected        0.0, actual          0  (1.000x) (^ 0)
Testing all collisions (low  224-bit) - Expected        0.0, actual          0  (1.000x) (^ 0)
Testing all collisions (high 160-bit) - Expected        0.0, actual          0  (1.000x) (^ 0)
Testing all collisions (low  160-bit) - Expected        0.0, actual          0  (1.000x) (^ 0)
Testing all collisions (high 128-bit) - Expected        0.0, actual          0  (1.000x) (^ 0)
Testing all collisions (low  128-bit) - Expected        0.0, actual          0  (1.000x) (^ 0)
Testing all collisions (high  64-bit) - Expected        0.0, actual          0  (1.000x) (^ 0)
Testing all collisions (low   64-bit) - Expected        0.0, actual          0  (1.000x) (^ 0)
Testing all collisions (high  40-bit) - Expected      128.0, actual        145  (1.133x) (^ 3)
Testing all collisions (low   40-bit) - Expected      128.0, actual        137  (1.070x) (^ 2)
Testing all collisions (high  32-bit) - Expected    32725.4, actual      32840  (1.004x) (^ 1)
Testing all collisions (low   32-bit) - Expected    32725.4, actual      32449  (0.992x) (^ 0)
Testing all collisions (high 22..43 bits) - Worst is 42 bits: 54/32             (1.688x) (^ 7)
Testing all collisions (low  22..43 bits) - Worst is 39 bits: 272/256           (1.063x) (^ 0)
Testing distribution   (any   8..21 bits) - Worst bias is  8 bits at bit  32:    0.861x  (^ 0)

Generating coordinates from   4-byte keys - 16777216 keys
Testing all collisions (     256-bit) - Expected        0.0, actual          0  (1.000x) (^ 0)
Testing all collisions (high 224-bit) - Expected        0.0, actual          0  (1.000x) (^ 0)
Testing all collisions (low  224-bit) - Expected        0.0, actual          0  (1.000x) (^ 0)
Testing all collisions (high 160-bit) - Expected        0.0, actual          0  (1.000x) (^ 0)
Testing all collisions (low  160-bit) - Expected        0.0, actual          0  (1.000x) (^ 0)
Testing all collisions (high 128-bit) - Expected        0.0, actual          0  (1.000x) (^ 0)
Testing all collisions (low  128-bit) - Expected        0.0, actual          0  (1.000x) (^ 0)
Testing all collisions (high  64-bit) - Expected        0.0, actual          0  (1.000x) (^ 0)
Testing all collisions (low   64-bit) - Expected        0.0, actual          0  (1.000x) (^ 0)
Testing all collisions (high  40-bit) - Expected      128.0, actual        125  (0.977x) (^ 0)
Testing all collisions (low   40-bit) - Expected      128.0, actual        129  (1.008x) (^ 1)
Testing all collisions (high  32-bit) - Expected    32725.4, actual      32555  (0.995x) (^ 0)
Testing all collisions (low   32-bit) - Expected    32725.4, actual      32600  (0.996x) (^ 0)
Testing all collisions (high 22..43 bits) - Worst is 43 bits: 24/16             (1.500x) (^ 0)
Testing all collisions (low  22..43 bits) - Worst is 35 bits: 4216/4095         (1.029x) (^ 1)
Testing distribution   (any   8..21 bits) - Worst bias is 10 bits at bit  22:    0.758x  (^ 0)
---Analyzing differential distribution
Testing all collisions (     256-bit) - Expected        0.0, actual          0  (1.000x) (^ 0)
Testing all collisions (high 224-bit) - Expected        0.0, actual          0  (1.000x) (^ 0)
Testing all collisions (low  224-bit) - Expected        0.0, actual          0  (1.000x) (^ 0)
Testing all collisions (high 160-bit) - Expected        0.0, actual          0  (1.000x) (^ 0)
Testing all collisions (low  160-bit) - Expected        0.0, actual          0  (1.000x) (^ 0)
Testing all collisions (high 128-bit) - Expected        0.0, actual          0  (1.000x) (^ 0)
Testing all collisions (low  128-bit) - Expected        0.0, actual          0  (1.000x) (^ 0)
Testing all collisions (high  64-bit) - Expected        0.0, actual          0  (1.000x) (^ 0)
Testing all collisions (low   64-bit) - Expected        0.0, actual          0  (1.000x) (^ 0)
Testing all collisions (high  40-bit) - Expected      128.0, actual        135  (1.055x) (^ 1)
Testing all collisions (low   40-bit) - Expected      128.0, actual        117  (0.914x) (^ 0)
Testing all collisions (high  32-bit) - Expected    32725.4, actual      32515  (0.994x) (^ 0)
Testing all collisions (low   32-bit) - Expected    32725.4, actual      32445  (0.991x) (^ 0)
Testing all collisions (high 22..43 bits) - Worst is 41 bits: 74/64             (1.156x) (^ 0)
Testing all collisions (low  22..43 bits) - Worst is 29 bits: 259979/259435     (1.002x) (^ 0)
Testing distribution   (any   8..21 bits) - Worst bias is 17 bits at bit   2:    0.506x  (^ 0)
---Analyzing additional differential distribution
Testing all collisions (     256-bit) - Expected        0.0, actual          0  (1.000x) (^ 0)
Testing all collisions (high 224-bit) - Expected        0.0, actual          0  (1.000x) (^ 0)
Testing all collisions (low  224-bit) - Expected        0.0, actual          0  (1.000x) (^ 0)
Testing all collisions (high 160-bit) - Expected        0.0, actual          0  (1.000x) (^ 0)
Testing all collisions (low  160-bit) - Expected        0.0, actual          0  (1.000x) (^ 0)
Testing all collisions (high 128-bit) - Expected        0.0, actual          0  (1.000x) (^ 0)
Testing all collisions (low  128-bit) - Expected        0.0, actual          0  (1.000x) (^ 0)
Testing all collisions (high  64-bit) - Expected        0.0, actual          0  (1.000x) (^ 0)
Testing all collisions (low   64-bit) - Expected        0.0, actual          0  (1.000x) (^ 0)
Testing all collisions (high  40-bit) - Expected      128.0, actual        118  (0.922x) (^ 0)
Testing all collisions (low   40-bit) - Expected      128.0, actual        146  (1.141x) (^ 3)
Testing all collisions (high  32-bit) - Expected    32725.4, actual      32742  (1.001x) (^ 1)
Testing all collisions (low   32-bit) - Expected    32725.4, actual      32597  (0.996x) (^ 0)
Testing all collisions (high 22..43 bits) - Worst is 30 bits: 130444/130392     (1.000x) (^ 0)
Testing all collisions (low  22..43 bits) - Worst is 40 bits: 146/128           (1.141x) (^ 0)
Testing distribution   (any   8..21 bits) - Worst bias is 16 bits at bit 163:    0.594x  (^ 0)

Generating coordinates from   8-byte keys - 16777216 keys
Testing all collisions (     256-bit) - Expected        0.0, actual          0  (1.000x) (^ 0)
Testing all collisions (high 224-bit) - Expected        0.0, actual          0  (1.000x) (^ 0)
Testing all collisions (low  224-bit) - Expected        0.0, actual          0  (1.000x) (^ 0)
Testing all collisions (high 160-bit) - Expected        0.0, actual          0  (1.000x) (^ 0)
Testing all collisions (low  160-bit) - Expected        0.0, actual          0  (1.000x) (^ 0)
Testing all collisions (high 128-bit) - Expected        0.0, actual          0  (1.000x) (^ 0)
Testing all collisions (low  128-bit) - Expected        0.0, actual          0  (1.000x) (^ 0)
Testing all collisions (high  64-bit) - Expected        0.0, actual          0  (1.000x) (^ 0)
Testing all collisions (low   64-bit) - Expected        0.0, actual          0  (1.000x) (^ 0)
Testing all collisions (high  40-bit) - Expected      128.0, actual        140  (1.094x) (^ 2)
Testing all collisions (low   40-bit) - Expected      128.0, actual        141  (1.102x) (^ 2)
Testing all collisions (high  32-bit) - Expected    32725.4, actual      32706  (0.999x) (^ 0)
Testing all collisions (low   32-bit) - Expected    32725.4, actual      32668  (0.998x) (^ 0)
Testing all collisions (high 22..43 bits) - Worst is 31 bits: 65709/65366       (1.005x) (^ 0)
Testing all collisions (low  22..43 bits) - Worst is 43 bits: 25/16             (1.563x) (^ 1)
Testing distribution   (any   8..21 bits) - Worst bias is 19 bits at bit 160:    0.542x  (^ 0)
---Analyzing differential distribution
Testing all collisions (     256-bit) - Expected        0.0, actual          0  (1.000x) (^ 0)
Testing all collisions (high 224-bit) - Expected        0.0, actual          0  (1.000x) (^ 0)
Testing all collisions (low  224-bit) - Expected        0.0, actual          0  (1.000x) (^ 0)
Testing all collisions (high 160-bit) - Expected        0.0, actual          0  (1.000x) (^ 0)
Testing all collisions (low  160-bit) - Expected        0.0, actual          0  (1.000x) (^ 0)
Testing all collisions (high 128-bit) - Expected        0.0, actual          0  (1.000x) (^ 0)
Testing all collisions (low  128-bit) - Expected        0.0, actual          0  (1.000x) (^ 0)
Testing all collisions (high  64-bit) - Expected        0.0, actual          0  (1.000x) (^ 0)
Testing all collisions (low   64-bit) - Expected        0.0, actual          0  (1.000x) (^ 0)
Testing all collisions (high  40-bit) - Expected      128.0, actual        122  (0.953x) (^ 0)
Testing all collisions (low   40-bit) - Expected      128.0, actual        134  (1.047x) (^ 1)
Testing all collisions (high  32-bit) - Expected    32725.4, actual      32886  (1.005x) (^ 2)
Testing all collisions (low   32-bit) - Expected    32725.4, actual      32666  (0.998x) (^ 0)
Testing all collisions (high 22..43 bits) - Worst is 32 bits: 32886/32725       (1.005x) (^ 0)
Testing all collisions (low  22..43 bits) - Worst is 39 bits: 288/256           (1.125x) (^ 1)
Testing distribution   (any   8..21 bits) - Worst bias is  8 bits at bit 180:    0.729x  (^ 0)
---Analyzing additional differential distribution
Testing all collisions (     256-bit) - Expected        0.0, actual          0  (1.000x) (^ 0)
Testing all collisions (high 224-bit) - Expected        0.0, actual          0  (1.000x) (^ 0)
Testing all collisions (low  224-bit) - Expected        0.0, actual          0  (1.000x) (^ 0)
Testing all collisions (high 160-bit) - Expected        0.0, actual          0  (1.000x) (^ 0)
Testing all collisions (low  160-bit) - Expected        0.0, actual          0  (1.000x) (^ 0)
Testing all collisions (high 128-bit) - Expected        0.0, actual          0  (1.000x) (^ 0)
Testing all collisions (low  128-bit) - Expected        0.0, actual          0  (1.000x) (^ 0)
Testing all collisions (high  64-bit) - Expected        0.0, actual          0  (1.000x) (^ 0)
Testing all collisions (low   64-bit) - Expected        0.0, actual          0  (1.000x) (^ 0)
Testing all collisions (high  40-bit) - Expected      128.0, actual        120  (0.938x) (^ 0)
Testing all collisions (low   40-bit) - Expected      128.0, actual        109  (0.852x) (^ 0)
Testing all collisions (high  32-bit) - Expected    32725.4, actual      32593  (0.996x) (^ 0)
Testing all collisions (low   32-bit) - Expected    32725.4, actual      32643  (0.997x) (^ 0)
Testing all collisions (high 22..43 bits) - Worst is 29 bits: 259720/259435     (1.001x) (^ 0)
Testing all collisions (low  22..43 bits) - Worst is 27 bits: 1007177/1006217   (1.001x) (^ 0)
Testing distribution   (any   8..21 bits) - Worst bias is 13 bits at bit 162:    0.721x  (^ 1)


[[[ Keyset 'Bitflip' Tests ]]]

Testing   3-byte keys, 2097152 reps....................  0 failed, worst is key bit   4
Testing all collisions (     256-bit) - Expected        0.0, actual          0  (1.000x) (^ 0)
Testing all collisions (high 224-bit) - Expected        0.0, actual          0  (1.000x) (^ 0)
Testing all collisions (low  224-bit) - Expected        0.0, actual          0  (1.000x) (^ 0)
Testing all collisions (high 160-bit) - Expected        0.0, actual          0  (1.000x) (^ 0)
Testing all collisions (low  160-bit) - Expected        0.0, actual          0  (1.000x) (^ 0)
Testing all collisions (high 128-bit) - Expected        0.0, actual          0  (1.000x) (^ 0)
Testing all collisions (low  128-bit) - Expected        0.0, actual          0  (1.000x) (^ 0)
Testing all collisions (high  64-bit) - Expected        0.0, actual          0  (1.000x) (^ 0)
Testing all collisions (low   64-bit) - Expected        0.0, actual          0  (1.000x) (^ 0)
Testing all collisions (high  36-bit) - Expected      128.0, actual        132  (1.031x) (^ 1)
Testing all collisions (low   36-bit) - Expected      128.0, actual        130  (1.016x) (^ 1)
Testing all collisions (high  32-bit) - Expected     2047.3, actual       2079  (1.015x) (^ 2)
Testing all collisions (low   32-bit) - Expected     2047.3, actual       2094  (1.023x) (^ 2)
Testing all collisions (high 20..39 bits) - Worst is 29 bits: 16603/16341       (1.016x) (^ 1)
Testing all collisions (low  20..39 bits) - Worst is 34 bits: 547/512           (1.068x) (^ 0)
Testing distribution   (any   8..19 bits) - Worst bias is 15 bits at bit 131:    0.643x  (^ 1)
---Analyzing differential distribution
Testing all collisions (     256-bit) - Expected        0.0, actual          0  (1.000x) (^ 0)
Testing all collisions (high 224-bit) - Expected        0.0, actual          0  (1.000x) (^ 0)
Testing all collisions (low  224-bit) - Expected        0.0, actual          0  (1.000x) (^ 0)
Testing all collisions (high 160-bit) - Expected        0.0, actual          0  (1.000x) (^ 0)
Testing all collisions (low  160-bit) - Expected        0.0, actual          0  (1.000x) (^ 0)
Testing all collisions (high 128-bit) - Expected        0.0, actual          0  (1.000x) (^ 0)
Testing all collisions (low  128-bit) - Expected        0.0, actual          0  (1.000x) (^ 0)
Testing all collisions (high  64-bit) - Expected        0.0, actual          0  (1.000x) (^ 0)
Testing all collisions (low   64-bit) - Expected        0.0, actual          0  (1.000x) (^ 0)
Testing all collisions (high  34-bit) - Expected      128.0, actual        144  (1.125x) (^ 3)
Testing all collisions (low   34-bit) - Expected      128.0, actual        141  (1.102x) (^ 2)
Testing all collisions (high  32-bit) - Expected      511.9, actual        551  (1.076x) (^ 4)
Testing all collisions (low   32-bit) - Expected      511.9, actual        523  (1.022x) (^ 1)
Testing all collisions (high 19..37 bits) - Worst is 33 bits: 300/256           (1.172x) (^ 3)
Testing all collisions (low  19..37 bits) - Worst is 33 bits: 275/256           (1.074x) (^ 0)
Testing distribution   (any   8..18 bits) - Worst bias is 10 bits at bit 209:    0.609x  (^ 0)

Testing   4-byte keys, 2097152 reps....................  0 failed, worst is key bit   2
Testing all collisions (     256-bit) - Expected        0.0, actual          0  (1.000x) (^ 0)
Testing all collisions (high 224-bit) - Expected        0.0, actual          0  (1.000x) (^ 0)
Testing all collisions (low  224-bit) - Expected        0.0, actual          0  (1.000x) (^ 0)
Testing all collisions (high 160-bit) - Expected        0.0, actual          0  (1.000x) (^ 0)
Testing all collisions (low  160-bit) - Expected        0.0, actual          0  (1.000x) (^ 0)
Testing all collisions (high 128-bit) - Expected        0.0, actual          0  (1.000x) (^ 0)
Testing all collisions (low  128-bit) - Expected        0.0, actual          0  (1.000x) (^ 0)
Testing all collisions (high  64-bit) - Expected        0.0, actual          0  (1.000x) (^ 0)
Testing all collisions (low   64-bit) - Expected        0.0, actual          0  (1.000x) (^ 0)
Testing all collisions (high  36-bit) - Expected      128.0, actual        142  (1.109x) (^ 3)
Testing all collisions (low   36-bit) - Expected      128.0, actual        130  (1.016x) (^ 1)
Testing all collisions (high  32-bit) - Expected     2047.3, actual       2016  (0.985x) (^ 0)
Testing all collisions (low   32-bit) - Expected     2047.3, actual       2106  (1.029x) (^ 3)
Testing all collisions (high 20..39 bits) - Worst is 30 bits: 8313/8181         (1.016x) (^ 0)
Testing all collisions (low  20..39 bits) - Worst is 32 bits: 2106/2047         (1.029x) (^ 0)
Testing distribution   (any   8..19 bits) - Worst bias is 14 bits at bit 237:    0.574x  (^ 0)
---Analyzing differential distribution
Testing all collisions (     256-bit) - Expected        0.0, actual          0  (1.000x) (^ 0)
Testing all collisions (high 224-bit) - Expected        0.0, actual          0  (1.000x) (^ 0)
Testing all collisions (low  224-bit) - Expected        0.0, actual          0  (1.000x) (^ 0)
Testing all collisions (high 160-bit) - Expected        0.0, actual          0  (1.000x) (^ 0)
Testing all collisions (low  160-bit) - Expected        0.0, actual          0  (1.000x) (^ 0)
Testing all collisions (high 128-bit) - Expected        0.0, actual          0  (1.000x) (^ 0)
Testing all collisions (low  128-bit) - Expected        0.0, actual          0  (1.000x) (^ 0)
Testing all collisions (high  64-bit) - Expected        0.0, actual          0  (1.000x) (^ 0)
Testing all collisions (low   64-bit) - Expected        0.0, actual          0  (1.000x) (^ 0)
Testing all collisions (high  34-bit) - Expected      128.0, actual        142  (1.109x) (^ 3)
Testing all collisions (low   34-bit) - Expected      128.0, actual        136  (1.063x) (^ 1)
Testing all collisions (high  32-bit) - Expected      511.9, actual        544  (1.063x) (^ 3)
Testing all collisions (low   32-bit) - Expected      511.9, actual        533  (1.041x) (^ 2)
Testing all collisions (high 19..37 bits) - Worst is 32 bits: 544/512           (1.063x) (^ 0)
Testing all collisions (low  19..37 bits) - Worst is 30 bits: 2195/2047         (1.072x) (^ 6)
Testing distribution   (any   8..18 bits) - Worst bias is  9 bits at bit  43:    0.799x  (^ 0)

Testing   8-byte keys, 2097152 reps....................  0 failed, worst is key bit  55
Testing all collisions (     256-bit) - Expected        0.0, actual          0  (1.000x) (^ 0)
Testing all collisions (high 224-bit) - Expected        0.0, actual          0  (1.000x) (^ 0)
Testing all collisions (low  224-bit) - Expected        0.0, actual          0  (1.000x) (^ 0)
Testing all collisions (high 160-bit) - Expected        0.0, actual          0  (1.000x) (^ 0)
Testing all collisions (low  160-bit) - Expected        0.0, actual          0  (1.000x) (^ 0)
Testing all collisions (high 128-bit) - Expected        0.0, actual          0  (1.000x) (^ 0)
Testing all collisions (low  128-bit) - Expected        0.0, actual          0  (1.000x) (^ 0)
Testing all collisions (high  64-bit) - Expected        0.0, actual          0  (1.000x) (^ 0)
Testing all collisions (low   64-bit) - Expected        0.0, actual          0  (1.000x) (^ 0)
Testing all collisions (high  36-bit) - Expected      128.0, actual        139  (1.086x) (^ 2)
Testing all collisions (low   36-bit) - Expected      128.0, actual        144  (1.125x) (^ 3)
Testing all collisions (high  32-bit) - Expected     2047.3, actual       2141  (1.046x) (^ 5)
Testing all collisions (low   32-bit) - Expected     2047.3, actual       2136  (1.043x) (^ 5)
Testing all collisions (high 20..39 bits) - Worst is 32 bits: 2141/2047         (1.046x) (^ 1)
Testing all collisions (low  20..39 bits) - Worst is 29 bits: 16704/16341       (1.022x) (^ 4)
Testing distribution   (any   8..19 bits) - Worst bias is 11 bits at bit 170:    0.765x  (^ 1)
---Analyzing differential distribution
Testing all collisions (     256-bit) - Expected        0.0, actual          0  (1.000x) (^ 0)
Testing all collisions (high 224-bit) - Expected        0.0, actual          0  (1.000x) (^ 0)
Testing all collisions (low  224-bit) - Expected        0.0, actual          0  (1.000x) (^ 0)
Testing all collisions (high 160-bit) - Expected        0.0, actual          0  (1.000x) (^ 0)
Testing all collisions (low  160-bit) - Expected        0.0, actual          0  (1.000x) (^ 0)
Testing all collisions (high 128-bit) - Expected        0.0, actual          0  (1.000x) (^ 0)
Testing all collisions (low  128-bit) - Expected        0.0, actual          0  (1.000x) (^ 0)
Testing all collisions (high  64-bit) - Expected        0.0, actual          0  (1.000x) (^ 0)
Testing all collisions (low   64-bit) - Expected        0.0, actual          0  (1.000x) (^ 0)
Testing all collisions (high  34-bit) - Expected      128.0, actual        133  (1.039x) (^ 1)
Testing all collisions (low   34-bit) - Expected      128.0, actual        148  (1.156x) (^ 4)
Testing all collisions (high  32-bit) - Expected      511.9, actual        554  (1.082x) (^ 4)
Testing all collisions (low   32-bit) - Expected      511.9, actual        538  (1.051x) (^ 2)
Testing all collisions (high 19..37 bits) - Worst is 27 bits: 16574/16299       (1.017x) (^ 1)
Testing all collisions (low  19..37 bits) - Worst is 34 bits: 148/128           (1.156x) (^ 0)
Testing distribution   (any   8..18 bits) - Worst bias is 15 bits at bit 120:    0.551x  (^ 0)

Testing  20-byte keys, 2097152 reps....................  0 failed, worst is key bit  39
Testing all collisions (     256-bit) - Expected        0.0, actual          0  (1.000x) (^ 0)
Testing all collisions (high 224-bit) - Expected        0.0, actual          0  (1.000x) (^ 0)
Testing all collisions (low  224-bit) - Expected        0.0, actual          0  (1.000x) (^ 0)
Testing all collisions (high 160-bit) - Expected        0.0, actual          0  (1.000x) (^ 0)
Testing all collisions (low  160-bit) - Expected        0.0, actual          0  (1.000x) (^ 0)
Testing all collisions (high 128-bit) - Expected        0.0, actual          0  (1.000x) (^ 0)
Testing all collisions (low  128-bit) - Expected        0.0, actual          0  (1.000x) (^ 0)
Testing all collisions (high  64-bit) - Expected        0.0, actual          0  (1.000x) (^ 0)
Testing all collisions (low   64-bit) - Expected        0.0, actual          0  (1.000x) (^ 0)
Testing all collisions (high  36-bit) - Expected      128.0, actual        134  (1.047x) (^ 1)
Testing all collisions (low   36-bit) - Expected      128.0, actual        158  (1.234x) (^ 7)
Testing all collisions (high  32-bit) - Expected     2047.3, actual       2074  (1.013x) (^ 1)
Testing all collisions (low   32-bit) - Expected     2047.3, actual       2139  (1.045x) (^ 5)
Testing all collisions (high 20..39 bits) - Worst is 35 bits: 290/256           (1.133x) (^ 1)
Testing all collisions (low  20..39 bits) - Worst is 36 bits: 158/128           (1.234x) (^ 3)
Testing distribution   (any   8..19 bits) - Worst bias is 14 bits at bit  78:    0.591x  (^ 0)
---Analyzing differential distribution
Testing all collisions (     256-bit) - Expected        0.0, actual          0  (1.000x) (^ 0)
Testing all collisions (high 224-bit) - Expected        0.0, actual          0  (1.000x) (^ 0)
Testing all collisions (low  224-bit) - Expected        0.0, actual          0  (1.000x) (^ 0)
Testing all collisions (high 160-bit) - Expected        0.0, actual          0  (1.000x) (^ 0)
Testing all collisions (low  160-bit) - Expected        0.0, actual          0  (1.000x) (^ 0)
Testing all collisions (high 128-bit) - Expected        0.0, actual          0  (1.000x) (^ 0)
Testing all collisions (low  128-bit) - Expected        0.0, actual          0  (1.000x) (^ 0)
Testing all collisions (high  64-bit) - Expected        0.0, actual          0  (1.000x) (^ 0)
Testing all collisions (low   64-bit) - Expected        0.0, actual          0  (1.000x) (^ 0)
Testing all collisions (high  34-bit) - Expected      128.0, actual        153  (1.195x) (^ 5)
Testing all collisions (low   34-bit) - Expected      128.0, actual        126  (0.984x) (^ 0)
Testing all collisions (high  32-bit) - Expected      511.9, actual        573  (1.119x) (^ 7)
Testing all collisions (low   32-bit) - Expected      511.9, actual        550  (1.074x) (^ 4)
Testing all collisions (high 19..37 bits) - Worst is 32 bits: 573/512           (1.119x) (^ 3)
Testing all collisions (low  19..37 bits) - Worst is 31 bits: 1115/1024         (1.089x) (^ 4)
Testing distribution   (any   8..18 bits) - Worst bias is  8 bits at bit  78:    0.811x  (^ 0)

Testing  32-byte keys, 2097152 reps....................  0 failed, worst is key bit 228
Testing all collisions (     256-bit) - Expected        0.0, actual          0  (1.000x) (^ 0)
Testing all collisions (high 224-bit) - Expected        0.0, actual          0  (1.000x) (^ 0)
Testing all collisions (low  224-bit) - Expected        0.0, actual          0  (1.000x) (^ 0)
Testing all collisions (high 160-bit) - Expected        0.0, actual          0  (1.000x) (^ 0)
Testing all collisions (low  160-bit) - Expected        0.0, actual          0  (1.000x) (^ 0)
Testing all collisions (high 128-bit) - Expected        0.0, actual          0  (1.000x) (^ 0)
Testing all collisions (low  128-bit) - Expected        0.0, actual          0  (1.000x) (^ 0)
Testing all collisions (high  64-bit) - Expected        0.0, actual          0  (1.000x) (^ 0)
Testing all collisions (low   64-bit) - Expected        0.0, actual          0  (1.000x) (^ 0)
Testing all collisions (high  36-bit) - Expected      128.0, actual        117  (0.914x) (^ 0)
Testing all collisions (low   36-bit) - Expected      128.0, actual        122  (0.953x) (^ 0)
Testing all collisions (high  32-bit) - Expected     2047.3, actual       1976  (0.965x) (^ 0)
Testing all collisions (low   32-bit) - Expected     2047.3, actual       2108  (1.030x) (^ 3)
Testing all collisions (high 20..39 bits) - Worst is 26 bits: 129069/128383     (1.005x) (^ 1)
Testing all collisions (low  20..39 bits) - Worst is 33 bits: 1080/1024         (1.055x) (^ 0)
Testing distribution   (any   8..19 bits) - Worst bias is 11 bits at bit 219:    0.961x  (^ 6)
---Analyzing differential distribution
Testing all collisions (     256-bit) - Expected        0.0, actual          0  (1.000x) (^ 0)
Testing all collisions (high 224-bit) - Expected        0.0, actual          0  (1.000x) (^ 0)
Testing all collisions (low  224-bit) - Expected        0.0, actual          0  (1.000x) (^ 0)
Testing all collisions (high 160-bit) - Expected        0.0, actual          0  (1.000x) (^ 0)
Testing all collisions (low  160-bit) - Expected        0.0, actual          0  (1.000x) (^ 0)
Testing all collisions (high 128-bit) - Expected        0.0, actual          0  (1.000x) (^ 0)
Testing all collisions (low  128-bit) - Expected        0.0, actual          0  (1.000x) (^ 0)
Testing all collisions (high  64-bit) - Expected        0.0, actual          0  (1.000x) (^ 0)
Testing all collisions (low   64-bit) - Expected        0.0, actual          0  (1.000x) (^ 0)
Testing all collisions (high  34-bit) - Expected      128.0, actual        134  (1.047x) (^ 1)
Testing all collisions (low   34-bit) - Expected      128.0, actual        147  (1.148x) (^ 4)
Testing all collisions (high  32-bit) - Expected      511.9, actual        575  (1.123x) (^ 8)
Testing all collisions (low   32-bit) - Expected      511.9, actual        579  (1.131x) (^ 8)
Testing all collisions (high 19..37 bits) - Worst is 32 bits: 575/512           (1.123x) (^ 4)
Testing all collisions (low  19..37 bits) - Worst is 32 bits: 579/512           (1.131x) (^ 4)
Testing distribution   (any   8..18 bits) - Worst bias is 17 bits at bit 167:    0.611x  (^ 1)


[[[ Seed 'Zeroes' Tests ]]]

Keyset 'SeedZeroes' - up to 1280-byte keys, seeds with up to 2 set bits - 4160 seeds - 5324800 hashes
Testing all collisions (     256-bit) - Expected        0.0, actual          0  (1.000x) (^ 0)
Testing all collisions (high 224-bit) - Expected        0.0, actual          0  (1.000x) (^ 0)
Testing all collisions (low  224-bit) - Expected        0.0, actual          0  (1.000x) (^ 0)
Testing all collisions (high 160-bit) - Expected        0.0, actual          0  (1.000x) (^ 0)
Testing all collisions (low  160-bit) - Expected        0.0, actual          0  (1.000x) (^ 0)
Testing all collisions (high 128-bit) - Expected        0.0, actual          0  (1.000x) (^ 0)
Testing all collisions (low  128-bit) - Expected        0.0, actual          0  (1.000x) (^ 0)
Testing all collisions (high  64-bit) - Expected        0.0, actual          0  (1.000x) (^ 0)
Testing all collisions (low   64-bit) - Expected        0.0, actual          0  (1.000x) (^ 0)
Testing all collisions (high  37-bit) - Expected      103.1, actual        113  (1.096x) (^ 2)
Testing all collisions (low   37-bit) - Expected      103.1, actual        114  (1.105x) (^ 2)
Testing all collisions (high  32-bit) - Expected     3299.4, actual       3215  (0.974x) (^ 0)
Testing all collisions (low   32-bit) - Expected     3299.4, actual       3269  (0.991x) (^ 0)
Testing all collisions (high 21..40 bits) - Worst is 37 bits: 113/103           (1.096x) (^ 0)
Testing all collisions (low  21..40 bits) - Worst is 39 bits: 33/26             (1.280x) (^ 0)
Testing distribution   (any   8..20 bits) - Worst bias is 13 bits at bit  59:    0.655x  (^ 0)
---Analyzing differential distribution
Testing all collisions (     256-bit) - Expected        0.0, actual          0  (1.000x) (^ 0)
Testing all collisions (high 224-bit) - Expected        0.0, actual          0  (1.000x) (^ 0)
Testing all collisions (low  224-bit) - Expected        0.0, actual          0  (1.000x) (^ 0)
Testing all collisions (high 160-bit) - Expected        0.0, actual          0  (1.000x) (^ 0)
Testing all collisions (low  160-bit) - Expected        0.0, actual          0  (1.000x) (^ 0)
Testing all collisions (high 128-bit) - Expected        0.0, actual          0  (1.000x) (^ 0)
Testing all collisions (low  128-bit) - Expected        0.0, actual          0  (1.000x) (^ 0)
Testing all collisions (high  64-bit) - Expected        0.0, actual          0  (1.000x) (^ 0)
Testing all collisions (low   64-bit) - Expected        0.0, actual          0  (1.000x) (^ 0)
Testing all collisions (high  37-bit) - Expected      103.1, actual        108  (1.047x) (^ 1)
Testing all collisions (low   37-bit) - Expected      103.1, actual        108  (1.047x) (^ 1)
Testing all collisions (high  32-bit) - Expected     3299.4, actual       3234  (0.980x) (^ 0)
Testing all collisions (low   32-bit) - Expected     3299.4, actual       3321  (1.007x) (^ 1)
Testing all collisions (high 21..40 bits) - Worst is 39 bits: 35/26             (1.357x) (^ 0)
Testing all collisions (low  21..40 bits) - Worst is 30 bits: 13349/13181       (1.013x) (^ 0)
Testing distribution   (any   8..20 bits) - Worst bias is 15 bits at bit 240:    0.559x  (^ 0)
---Analyzing additional differential distribution
Testing all collisions (     256-bit) - Expected        0.0, actual          0  (1.000x) (^ 0)
Testing all collisions (high 224-bit) - Expected        0.0, actual          0  (1.000x) (^ 0)
Testing all collisions (low  224-bit) - Expected        0.0, actual          0  (1.000x) (^ 0)
Testing all collisions (high 160-bit) - Expected        0.0, actual          0  (1.000x) (^ 0)
Testing all collisions (low  160-bit) - Expected        0.0, actual          0  (1.000x) (^ 0)
Testing all collisions (high 128-bit) - Expected        0.0, actual          0  (1.000x) (^ 0)
Testing all collisions (low  128-bit) - Expected        0.0, actual          0  (1.000x) (^ 0)
Testing all collisions (high  64-bit) - Expected        0.0, actual          0  (1.000x) (^ 0)
Testing all collisions (low   64-bit) - Expected        0.0, actual          0  (1.000x) (^ 0)
Testing all collisions (high  37-bit) - Expected      103.1, actual         95  (0.921x) (^ 0)
Testing all collisions (low   37-bit) - Expected      103.1, actual        114  (1.105x) (^ 2)
Testing all collisions (high  32-bit) - Expected     3299.4, actual       3230  (0.979x) (^ 0)
Testing all collisions (low   32-bit) - Expected     3299.4, actual       3316  (1.005x) (^ 1)
Testing all collisions (high 21..40 bits) - Worst is 23 bits: 1383522/1382655   (1.001x) (^ 0)
Testing all collisions (low  21..40 bits) - Worst is 30 bits: 13378/13181       (1.015x) (^ 0)
Testing distribution   (any   8..20 bits) - Worst bias is 14 bits at bit 220:    0.708x  (^ 1)

Keyset 'SeedZeroes' - up to 8448-byte keys, seeds with up to 2 set bits - 4160 seeds - 35143680 hashes
Testing all collisions (     256-bit) - Expected        0.0, actual          0  (1.000x) (^ 0)
Testing all collisions (high 224-bit) - Expected        0.0, actual          0  (1.000x) (^ 0)
Testing all collisions (low  224-bit) - Expected        0.0, actual          0  (1.000x) (^ 0)
Testing all collisions (high 160-bit) - Expected        0.0, actual          0  (1.000x) (^ 0)
Testing all collisions (low  160-bit) - Expected        0.0, actual          0  (1.000x) (^ 0)
Testing all collisions (high 128-bit) - Expected        0.0, actual          0  (1.000x) (^ 0)
Testing all collisions (low  128-bit) - Expected        0.0, actual          0  (1.000x) (^ 0)
Testing all collisions (high  64-bit) - Expected        0.0, actual          0  (1.000x) (^ 0)
Testing all collisions (low   64-bit) - Expected        0.0, actual          0  (1.000x) (^ 0)
Testing all collisions (high  42-bit) - Expected      140.4, actual        164  (1.168x) (^ 5)
Testing all collisions (low   42-bit) - Expected      140.4, actual        149  (1.061x) (^ 2)
Testing all collisions (high  32-bit) - Expected   143390.7, actual     143265  (0.999x) (^ 0)
Testing all collisions (low   32-bit) - Expected   143390.7, actual     143020  (0.997x) (^ 0)
Testing all collisions (high 23..45 bits) - Worst is 42 bits: 164/140           (1.168x) (^ 1)
Testing all collisions (low  23..45 bits) - Worst is 38 bits: 2316/2246         (1.031x) (^ 0)
Testing distribution   (any   8..22 bits) - Worst bias is 22 bits at bit  65:    0.553x  (^ 1)
---Analyzing differential distribution
Testing all collisions (     256-bit) - Expected        0.0, actual          0  (1.000x) (^ 0)
Testing all collisions (high 224-bit) - Expected        0.0, actual          0  (1.000x) (^ 0)
Testing all collisions (low  224-bit) - Expected        0.0, actual          0  (1.000x) (^ 0)
Testing all collisions (high 160-bit) - Expected        0.0, actual          0  (1.000x) (^ 0)
Testing all collisions (low  160-bit) - Expected        0.0, actual          0  (1.000x) (^ 0)
Testing all collisions (high 128-bit) - Expected        0.0, actual          0  (1.000x) (^ 0)
Testing all collisions (low  128-bit) - Expected        0.0, actual          0  (1.000x) (^ 0)
Testing all collisions (high  64-bit) - Expected        0.0, actual          0  (1.000x) (^ 0)
Testing all collisions (low   64-bit) - Expected        0.0, actual          0  (1.000x) (^ 0)
Testing all collisions (high  42-bit) - Expected      140.4, actual        141  (1.004x) (^ 1)
Testing all collisions (low   42-bit) - Expected      140.4, actual        135  (0.961x) (^ 0)
Testing all collisions (high  32-bit) - Expected   143390.7, actual     143668  (1.002x) (^ 2)
Testing all collisions (low   32-bit) - Expected   143390.7, actual     143406  (1.000x) (^ 1)
Testing all collisions (high 23..45 bits) - Worst is 28 bits: 2205704/2203319   (1.001x) (^ 0)
Testing all collisions (low  23..45 bits) - Worst is 29 bits: 1126629/1125563   (1.001x) (^ 0)
Testing distribution   (any   8..22 bits) - Worst bias is 12 bits at bit 105:    0.759x  (^ 1)
---Analyzing additional differential distribution
Testing all collisions (     256-bit) - Expected        0.0, actual          0  (1.000x) (^ 0)
Testing all collisions (high 224-bit) - Expected        0.0, actual          0  (1.000x) (^ 0)
Testing all collisions (low  224-bit) - Expected        0.0, actual          0  (1.000x) (^ 0)
Testing all collisions (high 160-bit) - Expected        0.0, actual          0  (1.000x) (^ 0)
Testing all collisions (low  160-bit) - Expected        0.0, actual          0  (1.000x) (^ 0)
Testing all collisions (high 128-bit) - Expected        0.0, actual          0  (1.000x) (^ 0)
Testing all collisions (low  128-bit) - Expected        0.0, actual          0  (1.000x) (^ 0)
Testing all collisions (high  64-bit) - Expected        0.0, actual          0  (1.000x) (^ 0)
Testing all collisions (low   64-bit) - Expected        0.0, actual          0  (1.000x) (^ 0)
Testing all collisions (high  42-bit) - Expected      140.4, actual        141  (1.004x) (^ 1)
Testing all collisions (low   42-bit) - Expected      140.4, actual        139  (0.990x) (^ 0)
Testing all collisions (high  32-bit) - Expected   143390.7, actual     142836  (0.996x) (^ 0)
Testing all collisions (low   32-bit) - Expected   143390.7, actual     143293  (0.999x) (^ 0)
Testing all collisions (high 23..45 bits) - Worst is 29 bits: 1125628/1125563   (1.000x) (^ 0)
Testing all collisions (low  23..45 bits) - Worst is 37 bits: 4575/4493         (1.018x) (^ 0)
Testing distribution   (any   8..22 bits) - Worst bias is 16 bits at bit  94:    0.757x  (^ 4)


[[[ Keyset 'SeedSparse' Tests ]]]

Keyset 'SeedSparse' -   2-byte keys - seeds with up to  5 bits set - 8303633 seeds
Testing all collisions (     256-bit) - Expected        0.0, actual          0  (1.000x) (^ 0)
Testing all collisions (high 224-bit) - Expected        0.0, actual          0  (1.000x) (^ 0)
Testing all collisions (low  224-bit) - Expected        0.0, actual          0  (1.000x) (^ 0)
Testing all collisions (high 160-bit) - Expected        0.0, actual          0  (1.000x) (^ 0)
Testing all collisions (low  160-bit) - Expected        0.0, actual          0  (1.000x) (^ 0)
Testing all collisions (high 128-bit) - Expected        0.0, actual          0  (1.000x) (^ 0)
Testing all collisions (low  128-bit) - Expected        0.0, actual          0  (1.000x) (^ 0)
Testing all collisions (high  64-bit) - Expected        0.0, actual          0  (1.000x) (^ 0)
Testing all collisions (low   64-bit) - Expected        0.0, actual          0  (1.000x) (^ 0)
Testing all collisions (high  38-bit) - Expected      125.4, actual        130  (1.037x) (^ 1)
Testing all collisions (low   38-bit) - Expected      125.4, actual        128  (1.021x) (^ 1)
Testing all collisions (high  32-bit) - Expected     8021.7, actual       8034  (1.002x) (^ 1)
Testing all collisions (low   32-bit) - Expected     8021.7, actual       8000  (0.997x) (^ 0)
Testing all collisions (high 21..41 bits) - Worst is 27 bits: 252340/251644     (1.003x) (^ 0)
Testing all collisions (low  21..41 bits) - Worst is 29 bits: 64074/63885       (1.003x) (^ 0)
Testing distribution   (any   8..20 bits) - Worst bias is  9 bits at bit   2:    0.754x  (^ 0)
---Analyzing differential distribution
Testing all collisions (     256-bit) - Expected        0.0, actual          0  (1.000x) (^ 0)
Testing all collisions (high 224-bit) - Expected        0.0, actual          0  (1.000x) (^ 0)
Testing all collisions (low  224-bit) - Expected        0.0, actual          0  (1.000x) (^ 0)
Testing all collisions (high 160-bit) - Expected        0.0, actual          0  (1.000x) (^ 0)
Testing all collisions (low  160-bit) - Expected        0.0, actual          0  (1.000x) (^ 0)
Testing all collisions (high 128-bit) - Expected        0.0, actual          0  (1.000x) (^ 0)
Testing all collisions (low  128-bit) - Expected        0.0, actual          0  (1.000x) (^ 0)
Testing all collisions (high  64-bit) - Expected        0.0, actual          0  (1.000x) (^ 0)
Testing all collisions (low   64-bit) - Expected        0.0, actual          0  (1.000x) (^ 0)
Testing all collisions (high  38-bit) - Expected      125.4, actual        119  (0.949x) (^ 0)
Testing all collisions (low   38-bit) - Expected      125.4, actual        132  (1.052x) (^ 1)
Testing all collisions (high  32-bit) - Expected     8021.7, actual       8125  (1.013x) (^ 2)
Testing all collisions (low   32-bit) - Expected     8021.7, actual       7983  (0.995x) (^ 0)
Testing all collisions (high 21..41 bits) - Worst is 33 bits: 4131/4012         (1.030x) (^ 1)
Testing all collisions (low  21..41 bits) - Worst is 39 bits: 79/63             (1.260x) (^ 1)
Testing distribution   (any   8..20 bits) - Worst bias is 16 bits at bit  87:    0.635x  (^ 1)

Keyset 'SeedSparse' -   3-byte keys - seeds with up to  5 bits set - 8303633 seeds
Testing all collisions (     256-bit) - Expected        0.0, actual          0  (1.000x) (^ 0)
Testing all collisions (high 224-bit) - Expected        0.0, actual          0  (1.000x) (^ 0)
Testing all collisions (low  224-bit) - Expected        0.0, actual          0  (1.000x) (^ 0)
Testing all collisions (high 160-bit) - Expected        0.0, actual          0  (1.000x) (^ 0)
Testing all collisions (low  160-bit) - Expected        0.0, actual          0  (1.000x) (^ 0)
Testing all collisions (high 128-bit) - Expected        0.0, actual          0  (1.000x) (^ 0)
Testing all collisions (low  128-bit) - Expected        0.0, actual          0  (1.000x) (^ 0)
Testing all collisions (high  64-bit) - Expected        0.0, actual          0  (1.000x) (^ 0)
Testing all collisions (low   64-bit) - Expected        0.0, actual          0  (1.000x) (^ 0)
Testing all collisions (high  38-bit) - Expected      125.4, actual        115  (0.917x) (^ 0)
Testing all collisions (low   38-bit) - Expected      125.4, actual        131  (1.045x) (^ 1)
Testing all collisions (high  32-bit) - Expected     8021.7, actual       8074  (1.007x) (^ 1)
Testing all collisions (low   32-bit) - Expected     8021.7, actual       8005  (0.998x) (^ 0)
Testing all collisions (high 21..41 bits) - Worst is 33 bits: 4076/4012         (1.016x) (^ 0)
Testing all collisions (low  21..41 bits) - Worst is 36 bits: 539/502           (1.074x) (^ 0)
Testing distribution   (any   8..20 bits) - Worst bias is 12 bits at bit 201:    0.658x  (^ 0)
---Analyzing differential distribution
Testing all collisions (     256-bit) - Expected        0.0, actual          0  (1.000x) (^ 0)
Testing all collisions (high 224-bit) - Expected        0.0, actual          0  (1.000x) (^ 0)
Testing all collisions (low  224-bit) - Expected        0.0, actual          0  (1.000x) (^ 0)
Testing all collisions (high 160-bit) - Expected        0.0, actual          0  (1.000x) (^ 0)
Testing all collisions (low  160-bit) - Expected        0.0, actual          0  (1.000x) (^ 0)
Testing all collisions (high 128-bit) - Expected        0.0, actual          0  (1.000x) (^ 0)
Testing all collisions (low  128-bit) - Expected        0.0, actual          0  (1.000x) (^ 0)
Testing all collisions (high  64-bit) - Expected        0.0, actual          0  (1.000x) (^ 0)
Testing all collisions (low   64-bit) - Expected        0.0, actual          0  (1.000x) (^ 0)
Testing all collisions (high  38-bit) - Expected      125.4, actual        118  (0.941x) (^ 0)
Testing all collisions (low   38-bit) - Expected      125.4, actual        135  (1.076x) (^ 2)
Testing all collisions (high  32-bit) - Expected     8021.7, actual       7924  (0.988x) (^ 0)
Testing all collisions (low   32-bit) - Expected     8021.7, actual       8093  (1.009x) (^ 2)
Testing all collisions (high 21..41 bits) - Worst is 30 bits: 32217/32025       (1.006x) (^ 0)
Testing all collisions (low  21..41 bits) - Worst is 41 bits: 25/16             (1.595x) (^ 1)
Testing distribution   (any   8..20 bits) - Worst bias is 10 bits at bit  26:    0.859x  (^ 2)

Keyset 'SeedSparse' -   6-byte keys - seeds with up to  5 bits set - 8303633 seeds
Testing all collisions (     256-bit) - Expected        0.0, actual          0  (1.000x) (^ 0)
Testing all collisions (high 224-bit) - Expected        0.0, actual          0  (1.000x) (^ 0)
Testing all collisions (low  224-bit) - Expected        0.0, actual          0  (1.000x) (^ 0)
Testing all collisions (high 160-bit) - Expected        0.0, actual          0  (1.000x) (^ 0)
Testing all collisions (low  160-bit) - Expected        0.0, actual          0  (1.000x) (^ 0)
Testing all collisions (high 128-bit) - Expected        0.0, actual          0  (1.000x) (^ 0)
Testing all collisions (low  128-bit) - Expected        0.0, actual          0  (1.000x) (^ 0)
Testing all collisions (high  64-bit) - Expected        0.0, actual          0  (1.000x) (^ 0)
Testing all collisions (low   64-bit) - Expected        0.0, actual          0  (1.000x) (^ 0)
Testing all collisions (high  38-bit) - Expected      125.4, actual        107  (0.853x) (^ 0)
Testing all collisions (low   38-bit) - Expected      125.4, actual        110  (0.877x) (^ 0)
Testing all collisions (high  32-bit) - Expected     8021.7, actual       8150  (1.016x) (^ 3)
Testing all collisions (low   32-bit) - Expected     8021.7, actual       8072  (1.006x) (^ 1)
Testing all collisions (high 21..41 bits) - Worst is 30 bits: 32378/32025       (1.011x) (^ 1)
Testing all collisions (low  21..41 bits) - Worst is 25 bits: 949776/947681     (1.002x) (^ 1)
Testing distribution   (any   8..20 bits) - Worst bias is 11 bits at bit 230:    0.836x  (^ 2)
---Analyzing differential distribution
Testing all collisions (     256-bit) - Expected        0.0, actual          0  (1.000x) (^ 0)
Testing all collisions (high 224-bit) - Expected        0.0, actual          0  (1.000x) (^ 0)
Testing all collisions (low  224-bit) - Expected        0.0, actual          0  (1.000x) (^ 0)
Testing all collisions (high 160-bit) - Expected        0.0, actual          0  (1.000x) (^ 0)
Testing all collisions (low  160-bit) - Expected        0.0, actual          0  (1.000x) (^ 0)
Testing all collisions (high 128-bit) - Expected        0.0, actual          0  (1.000x) (^ 0)
Testing all collisions (low  128-bit) - Expected        0.0, actual          0  (1.000x) (^ 0)
Testing all collisions (high  64-bit) - Expected        0.0, actual          0  (1.000x) (^ 0)
Testing all collisions (low   64-bit) - Expected        0.0, actual          0  (1.000x) (^ 0)
Testing all collisions (high  38-bit) - Expected      125.4, actual        141  (1.124x) (^ 3)
Testing all collisions (low   38-bit) - Expected      125.4, actual        134  (1.068x) (^ 2)
Testing all collisions (high  32-bit) - Expected     8021.7, actual       7878  (0.982x) (^ 0)
Testing all collisions (low   32-bit) - Expected     8021.7, actual       7946  (0.991x) (^ 0)
Testing all collisions (high 21..41 bits) - Worst is 38 bits: 141/125           (1.124x) (^ 0)
Testing all collisions (low  21..41 bits) - Worst is 28 bits: 127622/127116     (1.004x) (^ 0)
Testing distribution   (any   8..20 bits) - Worst bias is 16 bits at bit  88:    0.565x  (^ 0)

Keyset 'SeedSparse' -  15-byte keys - seeds with up to  5 bits set - 8303633 seeds
Testing all collisions (     256-bit) - Expected        0.0, actual          0  (1.000x) (^ 0)
Testing all collisions (high 224-bit) - Expected        0.0, actual          0  (1.000x) (^ 0)
Testing all collisions (low  224-bit) - Expected        0.0, actual          0  (1.000x) (^ 0)
Testing all collisions (high 160-bit) - Expected        0.0, actual          0  (1.000x) (^ 0)
Testing all collisions (low  160-bit) - Expected        0.0, actual          0  (1.000x) (^ 0)
Testing all collisions (high 128-bit) - Expected        0.0, actual          0  (1.000x) (^ 0)
Testing all collisions (low  128-bit) - Expected        0.0, actual          0  (1.000x) (^ 0)
Testing all collisions (high  64-bit) - Expected        0.0, actual          0  (1.000x) (^ 0)
Testing all collisions (low   64-bit) - Expected        0.0, actual          0  (1.000x) (^ 0)
Testing all collisions (high  38-bit) - Expected      125.4, actual        110  (0.877x) (^ 0)
Testing all collisions (low   38-bit) - Expected      125.4, actual        134  (1.068x) (^ 2)
Testing all collisions (high  32-bit) - Expected     8021.7, actual       7922  (0.988x) (^ 0)
Testing all collisions (low   32-bit) - Expected     8021.7, actual       7927  (0.988x) (^ 0)
Testing all collisions (high 21..41 bits) - Worst is 41 bits: 18/16             (1.148x) (^ 0)
Testing all collisions (low  21..41 bits) - Worst is 40 bits: 44/31             (1.403x) (^ 1)
Testing distribution   (any   8..20 bits) - Worst bias is 13 bits at bit 206:    0.655x  (^ 0)
---Analyzing differential distribution
Testing all collisions (     256-bit) - Expected        0.0, actual          0  (1.000x) (^ 0)
Testing all collisions (high 224-bit) - Expected        0.0, actual          0  (1.000x) (^ 0)
Testing all collisions (low  224-bit) - Expected        0.0, actual          0  (1.000x) (^ 0)
Testing all collisions (high 160-bit) - Expected        0.0, actual          0  (1.000x) (^ 0)
Testing all collisions (low  160-bit) - Expected        0.0, actual          0  (1.000x) (^ 0)
Testing all collisions (high 128-bit) - Expected        0.0, actual          0  (1.000x) (^ 0)
Testing all collisions (low  128-bit) - Expected        0.0, actual          0  (1.000x) (^ 0)
Testing all collisions (high  64-bit) - Expected        0.0, actual          0  (1.000x) (^ 0)
Testing all collisions (low   64-bit) - Expected        0.0, actual          0  (1.000x) (^ 0)
Testing all collisions (high  38-bit) - Expected      125.4, actual        130  (1.037x) (^ 1)
Testing all collisions (low   38-bit) - Expected      125.4, actual        119  (0.949x) (^ 0)
Testing all collisions (high  32-bit) - Expected     8021.7, actual       8202  (1.022x) (^ 5)
Testing all collisions (low   32-bit) - Expected     8021.7, actual       8064  (1.005x) (^ 1)
Testing all collisions (high 21..41 bits) - Worst is 33 bits: 4163/4012         (1.038x) (^ 2)
Testing all collisions (low  21..41 bits) - Worst is 26 bits: 493681/493171     (1.001x) (^ 0)
Testing distribution   (any   8..20 bits) - Worst bias is 12 bits at bit 176:    0.700x  (^ 0)

Keyset 'SeedSparse' -  18-byte keys - seeds with up to  5 bits set - 8303633 seeds
Testing all collisions (     256-bit) - Expected        0.0, actual          0  (1.000x) (^ 0)
Testing all collisions (high 224-bit) - Expected        0.0, actual          0  (1.000x) (^ 0)
Testing all collisions (low  224-bit) - Expected        0.0, actual          0  (1.000x) (^ 0)
Testing all collisions (high 160-bit) - Expected        0.0, actual          0  (1.000x) (^ 0)
Testing all collisions (low  160-bit) - Expected        0.0, actual          0  (1.000x) (^ 0)
Testing all collisions (high 128-bit) - Expected        0.0, actual          0  (1.000x) (^ 0)
Testing all collisions (low  128-bit) - Expected        0.0, actual          0  (1.000x) (^ 0)
Testing all collisions (high  64-bit) - Expected        0.0, actual          0  (1.000x) (^ 0)
Testing all collisions (low   64-bit) - Expected        0.0, actual          0  (1.000x) (^ 0)
Testing all collisions (high  38-bit) - Expected      125.4, actual        124  (0.989x) (^ 0)
Testing all collisions (low   38-bit) - Expected      125.4, actual        115  (0.917x) (^ 0)
Testing all collisions (high  32-bit) - Expected     8021.7, actual       7946  (0.991x) (^ 0)
Testing all collisions (low   32-bit) - Expected     8021.7, actual       8163  (1.018x) (^ 4)
Testing all collisions (high 21..41 bits) - Worst is 41 bits: 24/16             (1.531x) (^ 0)
Testing all collisions (low  21..41 bits) - Worst is 26 bits: 494860/493171     (1.003x) (^ 2)
Testing distribution   (any   8..20 bits) - Worst bias is 19 bits at bit 164:    0.743x  (^ 7)
---Analyzing differential distribution
Testing all collisions (     256-bit) - Expected        0.0, actual          0  (1.000x) (^ 0)
Testing all collisions (high 224-bit) - Expected        0.0, actual          0  (1.000x) (^ 0)
Testing all collisions (low  224-bit) - Expected        0.0, actual          0  (1.000x) (^ 0)
Testing all collisions (high 160-bit) - Expected        0.0, actual          0  (1.000x) (^ 0)
Testing all collisions (low  160-bit) - Expected        0.0, actual          0  (1.000x) (^ 0)
Testing all collisions (high 128-bit) - Expected        0.0, actual          0  (1.000x) (^ 0)
Testing all collisions (low  128-bit) - Expected        0.0, actual          0  (1.000x) (^ 0)
Testing all collisions (high  64-bit) - Expected        0.0, actual          0  (1.000x) (^ 0)
Testing all collisions (low   64-bit) - Expected        0.0, actual          0  (1.000x) (^ 0)
Testing all collisions (high  38-bit) - Expected      125.4, actual        131  (1.045x) (^ 1)
Testing all collisions (low   38-bit) - Expected      125.4, actual        123  (0.981x) (^ 0)
Testing all collisions (high  32-bit) - Expected     8021.7, actual       7825  (0.975x) (^ 0)
Testing all collisions (low   32-bit) - Expected     8021.7, actual       7970  (0.994x) (^ 0)
Testing all collisions (high 21..41 bits) - Worst is 39 bits: 71/63             (1.132x) (^ 0)
Testing all collisions (low  21..41 bits) - Worst is 25 bits: 948039/947681     (1.000x) (^ 0)
Testing distribution   (any   8..20 bits) - Worst bias is 15 bits at bit 244:    0.649x  (^ 1)

Keyset 'SeedSparse' -  31-byte keys - seeds with up to  5 bits set - 8303633 seeds
Testing all collisions (     256-bit) - Expected        0.0, actual          0  (1.000x) (^ 0)
Testing all collisions (high 224-bit) - Expected        0.0, actual          0  (1.000x) (^ 0)
Testing all collisions (low  224-bit) - Expected        0.0, actual          0  (1.000x) (^ 0)
Testing all collisions (high 160-bit) - Expected        0.0, actual          0  (1.000x) (^ 0)
Testing all collisions (low  160-bit) - Expected        0.0, actual          0  (1.000x) (^ 0)
Testing all collisions (high 128-bit) - Expected        0.0, actual          0  (1.000x) (^ 0)
Testing all collisions (low  128-bit) - Expected        0.0, actual          0  (1.000x) (^ 0)
Testing all collisions (high  64-bit) - Expected        0.0, actual          0  (1.000x) (^ 0)
Testing all collisions (low   64-bit) - Expected        0.0, actual          0  (1.000x) (^ 0)
Testing all collisions (high  38-bit) - Expected      125.4, actual        113  (0.901x) (^ 0)
Testing all collisions (low   38-bit) - Expected      125.4, actual        138  (1.100x) (^ 2)
Testing all collisions (high  32-bit) - Expected     8021.7, actual       7992  (0.996x) (^ 0)
Testing all collisions (low   32-bit) - Expected     8021.7, actual       7837  (0.977x) (^ 0)
Testing all collisions (high 21..41 bits) - Worst is 29 bits: 64153/63885       (1.004x) (^ 0)
Testing all collisions (low  21..41 bits) - Worst is 39 bits: 75/63             (1.196x) (^ 0)
Testing distribution   (any   8..20 bits) - Worst bias is 20 bits at bit 249:    0.585x  (^ 1)
---Analyzing differential distribution
Testing all collisions (     256-bit) - Expected        0.0, actual          0  (1.000x) (^ 0)
Testing all collisions (high 224-bit) - Expected        0.0, actual          0  (1.000x) (^ 0)
Testing all collisions (low  224-bit) - Expected        0.0, actual          0  (1.000x) (^ 0)
Testing all collisions (high 160-bit) - Expected        0.0, actual          0  (1.000x) (^ 0)
Testing all collisions (low  160-bit) - Expected        0.0, actual          0  (1.000x) (^ 0)
Testing all collisions (high 128-bit) - Expected        0.0, actual          0  (1.000x) (^ 0)
Testing all collisions (low  128-bit) - Expected        0.0, actual          0  (1.000x) (^ 0)
Testing all collisions (high  64-bit) - Expected        0.0, actual          0  (1.000x) (^ 0)
Testing all collisions (low   64-bit) - Expected        0.0, actual          0  (1.000x) (^ 0)
Testing all collisions (high  38-bit) - Expected      125.4, actual        124  (0.989x) (^ 0)
Testing all collisions (low   38-bit) - Expected      125.4, actual        127  (1.013x) (^ 1)
Testing all collisions (high  32-bit) - Expected     8021.7, actual       8269  (1.031x) (^ 8)
Testing all collisions (low   32-bit) - Expected     8021.7, actual       7984  (0.995x) (^ 0)
Testing all collisions (high 21..41 bits) - Worst is 32 bits: 8269/8022         (1.031x) (^ 4)
Testing all collisions (low  21..41 bits) - Worst is 39 bits: 74/63             (1.180x) (^ 0)
Testing distribution   (any   8..20 bits) - Worst bias is 14 bits at bit  94:    0.665x  (^ 0)

Keyset 'SeedSparse' -  52-byte keys - seeds with up to  5 bits set - 8303633 seeds
Testing all collisions (     256-bit) - Expected        0.0, actual          0  (1.000x) (^ 0)
Testing all collisions (high 224-bit) - Expected        0.0, actual          0  (1.000x) (^ 0)
Testing all collisions (low  224-bit) - Expected        0.0, actual          0  (1.000x) (^ 0)
Testing all collisions (high 160-bit) - Expected        0.0, actual          0  (1.000x) (^ 0)
Testing all collisions (low  160-bit) - Expected        0.0, actual          0  (1.000x) (^ 0)
Testing all collisions (high 128-bit) - Expected        0.0, actual          0  (1.000x) (^ 0)
Testing all collisions (low  128-bit) - Expected        0.0, actual          0  (1.000x) (^ 0)
Testing all collisions (high  64-bit) - Expected        0.0, actual          0  (1.000x) (^ 0)
Testing all collisions (low   64-bit) - Expected        0.0, actual          0  (1.000x) (^ 0)
Testing all collisions (high  38-bit) - Expected      125.4, actual        133  (1.060x) (^ 1)
Testing all collisions (low   38-bit) - Expected      125.4, actual        136  (1.084x) (^ 2)
Testing all collisions (high  32-bit) - Expected     8021.7, actual       7927  (0.988x) (^ 0)
Testing all collisions (low   32-bit) - Expected     8021.7, actual       8135  (1.014x) (^ 3)
Testing all collisions (high 21..41 bits) - Worst is 39 bits: 69/63             (1.100x) (^ 0)
Testing all collisions (low  21..41 bits) - Worst is 35 bits: 1061/1003         (1.058x) (^ 0)
Testing distribution   (any   8..20 bits) - Worst bias is 19 bits at bit  47:    0.633x  (^ 2)
---Analyzing differential distribution
Testing all collisions (     256-bit) - Expected        0.0, actual          0  (1.000x) (^ 0)
Testing all collisions (high 224-bit) - Expected        0.0, actual          0  (1.000x) (^ 0)
Testing all collisions (low  224-bit) - Expected        0.0, actual          0  (1.000x) (^ 0)
Testing all collisions (high 160-bit) - Expected        0.0, actual          0  (1.000x) (^ 0)
Testing all collisions (low  160-bit) - Expected        0.0, actual          0  (1.000x) (^ 0)
Testing all collisions (high 128-bit) - Expected        0.0, actual          0  (1.000x) (^ 0)
Testing all collisions (low  128-bit) - Expected        0.0, actual          0  (1.000x) (^ 0)
Testing all collisions (high  64-bit) - Expected        0.0, actual          0  (1.000x) (^ 0)
Testing all collisions (low   64-bit) - Expected        0.0, actual          0  (1.000x) (^ 0)
Testing all collisions (high  38-bit) - Expected      125.4, actual        120  (0.957x) (^ 0)
Testing all collisions (low   38-bit) - Expected      125.4, actual        131  (1.045x) (^ 1)
Testing all collisions (high  32-bit) - Expected     8021.7, actual       7924  (0.988x) (^ 0)
Testing all collisions (low   32-bit) - Expected     8021.7, actual       8138  (1.014x) (^ 3)
Testing all collisions (high 21..41 bits) - Worst is 25 bits: 948633/947681     (1.001x) (^ 0)
Testing all collisions (low  21..41 bits) - Worst is 32 bits: 8138/8022         (1.014x) (^ 0)
Testing distribution   (any   8..20 bits) - Worst bias is  9 bits at bit  34:    0.894x  (^ 2)

Keyset 'SeedSparse' -  80-byte keys - seeds with up to  5 bits set - 8303633 seeds
Testing all collisions (     256-bit) - Expected        0.0, actual          0  (1.000x) (^ 0)
Testing all collisions (high 224-bit) - Expected        0.0, actual          0  (1.000x) (^ 0)
Testing all collisions (low  224-bit) - Expected        0.0, actual          0  (1.000x) (^ 0)
Testing all collisions (high 160-bit) - Expected        0.0, actual          0  (1.000x) (^ 0)
Testing all collisions (low  160-bit) - Expected        0.0, actual          0  (1.000x) (^ 0)
Testing all collisions (high 128-bit) - Expected        0.0, actual          0  (1.000x) (^ 0)
Testing all collisions (low  128-bit) - Expected        0.0, actual          0  (1.000x) (^ 0)
Testing all collisions (high  64-bit) - Expected        0.0, actual          0  (1.000x) (^ 0)
Testing all collisions (low   64-bit) - Expected        0.0, actual          0  (1.000x) (^ 0)
Testing all collisions (high  38-bit) - Expected      125.4, actual        120  (0.957x) (^ 0)
Testing all collisions (low   38-bit) - Expected      125.4, actual        130  (1.037x) (^ 1)
Testing all collisions (high  32-bit) - Expected     8021.7, actual       7925  (0.988x) (^ 0)
Testing all collisions (low   32-bit) - Expected     8021.7, actual       8018  (1.000x) (^ 0)
Testing all collisions (high 21..41 bits) - Worst is 40 bits: 39/31             (1.244x) (^ 0)
Testing all collisions (low  21..41 bits) - Worst is 36 bits: 543/502           (1.082x) (^ 0)
Testing distribution   (any   8..20 bits) - Worst bias is 19 bits at bit 252:    0.572x  (^ 0)
---Analyzing differential distribution
Testing all collisions (     256-bit) - Expected        0.0, actual          0  (1.000x) (^ 0)
Testing all collisions (high 224-bit) - Expected        0.0, actual          0  (1.000x) (^ 0)
Testing all collisions (low  224-bit) - Expected        0.0, actual          0  (1.000x) (^ 0)
Testing all collisions (high 160-bit) - Expected        0.0, actual          0  (1.000x) (^ 0)
Testing all collisions (low  160-bit) - Expected        0.0, actual          0  (1.000x) (^ 0)
Testing all collisions (high 128-bit) - Expected        0.0, actual          0  (1.000x) (^ 0)
Testing all collisions (low  128-bit) - Expected        0.0, actual          0  (1.000x) (^ 0)
Testing all collisions (high  64-bit) - Expected        0.0, actual          0  (1.000x) (^ 0)
Testing all collisions (low   64-bit) - Expected        0.0, actual          0  (1.000x) (^ 0)
Testing all collisions (high  38-bit) - Expected      125.4, actual        122  (0.973x) (^ 0)
Testing all collisions (low   38-bit) - Expected      125.4, actual        131  (1.045x) (^ 1)
Testing all collisions (high  32-bit) - Expected     8021.7, actual       7807  (0.973x) (^ 0)
Testing all collisions (low   32-bit) - Expected     8021.7, actual       8175  (1.019x) (^ 4)
Testing all collisions (high 21..41 bits) - Worst is 41 bits: 20/16             (1.276x) (^ 0)
Testing all collisions (low  21..41 bits) - Worst is 32 bits: 8175/8022         (1.019x) (^ 0)
Testing distribution   (any   8..20 bits) - Worst bias is  9 bits at bit 204:    0.774x  (^ 0)

Keyset 'SeedSparse' - 200-byte keys - seeds with up to  5 bits set - 8303633 seeds
Testing all collisions (     256-bit) - Expected        0.0, actual          0  (1.000x) (^ 0)
Testing all collisions (high 224-bit) - Expected        0.0, actual          0  (1.000x) (^ 0)
Testing all collisions (low  224-bit) - Expected        0.0, actual          0  (1.000x) (^ 0)
Testing all collisions (high 160-bit) - Expected        0.0, actual          0  (1.000x) (^ 0)
Testing all collisions (low  160-bit) - Expected        0.0, actual          0  (1.000x) (^ 0)
Testing all collisions (high 128-bit) - Expected        0.0, actual          0  (1.000x) (^ 0)
Testing all collisions (low  128-bit) - Expected        0.0, actual          0  (1.000x) (^ 0)
Testing all collisions (high  64-bit) - Expected        0.0, actual          0  (1.000x) (^ 0)
Testing all collisions (low   64-bit) - Expected        0.0, actual          0  (1.000x) (^ 0)
Testing all collisions (high  38-bit) - Expected      125.4, actual        122  (0.973x) (^ 0)
Testing all collisions (low   38-bit) - Expected      125.4, actual        122  (0.973x) (^ 0)
Testing all collisions (high  32-bit) - Expected     8021.7, actual       8007  (0.998x) (^ 0)
Testing all collisions (low   32-bit) - Expected     8021.7, actual       7877  (0.982x) (^ 0)
Testing all collisions (high 21..41 bits) - Worst is 34 bits: 2098/2006         (1.046x) (^ 1)
Testing all collisions (low  21..41 bits) - Worst is 28 bits: 127650/127116     (1.004x) (^ 0)
Testing distribution   (any   8..20 bits) - Worst bias is 14 bits at bit 219:    0.562x  (^ 0)
---Analyzing differential distribution
Testing all collisions (     256-bit) - Expected        0.0, actual          0  (1.000x) (^ 0)
Testing all collisions (high 224-bit) - Expected        0.0, actual          0  (1.000x) (^ 0)
Testing all collisions (low  224-bit) - Expected        0.0, actual          0  (1.000x) (^ 0)
Testing all collisions (high 160-bit) - Expected        0.0, actual          0  (1.000x) (^ 0)
Testing all collisions (low  160-bit) - Expected        0.0, actual          0  (1.000x) (^ 0)
Testing all collisions (high 128-bit) - Expected        0.0, actual          0  (1.000x) (^ 0)
Testing all collisions (low  128-bit) - Expected        0.0, actual          0  (1.000x) (^ 0)
Testing all collisions (high  64-bit) - Expected        0.0, actual          0  (1.000x) (^ 0)
Testing all collisions (low   64-bit) - Expected        0.0, actual          0  (1.000x) (^ 0)
Testing all collisions (high  38-bit) - Expected      125.4, actual        133  (1.060x) (^ 1)
Testing all collisions (low   38-bit) - Expected      125.4, actual        109  (0.869x) (^ 0)
Testing all collisions (high  32-bit) - Expected     8021.7, actual       8029  (1.001x) (^ 1)
Testing all collisions (low   32-bit) - Expected     8021.7, actual       8017  (0.999x) (^ 0)
Testing all collisions (high 21..41 bits) - Worst is 29 bits: 64107/63885       (1.003x) (^ 0)
Testing all collisions (low  21..41 bits) - Worst is 31 bits: 16148/16033       (1.007x) (^ 0)
Testing distribution   (any   8..20 bits) - Worst bias is  9 bits at bit 221:    0.830x  (^ 0)

Keyset 'SeedSparse' - 1025-byte keys - seeds with up to  5 bits set - 8303633 seeds
Testing all collisions (     256-bit) - Expected        0.0, actual          0  (1.000x) (^ 0)
Testing all collisions (high 224-bit) - Expected        0.0, actual          0  (1.000x) (^ 0)
Testing all collisions (low  224-bit) - Expected        0.0, actual          0  (1.000x) (^ 0)
Testing all collisions (high 160-bit) - Expected        0.0, actual          0  (1.000x) (^ 0)
Testing all collisions (low  160-bit) - Expected        0.0, actual          0  (1.000x) (^ 0)
Testing all collisions (high 128-bit) - Expected        0.0, actual          0  (1.000x) (^ 0)
Testing all collisions (low  128-bit) - Expected        0.0, actual          0  (1.000x) (^ 0)
Testing all collisions (high  64-bit) - Expected        0.0, actual          0  (1.000x) (^ 0)
Testing all collisions (low   64-bit) - Expected        0.0, actual          0  (1.000x) (^ 0)
Testing all collisions (high  38-bit) - Expected      125.4, actual        126  (1.005x) (^ 1)
Testing all collisions (low   38-bit) - Expected      125.4, actual        114  (0.909x) (^ 0)
Testing all collisions (high  32-bit) - Expected     8021.7, actual       8066  (1.006x) (^ 1)
Testing all collisions (low   32-bit) - Expected     8021.7, actual       8052  (1.004x) (^ 1)
Testing all collisions (high 21..41 bits) - Worst is 27 bits: 252379/251644     (1.003x) (^ 0)
Testing all collisions (low  21..41 bits) - Worst is 40 bits: 36/31             (1.148x) (^ 0)
Testing distribution   (any   8..20 bits) - Worst bias is 20 bits at bit  85:    0.436x  (^ 0)
---Analyzing differential distribution
Testing all collisions (     256-bit) - Expected        0.0, actual          0  (1.000x) (^ 0)
Testing all collisions (high 224-bit) - Expected        0.0, actual          0  (1.000x) (^ 0)
Testing all collisions (low  224-bit) - Expected        0.0, actual          0  (1.000x) (^ 0)
Testing all collisions (high 160-bit) - Expected        0.0, actual          0  (1.000x) (^ 0)
Testing all collisions (low  160-bit) - Expected        0.0, actual          0  (1.000x) (^ 0)
Testing all collisions (high 128-bit) - Expected        0.0, actual          0  (1.000x) (^ 0)
Testing all collisions (low  128-bit) - Expected        0.0, actual          0  (1.000x) (^ 0)
Testing all collisions (high  64-bit) - Expected        0.0, actual          0  (1.000x) (^ 0)
Testing all collisions (low   64-bit) - Expected        0.0, actual          0  (1.000x) (^ 0)
Testing all collisions (high  38-bit) - Expected      125.4, actual        113  (0.901x) (^ 0)
Testing all collisions (low   38-bit) - Expected      125.4, actual        123  (0.981x) (^ 0)
Testing all collisions (high  32-bit) - Expected     8021.7, actual       7989  (0.996x) (^ 0)
Testing all collisions (low   32-bit) - Expected     8021.7, actual       8049  (1.003x) (^ 1)
Testing all collisions (high 21..41 bits) - Worst is 27 bits: 252128/251644     (1.002x) (^ 0)
Testing all collisions (low  21..41 bits) - Worst is 24 bits: 1755653/1753983   (1.001x) (^ 0)
Testing distribution   (any   8..20 bits) - Worst bias is 19 bits at bit 246:    0.516x  (^ 0)


[[[ Seed BlockLength Tests ]]]

Seeds have up to 2 bits set, 4-byte blocks have up to 2 bits set

Keyset 'SeedBlockLen' -  8-byte keys with block at offsets [0..4, by 4s] - 2196480 hashes
Testing all collisions (     256-bit) - Expected        0.0, actual          0  (1.000x) (^ 0)
Testing all collisions (high 224-bit) - Expected        0.0, actual          0  (1.000x) (^ 0)
Testing all collisions (low  224-bit) - Expected        0.0, actual          0  (1.000x) (^ 0)
Testing all collisions (high 160-bit) - Expected        0.0, actual          0  (1.000x) (^ 0)
Testing all collisions (low  160-bit) - Expected        0.0, actual          0  (1.000x) (^ 0)
Testing all collisions (high 128-bit) - Expected        0.0, actual          0  (1.000x) (^ 0)
Testing all collisions (low  128-bit) - Expected        0.0, actual          0  (1.000x) (^ 0)
Testing all collisions (high  64-bit) - Expected        0.0, actual          0  (1.000x) (^ 0)
Testing all collisions (low   64-bit) - Expected        0.0, actual          0  (1.000x) (^ 0)
Testing all collisions (high  34-bit) - Expected      140.4, actual        153  (1.090x) (^ 2)
Testing all collisions (low   34-bit) - Expected      140.4, actual        136  (0.969x) (^ 0)
Testing all collisions (high  32-bit) - Expected      561.6, actual        586  (1.044x) (^ 2)
Testing all collisions (low   32-bit) - Expected      561.6, actual        529  (0.942x) (^ 0)
Testing all collisions (high 19..37 bits) - Worst is 33 bits: 311/281           (1.108x) (^ 0)
Testing all collisions (low  19..37 bits) - Worst is 21 bits: 836027/835138     (1.001x) (^ 0)
Testing distribution   (any   8..18 bits) - Worst bias is 16 bits at bit 191:    0.581x  (^ 0)

Keyset 'SeedBlockLen' -  9-byte keys with block at offsets [0..4, by 4s] - 2196480 hashes
Testing all collisions (     256-bit) - Expected        0.0, actual          0  (1.000x) (^ 0)
Testing all collisions (high 224-bit) - Expected        0.0, actual          0  (1.000x) (^ 0)
Testing all collisions (low  224-bit) - Expected        0.0, actual          0  (1.000x) (^ 0)
Testing all collisions (high 160-bit) - Expected        0.0, actual          0  (1.000x) (^ 0)
Testing all collisions (low  160-bit) - Expected        0.0, actual          0  (1.000x) (^ 0)
Testing all collisions (high 128-bit) - Expected        0.0, actual          0  (1.000x) (^ 0)
Testing all collisions (low  128-bit) - Expected        0.0, actual          0  (1.000x) (^ 0)
Testing all collisions (high  64-bit) - Expected        0.0, actual          0  (1.000x) (^ 0)
Testing all collisions (low   64-bit) - Expected        0.0, actual          0  (1.000x) (^ 0)
Testing all collisions (high  34-bit) - Expected      140.4, actual        162  (1.154x) (^ 4)
Testing all collisions (low   34-bit) - Expected      140.4, actual        122  (0.869x) (^ 0)
Testing all collisions (high  32-bit) - Expected      561.6, actual        583  (1.038x) (^ 2)
Testing all collisions (low   32-bit) - Expected      561.6, actual        547  (0.974x) (^ 0)
Testing all collisions (high 19..37 bits) - Worst is 29 bits: 4630/4487         (1.032x) (^ 1)
Testing all collisions (low  19..37 bits) - Worst is 26 bits: 35880/35557       (1.009x) (^ 0)
Testing distribution   (any   8..18 bits) - Worst bias is 12 bits at bit   0:    0.787x  (^ 2)

Keyset 'SeedBlockLen' - 10-byte keys with block at offsets [0..4, by 4s] - 2196480 hashes
Testing all collisions (     256-bit) - Expected        0.0, actual          0  (1.000x) (^ 0)
Testing all collisions (high 224-bit) - Expected        0.0, actual          0  (1.000x) (^ 0)
Testing all collisions (low  224-bit) - Expected        0.0, actual          0  (1.000x) (^ 0)
Testing all collisions (high 160-bit) - Expected        0.0, actual          0  (1.000x) (^ 0)
Testing all collisions (low  160-bit) - Expected        0.0, actual          0  (1.000x) (^ 0)
Testing all collisions (high 128-bit) - Expected        0.0, actual          0  (1.000x) (^ 0)
Testing all collisions (low  128-bit) - Expected        0.0, actual          0  (1.000x) (^ 0)
Testing all collisions (high  64-bit) - Expected        0.0, actual          0  (1.000x) (^ 0)
Testing all collisions (low   64-bit) - Expected        0.0, actual          0  (1.000x) (^ 0)
Testing all collisions (high  34-bit) - Expected      140.4, actual        133  (0.947x) (^ 0)
Testing all collisions (low   34-bit) - Expected      140.4, actual        134  (0.954x) (^ 0)
Testing all collisions (high  32-bit) - Expected      561.6, actual        566  (1.008x) (^ 1)
Testing all collisions (low   32-bit) - Expected      561.6, actual        563  (1.003x) (^ 1)
Testing all collisions (high 19..37 bits) - Worst is 27 bits: 18134/17875       (1.014x) (^ 1)
Testing all collisions (low  19..37 bits) - Worst is 28 bits: 9185/8962         (1.025x) (^ 2)
Testing distribution   (any   8..18 bits) - Worst bias is 12 bits at bit 102:    0.617x  (^ 0)

Keyset 'SeedBlockLen' - 11-byte keys with block at offsets [0..4, by 4s] - 2196480 hashes
Testing all collisions (     256-bit) - Expected        0.0, actual          0  (1.000x) (^ 0)
Testing all collisions (high 224-bit) - Expected        0.0, actual          0  (1.000x) (^ 0)
Testing all collisions (low  224-bit) - Expected        0.0, actual          0  (1.000x) (^ 0)
Testing all collisions (high 160-bit) - Expected        0.0, actual          0  (1.000x) (^ 0)
Testing all collisions (low  160-bit) - Expected        0.0, actual          0  (1.000x) (^ 0)
Testing all collisions (high 128-bit) - Expected        0.0, actual          0  (1.000x) (^ 0)
Testing all collisions (low  128-bit) - Expected        0.0, actual          0  (1.000x) (^ 0)
Testing all collisions (high  64-bit) - Expected        0.0, actual          0  (1.000x) (^ 0)
Testing all collisions (low   64-bit) - Expected        0.0, actual          0  (1.000x) (^ 0)
Testing all collisions (high  34-bit) - Expected      140.4, actual        140  (1.000x) (^ 0)
Testing all collisions (low   34-bit) - Expected      140.4, actual        148  (1.054x) (^ 1)
Testing all collisions (high  32-bit) - Expected      561.6, actual        550  (0.979x) (^ 0)
Testing all collisions (low   32-bit) - Expected      561.6, actual        567  (1.010x) (^ 1)
Testing all collisions (high 19..37 bits) - Worst is 20 bits: 1277375/1276988   (1.000x) (^ 0)
Testing all collisions (low  19..37 bits) - Worst is 36 bits: 42/35             (1.196x) (^ 0)
Testing distribution   (any   8..18 bits) - Worst bias is 11 bits at bit 100:    0.688x  (^ 0)

Keyset 'SeedBlockLen' - 12-byte keys with block at offsets [0..8, by 4s] - 3294720 hashes
Testing all collisions (     256-bit) - Expected        0.0, actual          0  (1.000x) (^ 0)
Testing all collisions (high 224-bit) - Expected        0.0, actual          0  (1.000x) (^ 0)
Testing all collisions (low  224-bit) - Expected        0.0, actual          0  (1.000x) (^ 0)
Testing all collisions (high 160-bit) - Expected        0.0, actual          0  (1.000x) (^ 0)
Testing all collisions (low  160-bit) - Expected        0.0, actual          0  (1.000x) (^ 0)
Testing all collisions (high 128-bit) - Expected        0.0, actual          0  (1.000x) (^ 0)
Testing all collisions (low  128-bit) - Expected        0.0, actual          0  (1.000x) (^ 0)
Testing all collisions (high  64-bit) - Expected        0.0, actual          0  (1.000x) (^ 0)
Testing all collisions (low   64-bit) - Expected        0.0, actual          0  (1.000x) (^ 0)
Testing all collisions (high  35-bit) - Expected      158.0, actual        164  (1.038x) (^ 1)
Testing all collisions (low   35-bit) - Expected      158.0, actual        158  (1.000x) (^ 1)
Testing all collisions (high  32-bit) - Expected     1263.4, actual       1282  (1.015x) (^ 1)
Testing all collisions (low   32-bit) - Expected     1263.4, actual       1278  (1.012x) (^ 1)
Testing all collisions (high 20..38 bits) - Worst is 31 bits: 2576/2526         (1.020x) (^ 0)
Testing all collisions (low  20..38 bits) - Worst is 33 bits: 667/632           (1.056x) (^ 0)
Testing distribution   (any   8..19 bits) - Worst bias is 12 bits at bit 141:    0.620x  (^ 0)

Keyset 'SeedBlockLen' - 13-byte keys with block at offsets [0..8, by 4s] - 3294720 hashes
Testing all collisions (     256-bit) - Expected        0.0, actual          0  (1.000x) (^ 0)
Testing all collisions (high 224-bit) - Expected        0.0, actual          0  (1.000x) (^ 0)
Testing all collisions (low  224-bit) - Expected        0.0, actual          0  (1.000x) (^ 0)
Testing all collisions (high 160-bit) - Expected        0.0, actual          0  (1.000x) (^ 0)
Testing all collisions (low  160-bit) - Expected        0.0, actual          0  (1.000x) (^ 0)
Testing all collisions (high 128-bit) - Expected        0.0, actual          0  (1.000x) (^ 0)
Testing all collisions (low  128-bit) - Expected        0.0, actual          0  (1.000x) (^ 0)
Testing all collisions (high  64-bit) - Expected        0.0, actual          0  (1.000x) (^ 0)
Testing all collisions (low   64-bit) - Expected        0.0, actual          0  (1.000x) (^ 0)
Testing all collisions (high  35-bit) - Expected      158.0, actual        153  (0.969x) (^ 0)
Testing all collisions (low   35-bit) - Expected      158.0, actual        144  (0.912x) (^ 0)
Testing all collisions (high  32-bit) - Expected     1263.4, actual       1285  (1.017x) (^ 1)
Testing all collisions (low   32-bit) - Expected     1263.4, actual       1195  (0.946x) (^ 0)
Testing all collisions (high 20..38 bits) - Worst is 31 bits: 2558/2526         (1.013x) (^ 0)
Testing all collisions (low  20..38 bits) - Worst is 27 bits: 40271/40110       (1.004x) (^ 0)
Testing distribution   (any   8..19 bits) - Worst bias is 18 bits at bit 109:    0.617x  (^ 1)

Keyset 'SeedBlockLen' - 14-byte keys with block at offsets [0..8, by 4s] - 3294720 hashes
Testing all collisions (     256-bit) - Expected        0.0, actual          0  (1.000x) (^ 0)
Testing all collisions (high 224-bit) - Expected        0.0, actual          0  (1.000x) (^ 0)
Testing all collisions (low  224-bit) - Expected        0.0, actual          0  (1.000x) (^ 0)
Testing all collisions (high 160-bit) - Expected        0.0, actual          0  (1.000x) (^ 0)
Testing all collisions (low  160-bit) - Expected        0.0, actual          0  (1.000x) (^ 0)
Testing all collisions (high 128-bit) - Expected        0.0, actual          0  (1.000x) (^ 0)
Testing all collisions (low  128-bit) - Expected        0.0, actual          0  (1.000x) (^ 0)
Testing all collisions (high  64-bit) - Expected        0.0, actual          0  (1.000x) (^ 0)
Testing all collisions (low   64-bit) - Expected        0.0, actual          0  (1.000x) (^ 0)
Testing all collisions (high  35-bit) - Expected      158.0, actual        150  (0.950x) (^ 0)
Testing all collisions (low   35-bit) - Expected      158.0, actual        145  (0.918x) (^ 0)
Testing all collisions (high  32-bit) - Expected     1263.4, actual       1229  (0.973x) (^ 0)
Testing all collisions (low   32-bit) - Expected     1263.4, actual       1217  (0.963x) (^ 0)
Testing all collisions (high 20..38 bits) - Worst is 25 bits: 156879/156588     (1.002x) (^ 0)
Testing all collisions (low  20..38 bits) - Worst is 38 bits: 24/20             (1.215x) (^ 0)
Testing distribution   (any   8..19 bits) - Worst bias is 18 bits at bit  84:    0.570x  (^ 0)

Keyset 'SeedBlockLen' - 15-byte keys with block at offsets [0..8, by 4s] - 3294720 hashes
Testing all collisions (     256-bit) - Expected        0.0, actual          0  (1.000x) (^ 0)
Testing all collisions (high 224-bit) - Expected        0.0, actual          0  (1.000x) (^ 0)
Testing all collisions (low  224-bit) - Expected        0.0, actual          0  (1.000x) (^ 0)
Testing all collisions (high 160-bit) - Expected        0.0, actual          0  (1.000x) (^ 0)
Testing all collisions (low  160-bit) - Expected        0.0, actual          0  (1.000x) (^ 0)
Testing all collisions (high 128-bit) - Expected        0.0, actual          0  (1.000x) (^ 0)
Testing all collisions (low  128-bit) - Expected        0.0, actual          0  (1.000x) (^ 0)
Testing all collisions (high  64-bit) - Expected        0.0, actual          0  (1.000x) (^ 0)
Testing all collisions (low   64-bit) - Expected        0.0, actual          0  (1.000x) (^ 0)
Testing all collisions (high  35-bit) - Expected      158.0, actual        164  (1.038x) (^ 1)
Testing all collisions (low   35-bit) - Expected      158.0, actual        154  (0.975x) (^ 0)
Testing all collisions (high  32-bit) - Expected     1263.4, actual       1297  (1.027x) (^ 2)
Testing all collisions (low   32-bit) - Expected     1263.4, actual       1233  (0.976x) (^ 0)
Testing all collisions (high 20..38 bits) - Worst is 29 bits: 10271/10089       (1.018x) (^ 1)
Testing all collisions (low  20..38 bits) - Worst is 22 bits: 1013510/1012521   (1.001x) (^ 0)
Testing distribution   (any   8..19 bits) - Worst bias is 17 bits at bit 132:    0.610x  (^ 1)

Keyset 'SeedBlockLen' - 16-byte keys with block at offsets [0..12, by 4s] - 4392960 hashes
Testing all collisions (     256-bit) - Expected        0.0, actual          0  (1.000x) (^ 0)
Testing all collisions (high 224-bit) - Expected        0.0, actual          0  (1.000x) (^ 0)
Testing all collisions (low  224-bit) - Expected        0.0, actual          0  (1.000x) (^ 0)
Testing all collisions (high 160-bit) - Expected        0.0, actual          0  (1.000x) (^ 0)
Testing all collisions (low  160-bit) - Expected        0.0, actual          0  (1.000x) (^ 0)
Testing all collisions (high 128-bit) - Expected        0.0, actual          0  (1.000x) (^ 0)
Testing all collisions (low  128-bit) - Expected        0.0, actual          0  (1.000x) (^ 0)
Testing all collisions (high  64-bit) - Expected        0.0, actual          0  (1.000x) (^ 0)
Testing all collisions (low   64-bit) - Expected        0.0, actual          0  (1.000x) (^ 0)
Testing all collisions (high  36-bit) - Expected      140.4, actual        131  (0.933x) (^ 0)
Testing all collisions (low   36-bit) - Expected      140.4, actual        151  (1.075x) (^ 2)
Testing all collisions (high  32-bit) - Expected     2245.8, actual       2231  (0.993x) (^ 0)
Testing all collisions (low   32-bit) - Expected     2245.8, actual       2240  (0.997x) (^ 0)
Testing all collisions (high 20..39 bits) - Worst is 30 bits: 9068/8974         (1.010x) (^ 0)
Testing all collisions (low  20..39 bits) - Worst is 35 bits: 305/281           (1.086x) (^ 0)
Testing distribution   (any   8..19 bits) - Worst bias is 16 bits at bit 206:    0.682x  (^ 2)

Keyset 'SeedBlockLen' - 17-byte keys with block at offsets [0..12, by 4s] - 4392960 hashes
Testing all collisions (     256-bit) - Expected        0.0, actual          0  (1.000x) (^ 0)
Testing all collisions (high 224-bit) - Expected        0.0, actual          0  (1.000x) (^ 0)
Testing all collisions (low  224-bit) - Expected        0.0, actual          0  (1.000x) (^ 0)
Testing all collisions (high 160-bit) - Expected        0.0, actual          0  (1.000x) (^ 0)
Testing all collisions (low  160-bit) - Expected        0.0, actual          0  (1.000x) (^ 0)
Testing all collisions (high 128-bit) - Expected        0.0, actual          0  (1.000x) (^ 0)
Testing all collisions (low  128-bit) - Expected        0.0, actual          0  (1.000x) (^ 0)
Testing all collisions (high  64-bit) - Expected        0.0, actual          0  (1.000x) (^ 0)
Testing all collisions (low   64-bit) - Expected        0.0, actual          0  (1.000x) (^ 0)
Testing all collisions (high  36-bit) - Expected      140.4, actual        166  (1.182x) (^ 5)
Testing all collisions (low   36-bit) - Expected      140.4, actual        145  (1.033x) (^ 1)
Testing all collisions (high  32-bit) - Expected     2245.8, actual       2273  (1.012x) (^ 1)
Testing all collisions (low   32-bit) - Expected     2245.8, actual       2222  (0.989x) (^ 0)
Testing all collisions (high 20..39 bits) - Worst is 36 bits: 166/140           (1.182x) (^ 1)
Testing all collisions (low  20..39 bits) - Worst is 35 bits: 306/281           (1.090x) (^ 0)
Testing distribution   (any   8..19 bits) - Worst bias is 16 bits at bit 121:    0.695x  (^ 3)

Keyset 'SeedBlockLen' - 18-byte keys with block at offsets [0..12, by 4s] - 4392960 hashes
Testing all collisions (     256-bit) - Expected        0.0, actual          0  (1.000x) (^ 0)
Testing all collisions (high 224-bit) - Expected        0.0, actual          0  (1.000x) (^ 0)
Testing all collisions (low  224-bit) - Expected        0.0, actual          0  (1.000x) (^ 0)
Testing all collisions (high 160-bit) - Expected        0.0, actual          0  (1.000x) (^ 0)
Testing all collisions (low  160-bit) - Expected        0.0, actual          0  (1.000x) (^ 0)
Testing all collisions (high 128-bit) - Expected        0.0, actual          0  (1.000x) (^ 0)
Testing all collisions (low  128-bit) - Expected        0.0, actual          0  (1.000x) (^ 0)
Testing all collisions (high  64-bit) - Expected        0.0, actual          0  (1.000x) (^ 0)
Testing all collisions (low   64-bit) - Expected        0.0, actual          0  (1.000x) (^ 0)
Testing all collisions (high  36-bit) - Expected      140.4, actual        137  (0.976x) (^ 0)
Testing all collisions (low   36-bit) - Expected      140.4, actual        126  (0.897x) (^ 0)
Testing all collisions (high  32-bit) - Expected     2245.8, actual       2237  (0.996x) (^ 0)
Testing all collisions (low   32-bit) - Expected     2245.8, actual       2261  (1.007x) (^ 1)
Testing all collisions (high 20..39 bits) - Worst is 22 bits: 1670402/1670276   (1.000x) (^ 0)
Testing all collisions (low  20..39 bits) - Worst is 28 bits: 35841/35750       (1.003x) (^ 0)
Testing distribution   (any   8..19 bits) - Worst bias is 12 bits at bit 241:    0.631x  (^ 0)

Keyset 'SeedBlockLen' - 19-byte keys with block at offsets [0..12, by 4s] - 4392960 hashes
Testing all collisions (     256-bit) - Expected        0.0, actual          0  (1.000x) (^ 0)
Testing all collisions (high 224-bit) - Expected        0.0, actual          0  (1.000x) (^ 0)
Testing all collisions (low  224-bit) - Expected        0.0, actual          0  (1.000x) (^ 0)
Testing all collisions (high 160-bit) - Expected        0.0, actual          0  (1.000x) (^ 0)
Testing all collisions (low  160-bit) - Expected        0.0, actual          0  (1.000x) (^ 0)
Testing all collisions (high 128-bit) - Expected        0.0, actual          0  (1.000x) (^ 0)
Testing all collisions (low  128-bit) - Expected        0.0, actual          0  (1.000x) (^ 0)
Testing all collisions (high  64-bit) - Expected        0.0, actual          0  (1.000x) (^ 0)
Testing all collisions (low   64-bit) - Expected        0.0, actual          0  (1.000x) (^ 0)
Testing all collisions (high  36-bit) - Expected      140.4, actual        143  (1.018x) (^ 1)
Testing all collisions (low   36-bit) - Expected      140.4, actual        145  (1.033x) (^ 1)
Testing all collisions (high  32-bit) - Expected     2245.8, actual       2192  (0.976x) (^ 0)
Testing all collisions (low   32-bit) - Expected     2245.8, actual       2212  (0.985x) (^ 0)
Testing all collisions (high 20..39 bits) - Worst is 26 bits: 141057/140695     (1.003x) (^ 0)
Testing all collisions (low  20..39 bits) - Worst is 23 bits: 974112/973224     (1.001x) (^ 0)
Testing distribution   (any   8..19 bits) - Worst bias is 17 bits at bit 229:    0.652x  (^ 2)

Keyset 'SeedBlockLen' - 20-byte keys with block at offsets [0..16, by 4s] - 5491200 hashes
Testing all collisions (     256-bit) - Expected        0.0, actual          0  (1.000x) (^ 0)
Testing all collisions (high 224-bit) - Expected        0.0, actual          0  (1.000x) (^ 0)
Testing all collisions (low  224-bit) - Expected        0.0, actual          0  (1.000x) (^ 0)
Testing all collisions (high 160-bit) - Expected        0.0, actual          0  (1.000x) (^ 0)
Testing all collisions (low  160-bit) - Expected        0.0, actual          0  (1.000x) (^ 0)
Testing all collisions (high 128-bit) - Expected        0.0, actual          0  (1.000x) (^ 0)
Testing all collisions (low  128-bit) - Expected        0.0, actual          0  (1.000x) (^ 0)
Testing all collisions (high  64-bit) - Expected        0.0, actual          0  (1.000x) (^ 0)
Testing all collisions (low   64-bit) - Expected        0.0, actual          0  (1.000x) (^ 0)
Testing all collisions (high  37-bit) - Expected      109.7, actual        103  (0.939x) (^ 0)
Testing all collisions (low   37-bit) - Expected      109.7, actual        106  (0.966x) (^ 0)
Testing all collisions (high  32-bit) - Expected     3508.8, actual       3483  (0.993x) (^ 0)
Testing all collisions (low   32-bit) - Expected     3508.8, actual       3558  (1.014x) (^ 2)
Testing all collisions (high 21..40 bits) - Worst is 24 bits: 809814/808120     (1.002x) (^ 1)
Testing all collisions (low  21..40 bits) - Worst is 32 bits: 3558/3509         (1.014x) (^ 0)
Testing distribution   (any   8..20 bits) - Worst bias is 16 bits at bit 237:    0.572x  (^ 0)

Keyset 'SeedBlockLen' - 21-byte keys with block at offsets [0..16, by 4s] - 5491200 hashes
Testing all collisions (     256-bit) - Expected        0.0, actual          0  (1.000x) (^ 0)
Testing all collisions (high 224-bit) - Expected        0.0, actual          0  (1.000x) (^ 0)
Testing all collisions (low  224-bit) - Expected        0.0, actual          0  (1.000x) (^ 0)
Testing all collisions (high 160-bit) - Expected        0.0, actual          0  (1.000x) (^ 0)
Testing all collisions (low  160-bit) - Expected        0.0, actual          0  (1.000x) (^ 0)
Testing all collisions (high 128-bit) - Expected        0.0, actual          0  (1.000x) (^ 0)
Testing all collisions (low  128-bit) - Expected        0.0, actual          0  (1.000x) (^ 0)
Testing all collisions (high  64-bit) - Expected        0.0, actual          0  (1.000x) (^ 0)
Testing all collisions (low   64-bit) - Expected        0.0, actual          0  (1.000x) (^ 0)
Testing all collisions (high  37-bit) - Expected      109.7, actual        123  (1.121x) (^ 3)
Testing all collisions (low   37-bit) - Expected      109.7, actual        116  (1.057x) (^ 1)
Testing all collisions (high  32-bit) - Expected     3508.8, actual       3580  (1.020x) (^ 3)
Testing all collisions (low   32-bit) - Expected     3508.8, actual       3511  (1.001x) (^ 1)
Testing all collisions (high 21..40 bits) - Worst is 36 bits: 256/219           (1.167x) (^ 2)
Testing all collisions (low  21..40 bits) - Worst is 38 bits: 71/55             (1.294x) (^ 1)
Testing distribution   (any   8..20 bits) - Worst bias is 11 bits at bit 224:    0.742x  (^ 0)

Keyset 'SeedBlockLen' - 22-byte keys with block at offsets [0..16, by 4s] - 5491200 hashes
Testing all collisions (     256-bit) - Expected        0.0, actual          0  (1.000x) (^ 0)
Testing all collisions (high 224-bit) - Expected        0.0, actual          0  (1.000x) (^ 0)
Testing all collisions (low  224-bit) - Expected        0.0, actual          0  (1.000x) (^ 0)
Testing all collisions (high 160-bit) - Expected        0.0, actual          0  (1.000x) (^ 0)
Testing all collisions (low  160-bit) - Expected        0.0, actual          0  (1.000x) (^ 0)
Testing all collisions (high 128-bit) - Expected        0.0, actual          0  (1.000x) (^ 0)
Testing all collisions (low  128-bit) - Expected        0.0, actual          0  (1.000x) (^ 0)
Testing all collisions (high  64-bit) - Expected        0.0, actual          0  (1.000x) (^ 0)
Testing all collisions (low   64-bit) - Expected        0.0, actual          0  (1.000x) (^ 0)
Testing all collisions (high  37-bit) - Expected      109.7, actual         92  (0.839x) (^ 0)
Testing all collisions (low   37-bit) - Expected      109.7, actual        126  (1.149x) (^ 3)
Testing all collisions (high  32-bit) - Expected     3508.8, actual       3430  (0.978x) (^ 0)
Testing all collisions (low   32-bit) - Expected     3508.8, actual       3542  (1.009x) (^ 1)
Testing all collisions (high 21..40 bits) - Worst is 24 bits: 809613/808120     (1.002x) (^ 0)
Testing all collisions (low  21..40 bits) - Worst is 37 bits: 126/110           (1.149x) (^ 0)
Testing distribution   (any   8..20 bits) - Worst bias is  9 bits at bit 254:    0.716x  (^ 0)

Keyset 'SeedBlockLen' - 23-byte keys with block at offsets [0..16, by 4s] - 5491200 hashes
Testing all collisions (     256-bit) - Expected        0.0, actual          0  (1.000x) (^ 0)
Testing all collisions (high 224-bit) - Expected        0.0, actual          0  (1.000x) (^ 0)
Testing all collisions (low  224-bit) - Expected        0.0, actual          0  (1.000x) (^ 0)
Testing all collisions (high 160-bit) - Expected        0.0, actual          0  (1.000x) (^ 0)
Testing all collisions (low  160-bit) - Expected        0.0, actual          0  (1.000x) (^ 0)
Testing all collisions (high 128-bit) - Expected        0.0, actual          0  (1.000x) (^ 0)
Testing all collisions (low  128-bit) - Expected        0.0, actual          0  (1.000x) (^ 0)
Testing all collisions (high  64-bit) - Expected        0.0, actual          0  (1.000x) (^ 0)
Testing all collisions (low   64-bit) - Expected        0.0, actual          0  (1.000x) (^ 0)
Testing all collisions (high  37-bit) - Expected      109.7, actual        117  (1.067x) (^ 1)
Testing all collisions (low   37-bit) - Expected      109.7, actual        103  (0.939x) (^ 0)
Testing all collisions (high  32-bit) - Expected     3508.8, actual       3430  (0.978x) (^ 0)
Testing all collisions (low   32-bit) - Expected     3508.8, actual       3493  (0.995x) (^ 0)
Testing all collisions (high 21..40 bits) - Worst is 36 bits: 239/219           (1.089x) (^ 0)
Testing all collisions (low  21..40 bits) - Worst is 23 bits: 1462779/1461722   (1.001x) (^ 0)
Testing distribution   (any   8..20 bits) - Worst bias is 11 bits at bit 196:    0.823x  (^ 2)

Keyset 'SeedBlockLen' - 24-byte keys with block at offsets [0..20, by 4s] - 6589440 hashes
Testing all collisions (     256-bit) - Expected        0.0, actual          0  (1.000x) (^ 0)
Testing all collisions (high 224-bit) - Expected        0.0, actual          0  (1.000x) (^ 0)
Testing all collisions (low  224-bit) - Expected        0.0, actual          0  (1.000x) (^ 0)
Testing all collisions (high 160-bit) - Expected        0.0, actual          0  (1.000x) (^ 0)
Testing all collisions (low  160-bit) - Expected        0.0, actual          0  (1.000x) (^ 0)
Testing all collisions (high 128-bit) - Expected        0.0, actual          0  (1.000x) (^ 0)
Testing all collisions (low  128-bit) - Expected        0.0, actual          0  (1.000x) (^ 0)
Testing all collisions (high  64-bit) - Expected        0.0, actual          0  (1.000x) (^ 0)
Testing all collisions (low   64-bit) - Expected        0.0, actual          0  (1.000x) (^ 0)
Testing all collisions (high  37-bit) - Expected      158.0, actual        164  (1.038x) (^ 1)
Testing all collisions (low   37-bit) - Expected      158.0, actual        170  (1.076x) (^ 2)
Testing all collisions (high  32-bit) - Expected     5052.3, actual       5129  (1.015x) (^ 2)
Testing all collisions (low   32-bit) - Expected     5052.3, actual       5151  (1.020x) (^ 3)
Testing all collisions (high 21..40 bits) - Worst is 33 bits: 2603/2527         (1.030x) (^ 0)
Testing all collisions (low  21..40 bits) - Worst is 34 bits: 1333/1264         (1.055x) (^ 1)
Testing distribution   (any   8..20 bits) - Worst bias is 15 bits at bit 235:    0.625x  (^ 0)

Keyset 'SeedBlockLen' - 25-byte keys with block at offsets [0..20, by 4s] - 6589440 hashes
Testing all collisions (     256-bit) - Expected        0.0, actual          0  (1.000x) (^ 0)
Testing all collisions (high 224-bit) - Expected        0.0, actual          0  (1.000x) (^ 0)
Testing all collisions (low  224-bit) - Expected        0.0, actual          0  (1.000x) (^ 0)
Testing all collisions (high 160-bit) - Expected        0.0, actual          0  (1.000x) (^ 0)
Testing all collisions (low  160-bit) - Expected        0.0, actual          0  (1.000x) (^ 0)
Testing all collisions (high 128-bit) - Expected        0.0, actual          0  (1.000x) (^ 0)
Testing all collisions (low  128-bit) - Expected        0.0, actual          0  (1.000x) (^ 0)
Testing all collisions (high  64-bit) - Expected        0.0, actual          0  (1.000x) (^ 0)
Testing all collisions (low   64-bit) - Expected        0.0, actual          0  (1.000x) (^ 0)
Testing all collisions (high  37-bit) - Expected      158.0, actual        159  (1.007x) (^ 1)
Testing all collisions (low   37-bit) - Expected      158.0, actual        156  (0.988x) (^ 0)
Testing all collisions (high  32-bit) - Expected     5052.3, actual       4980  (0.986x) (^ 0)
Testing all collisions (low   32-bit) - Expected     5052.3, actual       5136  (1.017x) (^ 3)
Testing all collisions (high 21..40 bits) - Worst is 40 bits: 28/20             (1.418x) (^ 0)
Testing all collisions (low  21..40 bits) - Worst is 35 bits: 663/632           (1.049x) (^ 0)
Testing distribution   (any   8..20 bits) - Worst bias is 16 bits at bit 138:    0.656x  (^ 1)

Keyset 'SeedBlockLen' - 26-byte keys with block at offsets [0..20, by 4s] - 6589440 hashes
Testing all collisions (     256-bit) - Expected        0.0, actual          0  (1.000x) (^ 0)
Testing all collisions (high 224-bit) - Expected        0.0, actual          0  (1.000x) (^ 0)
Testing all collisions (low  224-bit) - Expected        0.0, actual          0  (1.000x) (^ 0)
Testing all collisions (high 160-bit) - Expected        0.0, actual          0  (1.000x) (^ 0)
Testing all collisions (low  160-bit) - Expected        0.0, actual          0  (1.000x) (^ 0)
Testing all collisions (high 128-bit) - Expected        0.0, actual          0  (1.000x) (^ 0)
Testing all collisions (low  128-bit) - Expected        0.0, actual          0  (1.000x) (^ 0)
Testing all collisions (high  64-bit) - Expected        0.0, actual          0  (1.000x) (^ 0)
Testing all collisions (low   64-bit) - Expected        0.0, actual          0  (1.000x) (^ 0)
Testing all collisions (high  37-bit) - Expected      158.0, actual        132  (0.836x) (^ 0)
Testing all collisions (low   37-bit) - Expected      158.0, actual        161  (1.019x) (^ 1)
Testing all collisions (high  32-bit) - Expected     5052.3, actual       5001  (0.990x) (^ 0)
Testing all collisions (low   32-bit) - Expected     5052.3, actual       4991  (0.988x) (^ 0)
Testing all collisions (high 21..40 bits) - Worst is 23 bits: 2027078/2025043   (1.001x) (^ 0)
Testing all collisions (low  21..40 bits) - Worst is 38 bits: 90/79             (1.140x) (^ 0)
Testing distribution   (any   8..20 bits) - Worst bias is 20 bits at bit 133:    0.545x  (^ 0)

Keyset 'SeedBlockLen' - 27-byte keys with block at offsets [0..20, by 4s] - 6589440 hashes
Testing all collisions (     256-bit) - Expected        0.0, actual          0  (1.000x) (^ 0)
Testing all collisions (high 224-bit) - Expected        0.0, actual          0  (1.000x) (^ 0)
Testing all collisions (low  224-bit) - Expected        0.0, actual          0  (1.000x) (^ 0)
Testing all collisions (high 160-bit) - Expected        0.0, actual          0  (1.000x) (^ 0)
Testing all collisions (low  160-bit) - Expected        0.0, actual          0  (1.000x) (^ 0)
Testing all collisions (high 128-bit) - Expected        0.0, actual          0  (1.000x) (^ 0)
Testing all collisions (low  128-bit) - Expected        0.0, actual          0  (1.000x) (^ 0)
Testing all collisions (high  64-bit) - Expected        0.0, actual          0  (1.000x) (^ 0)
Testing all collisions (low   64-bit) - Expected        0.0, actual          0  (1.000x) (^ 0)
Testing all collisions (high  37-bit) - Expected      158.0, actual        170  (1.076x) (^ 2)
Testing all collisions (low   37-bit) - Expected      158.0, actual        154  (0.975x) (^ 0)
Testing all collisions (high  32-bit) - Expected     5052.3, actual       5061  (1.002x) (^ 1)
Testing all collisions (low   32-bit) - Expected     5052.3, actual       5111  (1.012x) (^ 2)
Testing all collisions (high 21..40 bits) - Worst is 38 bits: 91/79             (1.152x) (^ 0)
Testing all collisions (low  21..40 bits) - Worst is 34 bits: 1371/1264         (1.085x) (^ 5)
Testing distribution   (any   8..20 bits) - Worst bias is 12 bits at bit 161:    0.737x  (^ 1)

Keyset 'SeedBlockLen' - 28-byte keys with block at offsets [0..24, by 4s] - 7687680 hashes
Testing all collisions (     256-bit) - Expected        0.0, actual          0  (1.000x) (^ 0)
Testing all collisions (high 224-bit) - Expected        0.0, actual          0  (1.000x) (^ 0)
Testing all collisions (low  224-bit) - Expected        0.0, actual          0  (1.000x) (^ 0)
Testing all collisions (high 160-bit) - Expected        0.0, actual          0  (1.000x) (^ 0)
Testing all collisions (low  160-bit) - Expected        0.0, actual          0  (1.000x) (^ 0)
Testing all collisions (high 128-bit) - Expected        0.0, actual          0  (1.000x) (^ 0)
Testing all collisions (low  128-bit) - Expected        0.0, actual          0  (1.000x) (^ 0)
Testing all collisions (high  64-bit) - Expected        0.0, actual          0  (1.000x) (^ 0)
Testing all collisions (low   64-bit) - Expected        0.0, actual          0  (1.000x) (^ 0)
Testing all collisions (high  38-bit) - Expected      107.5, actual        103  (0.958x) (^ 0)
Testing all collisions (low   38-bit) - Expected      107.5, actual        111  (1.033x) (^ 1)
Testing all collisions (high  32-bit) - Expected     6876.1, actual       6929  (1.008x) (^ 1)
Testing all collisions (low   32-bit) - Expected     6876.1, actual       6961  (1.012x) (^ 2)
Testing all collisions (high 21..41 bits) - Worst is 31 bits: 14027/13744       (1.021x) (^ 2)
Testing all collisions (low  21..41 bits) - Worst is 30 bits: 27726/27455       (1.010x) (^ 0)
Testing distribution   (any   8..20 bits) - Worst bias is 11 bits at bit 127:    0.784x  (^ 1)

Keyset 'SeedBlockLen' - 29-byte keys with block at offsets [0..24, by 4s] - 7687680 hashes
Testing all collisions (     256-bit) - Expected        0.0, actual          0  (1.000x) (^ 0)
Testing all collisions (high 224-bit) - Expected        0.0, actual          0  (1.000x) (^ 0)
Testing all collisions (low  224-bit) - Expected        0.0, actual          0  (1.000x) (^ 0)
Testing all collisions (high 160-bit) - Expected        0.0, actual          0  (1.000x) (^ 0)
Testing all collisions (low  160-bit) - Expected        0.0, actual          0  (1.000x) (^ 0)
Testing all collisions (high 128-bit) - Expected        0.0, actual          0  (1.000x) (^ 0)
Testing all collisions (low  128-bit) - Expected        0.0, actual          0  (1.000x) (^ 0)
Testing all collisions (high  64-bit) - Expected        0.0, actual          0  (1.000x) (^ 0)
Testing all collisions (low   64-bit) - Expected        0.0, actual          0  (1.000x) (^ 0)
Testing all collisions (high  38-bit) - Expected      107.5, actual        105  (0.977x) (^ 0)
Testing all collisions (low   38-bit) - Expected      107.5, actual        109  (1.014x) (^ 1)
Testing all collisions (high  32-bit) - Expected     6876.1, actual       6972  (1.014x) (^ 2)
Testing all collisions (low   32-bit) - Expected     6876.1, actual       6936  (1.009x) (^ 2)
Testing all collisions (high 21..41 bits) - Worst is 27 bits: 216746/216022     (1.003x) (^ 0)
Testing all collisions (low  21..41 bits) - Worst is 37 bits: 240/215           (1.116x) (^ 0)
Testing distribution   (any   8..20 bits) - Worst bias is 16 bits at bit 160:    0.566x  (^ 0)

Keyset 'SeedBlockLen' - 30-byte keys with block at offsets [0..24, by 4s] - 7687680 hashes
Testing all collisions (     256-bit) - Expected        0.0, actual          0  (1.000x) (^ 0)
Testing all collisions (high 224-bit) - Expected        0.0, actual          0  (1.000x) (^ 0)
Testing all collisions (low  224-bit) - Expected        0.0, actual          0  (1.000x) (^ 0)
Testing all collisions (high 160-bit) - Expected        0.0, actual          0  (1.000x) (^ 0)
Testing all collisions (low  160-bit) - Expected        0.0, actual          0  (1.000x) (^ 0)
Testing all collisions (high 128-bit) - Expected        0.0, actual          0  (1.000x) (^ 0)
Testing all collisions (low  128-bit) - Expected        0.0, actual          0  (1.000x) (^ 0)
Testing all collisions (high  64-bit) - Expected        0.0, actual          0  (1.000x) (^ 0)
Testing all collisions (low   64-bit) - Expected        0.0, actual          0  (1.000x) (^ 0)
Testing all collisions (high  38-bit) - Expected      107.5, actual        107  (0.995x) (^ 0)
Testing all collisions (low   38-bit) - Expected      107.5, actual         94  (0.874x) (^ 0)
Testing all collisions (high  32-bit) - Expected     6876.1, actual       6900  (1.003x) (^ 1)
Testing all collisions (low   32-bit) - Expected     6876.1, actual       6885  (1.001x) (^ 1)
Testing all collisions (high 21..41 bits) - Worst is 36 bits: 457/430           (1.063x) (^ 0)
Testing all collisions (low  21..41 bits) - Worst is 26 bits: 425227/423989     (1.003x) (^ 1)
Testing distribution   (any   8..20 bits) - Worst bias is 18 bits at bit 248:    0.488x  (^ 0)

Keyset 'SeedBlockLen' - 31-byte keys with block at offsets [0..24, by 4s] - 7687680 hashes
Testing all collisions (     256-bit) - Expected        0.0, actual          0  (1.000x) (^ 0)
Testing all collisions (high 224-bit) - Expected        0.0, actual          0  (1.000x) (^ 0)
Testing all collisions (low  224-bit) - Expected        0.0, actual          0  (1.000x) (^ 0)
Testing all collisions (high 160-bit) - Expected        0.0, actual          0  (1.000x) (^ 0)
Testing all collisions (low  160-bit) - Expected        0.0, actual          0  (1.000x) (^ 0)
Testing all collisions (high 128-bit) - Expected        0.0, actual          0  (1.000x) (^ 0)
Testing all collisions (low  128-bit) - Expected        0.0, actual          0  (1.000x) (^ 0)
Testing all collisions (high  64-bit) - Expected        0.0, actual          0  (1.000x) (^ 0)
Testing all collisions (low   64-bit) - Expected        0.0, actual          0  (1.000x) (^ 0)
Testing all collisions (high  38-bit) - Expected      107.5, actual        103  (0.958x) (^ 0)
Testing all collisions (low   38-bit) - Expected      107.5, actual        121  (1.126x) (^ 3)
Testing all collisions (high  32-bit) - Expected     6876.1, actual       6900  (1.003x) (^ 1)
Testing all collisions (low   32-bit) - Expected     6876.1, actual       6945  (1.010x) (^ 2)
Testing all collisions (high 21..41 bits) - Worst is 28 bits: 109334/109040     (1.003x) (^ 0)
Testing all collisions (low  21..41 bits) - Worst is 33 bits: 3531/3439         (1.027x) (^ 0)
Testing distribution   (any   8..20 bits) - Worst bias is 20 bits at bit 138:    0.646x  (^ 3)

Keyset 'SeedBlockLen' - 32-byte keys with block at offsets [0..28, by 4s] - 8785920 hashes
Testing all collisions (     256-bit) - Expected        0.0, actual          0  (1.000x) (^ 0)
Testing all collisions (high 224-bit) - Expected        0.0, actual          0  (1.000x) (^ 0)
Testing all collisions (low  224-bit) - Expected        0.0, actual          0  (1.000x) (^ 0)
Testing all collisions (high 160-bit) - Expected        0.0, actual          0  (1.000x) (^ 0)
Testing all collisions (low  160-bit) - Expected        0.0, actual          0  (1.000x) (^ 0)
Testing all collisions (high 128-bit) - Expected        0.0, actual          0  (1.000x) (^ 0)
Testing all collisions (low  128-bit) - Expected        0.0, actual          0  (1.000x) (^ 0)
Testing all collisions (high  64-bit) - Expected        0.0, actual          0  (1.000x) (^ 0)
Testing all collisions (low   64-bit) - Expected        0.0, actual          0  (1.000x) (^ 0)
Testing all collisions (high  38-bit) - Expected      140.4, actual        151  (1.075x) (^ 2)
Testing all collisions (low   38-bit) - Expected      140.4, actual        147  (1.047x) (^ 1)
Testing all collisions (high  32-bit) - Expected     8980.3, actual       8885  (0.989x) (^ 0)
Testing all collisions (low   32-bit) - Expected     8980.3, actual       8985  (1.001x) (^ 1)
Testing all collisions (high 21..41 bits) - Worst is 37 bits: 311/281           (1.107x) (^ 0)
Testing all collisions (low  21..41 bits) - Worst is 35 bits: 1163/1123         (1.035x) (^ 0)
Testing distribution   (any   8..20 bits) - Worst bias is 18 bits at bit 204:    0.593x  (^ 1)

Keyset 'SeedBlockLen' - 33-byte keys with block at offsets [0..28, by 4s] - 8785920 hashes
Testing all collisions (     256-bit) - Expected        0.0, actual          0  (1.000x) (^ 0)
Testing all collisions (high 224-bit) - Expected        0.0, actual          0  (1.000x) (^ 0)
Testing all collisions (low  224-bit) - Expected        0.0, actual          0  (1.000x) (^ 0)
Testing all collisions (high 160-bit) - Expected        0.0, actual          0  (1.000x) (^ 0)
Testing all collisions (low  160-bit) - Expected        0.0, actual          0  (1.000x) (^ 0)
Testing all collisions (high 128-bit) - Expected        0.0, actual          0  (1.000x) (^ 0)
Testing all collisions (low  128-bit) - Expected        0.0, actual          0  (1.000x) (^ 0)
Testing all collisions (high  64-bit) - Expected        0.0, actual          0  (1.000x) (^ 0)
Testing all collisions (low   64-bit) - Expected        0.0, actual          0  (1.000x) (^ 0)
Testing all collisions (high  38-bit) - Expected      140.4, actual        154  (1.097x) (^ 2)
Testing all collisions (low   38-bit) - Expected      140.4, actual        145  (1.033x) (^ 1)
Testing all collisions (high  32-bit) - Expected     8980.3, actual       8904  (0.992x) (^ 0)
Testing all collisions (low   32-bit) - Expected     8980.3, actual       9028  (1.005x) (^ 1)
Testing all collisions (high 21..41 bits) - Worst is 29 bits: 71871/71500       (1.005x) (^ 0)
Testing all collisions (low  21..41 bits) - Worst is 33 bits: 4606/4492         (1.025x) (^ 0)
Testing distribution   (any   8..20 bits) - Worst bias is 16 bits at bit  84:    0.547x  (^ 0)

Keyset 'SeedBlockLen' - 34-byte keys with block at offsets [0..28, by 4s] - 8785920 hashes
Testing all collisions (     256-bit) - Expected        0.0, actual          0  (1.000x) (^ 0)
Testing all collisions (high 224-bit) - Expected        0.0, actual          0  (1.000x) (^ 0)
Testing all collisions (low  224-bit) - Expected        0.0, actual          0  (1.000x) (^ 0)
Testing all collisions (high 160-bit) - Expected        0.0, actual          0  (1.000x) (^ 0)
Testing all collisions (low  160-bit) - Expected        0.0, actual          0  (1.000x) (^ 0)
Testing all collisions (high 128-bit) - Expected        0.0, actual          0  (1.000x) (^ 0)
Testing all collisions (low  128-bit) - Expected        0.0, actual          0  (1.000x) (^ 0)
Testing all collisions (high  64-bit) - Expected        0.0, actual          0  (1.000x) (^ 0)
Testing all collisions (low   64-bit) - Expected        0.0, actual          0  (1.000x) (^ 0)
Testing all collisions (high  38-bit) - Expected      140.4, actual        147  (1.047x) (^ 1)
Testing all collisions (low   38-bit) - Expected      140.4, actual        135  (0.961x) (^ 0)
Testing all collisions (high  32-bit) - Expected     8980.3, actual       9179  (1.022x) (^ 5)
Testing all collisions (low   32-bit) - Expected     8980.3, actual       9039  (1.007x) (^ 1)
Testing all collisions (high 21..41 bits) - Worst is 29 bits: 72152/71500       (1.009x) (^ 2)
Testing all collisions (low  21..41 bits) - Worst is 41 bits: 25/18             (1.424x) (^ 0)
Testing distribution   (any   8..20 bits) - Worst bias is 14 bits at bit  97:    0.572x  (^ 0)

Keyset 'SeedBlockLen' - 35-byte keys with block at offsets [0..28, by 4s] - 8785920 hashes
Testing all collisions (     256-bit) - Expected        0.0, actual          0  (1.000x) (^ 0)
Testing all collisions (high 224-bit) - Expected        0.0, actual          0  (1.000x) (^ 0)
Testing all collisions (low  224-bit) - Expected        0.0, actual          0  (1.000x) (^ 0)
Testing all collisions (high 160-bit) - Expected        0.0, actual          0  (1.000x) (^ 0)
Testing all collisions (low  160-bit) - Expected        0.0, actual          0  (1.000x) (^ 0)
Testing all collisions (high 128-bit) - Expected        0.0, actual          0  (1.000x) (^ 0)
Testing all collisions (low  128-bit) - Expected        0.0, actual          0  (1.000x) (^ 0)
Testing all collisions (high  64-bit) - Expected        0.0, actual          0  (1.000x) (^ 0)
Testing all collisions (low   64-bit) - Expected        0.0, actual          0  (1.000x) (^ 0)
Testing all collisions (high  38-bit) - Expected      140.4, actual        152  (1.083x) (^ 2)
Testing all collisions (low   38-bit) - Expected      140.4, actual        138  (0.983x) (^ 0)
Testing all collisions (high  32-bit) - Expected     8980.3, actual       8951  (0.997x) (^ 0)
Testing all collisions (low   32-bit) - Expected     8980.3, actual       9072  (1.010x) (^ 2)
Testing all collisions (high 21..41 bits) - Worst is 37 bits: 298/281           (1.061x) (^ 0)
Testing all collisions (low  21..41 bits) - Worst is 32 bits: 9072/8980         (1.010x) (^ 0)
Testing distribution   (any   8..20 bits) - Worst bias is 13 bits at bit  88:    0.570x  (^ 0)

Keyset 'SeedBlockLen' - 36-byte keys with block at offsets [0..32, by 4s] - 9884160 hashes
Testing all collisions (     256-bit) - Expected        0.0, actual          0  (1.000x) (^ 0)
Testing all collisions (high 224-bit) - Expected        0.0, actual          0  (1.000x) (^ 0)
Testing all collisions (low  224-bit) - Expected        0.0, actual          0  (1.000x) (^ 0)
Testing all collisions (high 160-bit) - Expected        0.0, actual          0  (1.000x) (^ 0)
Testing all collisions (low  160-bit) - Expected        0.0, actual          0  (1.000x) (^ 0)
Testing all collisions (high 128-bit) - Expected        0.0, actual          0  (1.000x) (^ 0)
Testing all collisions (low  128-bit) - Expected        0.0, actual          0  (1.000x) (^ 0)
Testing all collisions (high  64-bit) - Expected        0.0, actual          0  (1.000x) (^ 0)
Testing all collisions (low   64-bit) - Expected        0.0, actual          0  (1.000x) (^ 0)
Testing all collisions (high  38-bit) - Expected      177.7, actual        193  (1.086x) (^ 2)
Testing all collisions (low   38-bit) - Expected      177.7, actual        199  (1.120x) (^ 3)
Testing all collisions (high  32-bit) - Expected    11364.7, actual      11490  (1.011x) (^ 3)
Testing all collisions (low   32-bit) - Expected    11364.7, actual      11346  (0.998x) (^ 0)
Testing all collisions (high 21..42 bits) - Worst is 26 bits: 695157/693438     (1.002x) (^ 1)
Testing all collisions (low  21..42 bits) - Worst is 38 bits: 199/178           (1.120x) (^ 0)
Testing distribution   (any   8..20 bits) - Worst bias is  9 bits at bit 209:    0.706x  (^ 0)

Keyset 'SeedBlockLen' - 37-byte keys with block at offsets [0..32, by 4s] - 9884160 hashes
Testing all collisions (     256-bit) - Expected        0.0, actual          0  (1.000x) (^ 0)
Testing all collisions (high 224-bit) - Expected        0.0, actual          0  (1.000x) (^ 0)
Testing all collisions (low  224-bit) - Expected        0.0, actual          0  (1.000x) (^ 0)
Testing all collisions (high 160-bit) - Expected        0.0, actual          0  (1.000x) (^ 0)
Testing all collisions (low  160-bit) - Expected        0.0, actual          0  (1.000x) (^ 0)
Testing all collisions (high 128-bit) - Expected        0.0, actual          0  (1.000x) (^ 0)
Testing all collisions (low  128-bit) - Expected        0.0, actual          0  (1.000x) (^ 0)
Testing all collisions (high  64-bit) - Expected        0.0, actual          0  (1.000x) (^ 0)
Testing all collisions (low   64-bit) - Expected        0.0, actual          0  (1.000x) (^ 0)
Testing all collisions (high  38-bit) - Expected      177.7, actual        182  (1.024x) (^ 1)
Testing all collisions (low   38-bit) - Expected      177.7, actual        193  (1.086x) (^ 2)
Testing all collisions (high  32-bit) - Expected    11364.7, actual      11357  (0.999x) (^ 0)
Testing all collisions (low   32-bit) - Expected    11364.7, actual      11268  (0.991x) (^ 0)
Testing all collisions (high 21..42 bits) - Worst is 42 bits: 22/11             (1.981x) (^ 4)
Testing all collisions (low  21..42 bits) - Worst is 39 bits: 100/89            (1.125x) (^ 0)
Testing distribution   (any   8..20 bits) - Worst bias is  9 bits at bit 143:    0.605x  (^ 0)

Keyset 'SeedBlockLen' - 38-byte keys with block at offsets [0..32, by 4s] - 9884160 hashes
Testing all collisions (     256-bit) - Expected        0.0, actual          0  (1.000x) (^ 0)
Testing all collisions (high 224-bit) - Expected        0.0, actual          0  (1.000x) (^ 0)
Testing all collisions (low  224-bit) - Expected        0.0, actual          0  (1.000x) (^ 0)
Testing all collisions (high 160-bit) - Expected        0.0, actual          0  (1.000x) (^ 0)
Testing all collisions (low  160-bit) - Expected        0.0, actual          0  (1.000x) (^ 0)
Testing all collisions (high 128-bit) - Expected        0.0, actual          0  (1.000x) (^ 0)
Testing all collisions (low  128-bit) - Expected        0.0, actual          0  (1.000x) (^ 0)
Testing all collisions (high  64-bit) - Expected        0.0, actual          0  (1.000x) (^ 0)
Testing all collisions (low   64-bit) - Expected        0.0, actual          0  (1.000x) (^ 0)
Testing all collisions (high  38-bit) - Expected      177.7, actual        181  (1.019x) (^ 1)
Testing all collisions (low   38-bit) - Expected      177.7, actual        201  (1.131x) (^ 4)
Testing all collisions (high  32-bit) - Expected    11364.7, actual      11285  (0.993x) (^ 0)
Testing all collisions (low   32-bit) - Expected    11364.7, actual      11403  (1.003x) (^ 1)
Testing all collisions (high 21..42 bits) - Worst is 39 bits: 95/89             (1.069x) (^ 0)
Testing all collisions (low  21..42 bits) - Worst is 37 bits: 406/355           (1.142x) (^ 3)
Testing distribution   (any   8..20 bits) - Worst bias is 17 bits at bit 189:    0.650x  (^ 2)

Keyset 'SeedBlockLen' - 39-byte keys with block at offsets [0..32, by 4s] - 9884160 hashes
Testing all collisions (     256-bit) - Expected        0.0, actual          0  (1.000x) (^ 0)
Testing all collisions (high 224-bit) - Expected        0.0, actual          0  (1.000x) (^ 0)
Testing all collisions (low  224-bit) - Expected        0.0, actual          0  (1.000x) (^ 0)
Testing all collisions (high 160-bit) - Expected        0.0, actual          0  (1.000x) (^ 0)
Testing all collisions (low  160-bit) - Expected        0.0, actual          0  (1.000x) (^ 0)
Testing all collisions (high 128-bit) - Expected        0.0, actual          0  (1.000x) (^ 0)
Testing all collisions (low  128-bit) - Expected        0.0, actual          0  (1.000x) (^ 0)
Testing all collisions (high  64-bit) - Expected        0.0, actual          0  (1.000x) (^ 0)
Testing all collisions (low   64-bit) - Expected        0.0, actual          0  (1.000x) (^ 0)
Testing all collisions (high  38-bit) - Expected      177.7, actual        167  (0.940x) (^ 0)
Testing all collisions (low   38-bit) - Expected      177.7, actual        172  (0.968x) (^ 0)
Testing all collisions (high  32-bit) - Expected    11364.7, actual      11109  (0.978x) (^ 0)
Testing all collisions (low   32-bit) - Expected    11364.7, actual      11423  (1.005x) (^ 1)
Testing all collisions (high 21..42 bits) - Worst is 41 bits: 27/22             (1.215x) (^ 0)
Testing all collisions (low  21..42 bits) - Worst is 25 bits: 1324162/1322784   (1.001x) (^ 0)
Testing distribution   (any   8..20 bits) - Worst bias is 17 bits at bit 155:    0.518x  (^ 0)


[[[ Seed BlockOffset Tests ]]]

Seeds have up to 2 bits set, 4-byte blocks have up to 2 bits set

Keyset 'SeedBlockOffset' - [4..31]-byte keys with block at offset 0 - 30750720 hashes
Testing all collisions (     256-bit) - Expected        0.0, actual          0  (1.000x) (^ 0)
Testing all collisions (high 224-bit) - Expected        0.0, actual          0  (1.000x) (^ 0)
Testing all collisions (low  224-bit) - Expected        0.0, actual          0  (1.000x) (^ 0)
Testing all collisions (high 160-bit) - Expected        0.0, actual          0  (1.000x) (^ 0)
Testing all collisions (low  160-bit) - Expected        0.0, actual          0  (1.000x) (^ 0)
Testing all collisions (high 128-bit) - Expected        0.0, actual          0  (1.000x) (^ 0)
Testing all collisions (low  128-bit) - Expected        0.0, actual          0  (1.000x) (^ 0)
Testing all collisions (high  64-bit) - Expected        0.0, actual          0  (1.000x) (^ 0)
Testing all collisions (low   64-bit) - Expected        0.0, actual          0  (1.000x) (^ 0)
Testing all collisions (high  42-bit) - Expected      107.5, actual        115  (1.070x) (^ 1)
Testing all collisions (low   42-bit) - Expected      107.5, actual        117  (1.088x) (^ 2)
Testing all collisions (high  32-bit) - Expected   109820.9, actual     110086  (1.002x) (^ 2)
Testing all collisions (low   32-bit) - Expected   109820.9, actual     110121  (1.003x) (^ 2)
Testing all collisions (high 23..45 bits) - Worst is 38 bits: 1807/1720         (1.051x) (^ 1)
Testing all collisions (low  23..45 bits) - Worst is 30 bits: 437357/436159     (1.003x) (^ 0)
Testing distribution   (any   8..22 bits) - Worst bias is 15 bits at bit 173:    0.580x  (^ 0)

Keyset 'SeedBlockOffset' - [5..31]-byte keys with block at offset 1 - 29652480 hashes
Testing all collisions (     256-bit) - Expected        0.0, actual          0  (1.000x) (^ 0)
Testing all collisions (high 224-bit) - Expected        0.0, actual          0  (1.000x) (^ 0)
Testing all collisions (low  224-bit) - Expected        0.0, actual          0  (1.000x) (^ 0)
Testing all collisions (high 160-bit) - Expected        0.0, actual          0  (1.000x) (^ 0)
Testing all collisions (low  160-bit) - Expected        0.0, actual          0  (1.000x) (^ 0)
Testing all collisions (high 128-bit) - Expected        0.0, actual          0  (1.000x) (^ 0)
Testing all collisions (low  128-bit) - Expected        0.0, actual          0  (1.000x) (^ 0)
Testing all collisions (high  64-bit) - Expected        0.0, actual          0  (1.000x) (^ 0)
Testing all collisions (low   64-bit) - Expected        0.0, actual          0  (1.000x) (^ 0)
Testing all collisions (high  41-bit) - Expected      199.9, actual        231  (1.155x) (^ 5)
Testing all collisions (low   41-bit) - Expected      199.9, actual        203  (1.015x) (^ 1)
Testing all collisions (high  32-bit) - Expected   102125.3, actual     102925  (1.008x) (^ 7)
Testing all collisions (low   32-bit) - Expected   102125.3, actual     102264  (1.001x) (^ 1)
Testing all collisions (high 23..45 bits) - Worst is 33 bits: 51796/51121       (1.013x) (^ 4)
Testing all collisions (low  23..45 bits) - Worst is 37 bits: 3295/3199         (1.030x) (^ 0)
Testing distribution   (any   8..22 bits) - Worst bias is 20 bits at bit  88:    0.723x  (^ 6)

Keyset 'SeedBlockOffset' - [6..31]-byte keys with block at offset 2 - 28554240 hashes
Testing all collisions (     256-bit) - Expected        0.0, actual          0  (1.000x) (^ 0)
Testing all collisions (high 224-bit) - Expected        0.0, actual          0  (1.000x) (^ 0)
Testing all collisions (low  224-bit) - Expected        0.0, actual          0  (1.000x) (^ 0)
Testing all collisions (high 160-bit) - Expected        0.0, actual          0  (1.000x) (^ 0)
Testing all collisions (low  160-bit) - Expected        0.0, actual          0  (1.000x) (^ 0)
Testing all collisions (high 128-bit) - Expected        0.0, actual          0  (1.000x) (^ 0)
Testing all collisions (low  128-bit) - Expected        0.0, actual          0  (1.000x) (^ 0)
Testing all collisions (high  64-bit) - Expected        0.0, actual          0  (1.000x) (^ 0)
Testing all collisions (low   64-bit) - Expected        0.0, actual          0  (1.000x) (^ 0)
Testing all collisions (high  41-bit) - Expected      185.4, actual        205  (1.106x) (^ 3)
Testing all collisions (low   41-bit) - Expected      185.4, actual        180  (0.971x) (^ 0)
Testing all collisions (high  32-bit) - Expected    94708.6, actual      94372  (0.996x) (^ 0)
Testing all collisions (low   32-bit) - Expected    94708.6, actual      94513  (0.998x) (^ 0)
Testing all collisions (high 23..45 bits) - Worst is 43 bits: 64/46             (1.381x) (^ 2)
Testing all collisions (low  23..45 bits) - Worst is 43 bits: 61/46             (1.316x) (^ 1)
Testing distribution   (any   8..22 bits) - Worst bias is  9 bits at bit  56:    0.843x  (^ 1)

Keyset 'SeedBlockOffset' - [7..31]-byte keys with block at offset 3 - 27456000 hashes
Testing all collisions (     256-bit) - Expected        0.0, actual          0  (1.000x) (^ 0)
Testing all collisions (high 224-bit) - Expected        0.0, actual          0  (1.000x) (^ 0)
Testing all collisions (low  224-bit) - Expected        0.0, actual          0  (1.000x) (^ 0)
Testing all collisions (high 160-bit) - Expected        0.0, actual          0  (1.000x) (^ 0)
Testing all collisions (low  160-bit) - Expected        0.0, actual          0  (1.000x) (^ 0)
Testing all collisions (high 128-bit) - Expected        0.0, actual          0  (1.000x) (^ 0)
Testing all collisions (low  128-bit) - Expected        0.0, actual          0  (1.000x) (^ 0)
Testing all collisions (high  64-bit) - Expected        0.0, actual          0  (1.000x) (^ 0)
Testing all collisions (low   64-bit) - Expected        0.0, actual          0  (1.000x) (^ 0)
Testing all collisions (high  41-bit) - Expected      171.4, actual        173  (1.009x) (^ 1)
Testing all collisions (low   41-bit) - Expected      171.4, actual        178  (1.039x) (^ 1)
Testing all collisions (high  32-bit) - Expected    87570.9, actual      86962  (0.993x) (^ 0)
Testing all collisions (low   32-bit) - Expected    87570.9, actual      87744  (1.002x) (^ 1)
Testing all collisions (high 23..45 bits) - Worst is 25 bits: 8706476/8705849   (1.000x) (^ 0)
Testing all collisions (low  23..45 bits) - Worst is 45 bits: 21/11             (1.960x) (^ 3)
Testing distribution   (any   8..22 bits) - Worst bias is  8 bits at bit 232:    0.942x  (^ 1)

Keyset 'SeedBlockOffset' - [8..31]-byte keys with block at offset 4 - 26357760 hashes
Testing all collisions (     256-bit) - Expected        0.0, actual          0  (1.000x) (^ 0)
Testing all collisions (high 224-bit) - Expected        0.0, actual          0  (1.000x) (^ 0)
Testing all collisions (low  224-bit) - Expected        0.0, actual          0  (1.000x) (^ 0)
Testing all collisions (high 160-bit) - Expected        0.0, actual          0  (1.000x) (^ 0)
Testing all collisions (low  160-bit) - Expected        0.0, actual          0  (1.000x) (^ 0)
Testing all collisions (high 128-bit) - Expected        0.0, actual          0  (1.000x) (^ 0)
Testing all collisions (low  128-bit) - Expected        0.0, actual          0  (1.000x) (^ 0)
Testing all collisions (high  64-bit) - Expected        0.0, actual          0  (1.000x) (^ 0)
Testing all collisions (low   64-bit) - Expected        0.0, actual          0  (1.000x) (^ 0)
Testing all collisions (high  41-bit) - Expected      158.0, actual        146  (0.924x) (^ 0)
Testing all collisions (low   41-bit) - Expected      158.0, actual        142  (0.899x) (^ 0)
Testing all collisions (high  32-bit) - Expected    80712.2, actual      80801  (1.001x) (^ 1)
Testing all collisions (low   32-bit) - Expected    80712.2, actual      80831  (1.001x) (^ 1)
Testing all collisions (high 23..44 bits) - Worst is 26 bits: 4563000/4560126   (1.001x) (^ 0)
Testing all collisions (low  23..44 bits) - Worst is 43 bits: 47/39             (1.190x) (^ 0)
Testing distribution   (any   8..22 bits) - Worst bias is 11 bits at bit 145:    0.697x  (^ 0)

Keyset 'SeedBlockOffset' - [9..31]-byte keys with block at offset 5 - 25259520 hashes
Testing all collisions (     256-bit) - Expected        0.0, actual          0  (1.000x) (^ 0)
Testing all collisions (high 224-bit) - Expected        0.0, actual          0  (1.000x) (^ 0)
Testing all collisions (low  224-bit) - Expected        0.0, actual          0  (1.000x) (^ 0)
Testing all collisions (high 160-bit) - Expected        0.0, actual          0  (1.000x) (^ 0)
Testing all collisions (low  160-bit) - Expected        0.0, actual          0  (1.000x) (^ 0)
Testing all collisions (high 128-bit) - Expected        0.0, actual          0  (1.000x) (^ 0)
Testing all collisions (low  128-bit) - Expected        0.0, actual          0  (1.000x) (^ 0)
Testing all collisions (high  64-bit) - Expected        0.0, actual          0  (1.000x) (^ 0)
Testing all collisions (low   64-bit) - Expected        0.0, actual          0  (1.000x) (^ 0)
Testing all collisions (high  41-bit) - Expected      145.1, actual        143  (0.986x) (^ 0)
Testing all collisions (low   41-bit) - Expected      145.1, actual        142  (0.979x) (^ 0)
Testing all collisions (high  32-bit) - Expected    74132.6, actual      74263  (1.002x) (^ 1)
Testing all collisions (low   32-bit) - Expected    74132.6, actual      74251  (1.002x) (^ 1)
Testing all collisions (high 23..44 bits) - Worst is 30 bits: 295997/294796     (1.004x) (^ 1)
Testing all collisions (low  23..44 bits) - Worst is 28 bits: 1153203/1152032   (1.001x) (^ 0)
Testing distribution   (any   8..22 bits) - Worst bias is 11 bits at bit  82:    0.741x  (^ 0)

Keyset 'SeedBlockOffset' - [10..31]-byte keys with block at offset 6 - 24161280 hashes
Testing all collisions (     256-bit) - Expected        0.0, actual          0  (1.000x) (^ 0)
Testing all collisions (high 224-bit) - Expected        0.0, actual          0  (1.000x) (^ 0)
Testing all collisions (low  224-bit) - Expected        0.0, actual          0  (1.000x) (^ 0)
Testing all collisions (high 160-bit) - Expected        0.0, actual          0  (1.000x) (^ 0)
Testing all collisions (low  160-bit) - Expected        0.0, actual          0  (1.000x) (^ 0)
Testing all collisions (high 128-bit) - Expected        0.0, actual          0  (1.000x) (^ 0)
Testing all collisions (low  128-bit) - Expected        0.0, actual          0  (1.000x) (^ 0)
Testing all collisions (high  64-bit) - Expected        0.0, actual          0  (1.000x) (^ 0)
Testing all collisions (low   64-bit) - Expected        0.0, actual          0  (1.000x) (^ 0)
Testing all collisions (high  41-bit) - Expected      132.7, actual        131  (0.987x) (^ 0)
Testing all collisions (low   41-bit) - Expected      132.7, actual        118  (0.889x) (^ 0)
Testing all collisions (high  32-bit) - Expected    67832.2, actual      68018  (1.003x) (^ 2)
Testing all collisions (low   32-bit) - Expected    67832.2, actual      68078  (1.004x) (^ 2)
Testing all collisions (high 23..44 bits) - Worst is 28 bits: 1056628/1055449   (1.001x) (^ 0)
Testing all collisions (low  23..44 bits) - Worst is 27 bits: 2051692/2049877   (1.001x) (^ 0)
Testing distribution   (any   8..22 bits) - Worst bias is 13 bits at bit  82:    0.699x  (^ 0)

Keyset 'SeedBlockOffset' - [11..31]-byte keys with block at offset 7 - 23063040 hashes
Testing all collisions (     256-bit) - Expected        0.0, actual          0  (1.000x) (^ 0)
Testing all collisions (high 224-bit) - Expected        0.0, actual          0  (1.000x) (^ 0)
Testing all collisions (low  224-bit) - Expected        0.0, actual          0  (1.000x) (^ 0)
Testing all collisions (high 160-bit) - Expected        0.0, actual          0  (1.000x) (^ 0)
Testing all collisions (low  160-bit) - Expected        0.0, actual          0  (1.000x) (^ 0)
Testing all collisions (high 128-bit) - Expected        0.0, actual          0  (1.000x) (^ 0)
Testing all collisions (low  128-bit) - Expected        0.0, actual          0  (1.000x) (^ 0)
Testing all collisions (high  64-bit) - Expected        0.0, actual          0  (1.000x) (^ 0)
Testing all collisions (low   64-bit) - Expected        0.0, actual          0  (1.000x) (^ 0)
Testing all collisions (high  41-bit) - Expected      120.9, actual        103  (0.852x) (^ 0)
Testing all collisions (low   41-bit) - Expected      120.9, actual        130  (1.075x) (^ 2)
Testing all collisions (high  32-bit) - Expected    61811.1, actual      61910  (1.002x) (^ 1)
Testing all collisions (low   32-bit) - Expected    61811.1, actual      61636  (0.997x) (^ 0)
Testing all collisions (high 23..44 bits) - Worst is 37 bits: 1975/1935         (1.021x) (^ 0)
Testing all collisions (low  23..44 bits) - Worst is 43 bits: 40/30             (1.323x) (^ 0)
Testing distribution   (any   8..22 bits) - Worst bias is 17 bits at bit  43:    0.573x  (^ 0)

Keyset 'SeedBlockOffset' - [12..31]-byte keys with block at offset 8 - 21964800 hashes
Testing all collisions (     256-bit) - Expected        0.0, actual          0  (1.000x) (^ 0)
Testing all collisions (high 224-bit) - Expected        0.0, actual          0  (1.000x) (^ 0)
Testing all collisions (low  224-bit) - Expected        0.0, actual          0  (1.000x) (^ 0)
Testing all collisions (high 160-bit) - Expected        0.0, actual          0  (1.000x) (^ 0)
Testing all collisions (low  160-bit) - Expected        0.0, actual          0  (1.000x) (^ 0)
Testing all collisions (high 128-bit) - Expected        0.0, actual          0  (1.000x) (^ 0)
Testing all collisions (low  128-bit) - Expected        0.0, actual          0  (1.000x) (^ 0)
Testing all collisions (high  64-bit) - Expected        0.0, actual          0  (1.000x) (^ 0)
Testing all collisions (low   64-bit) - Expected        0.0, actual          0  (1.000x) (^ 0)
Testing all collisions (high  41-bit) - Expected      109.7, actual        123  (1.121x) (^ 3)
Testing all collisions (low   41-bit) - Expected      109.7, actual        117  (1.067x) (^ 1)
Testing all collisions (high  32-bit) - Expected    56069.2, actual      55905  (0.997x) (^ 0)
Testing all collisions (low   32-bit) - Expected    56069.2, actual      56166  (1.002x) (^ 1)
Testing all collisions (high 23..44 bits) - Worst is 37 bits: 1833/1755         (1.044x) (^ 0)
Testing all collisions (low  23..44 bits) - Worst is 27 bits: 1704545/1703117   (1.001x) (^ 0)
Testing distribution   (any   8..22 bits) - Worst bias is 20 bits at bit 234:    0.578x  (^ 1)

Keyset 'SeedBlockOffset' - [13..31]-byte keys with block at offset 9 - 20866560 hashes
Testing all collisions (     256-bit) - Expected        0.0, actual          0  (1.000x) (^ 0)
Testing all collisions (high 224-bit) - Expected        0.0, actual          0  (1.000x) (^ 0)
Testing all collisions (low  224-bit) - Expected        0.0, actual          0  (1.000x) (^ 0)
Testing all collisions (high 160-bit) - Expected        0.0, actual          0  (1.000x) (^ 0)
Testing all collisions (low  160-bit) - Expected        0.0, actual          0  (1.000x) (^ 0)
Testing all collisions (high 128-bit) - Expected        0.0, actual          0  (1.000x) (^ 0)
Testing all collisions (low  128-bit) - Expected        0.0, actual          0  (1.000x) (^ 0)
Testing all collisions (high  64-bit) - Expected        0.0, actual          0  (1.000x) (^ 0)
Testing all collisions (low   64-bit) - Expected        0.0, actual          0  (1.000x) (^ 0)
Testing all collisions (high  40-bit) - Expected      198.0, actual        224  (1.131x) (^ 4)
Testing all collisions (low   40-bit) - Expected      198.0, actual        207  (1.045x) (^ 1)
Testing all collisions (high  32-bit) - Expected    50606.8, actual      50255  (0.993x) (^ 0)
Testing all collisions (low   32-bit) - Expected    50606.8, actual      50846  (1.005x) (^ 2)
Testing all collisions (high 22..44 bits) - Worst is 40 bits: 224/198           (1.131x) (^ 0)
Testing all collisions (low  22..44 bits) - Worst is 31 bits: 101490/101050     (1.004x) (^ 0)
Testing distribution   (any   8..21 bits) - Worst bias is 14 bits at bit 191:    0.691x  (^ 1)


[[[ Keyset 'Seed' Tests ]]]

Keyset 'Seed' -   2-byte keys - 4194304 seeds
Testing all collisions (     256-bit) - Expected        0.0, actual          0  (1.000x) (^ 0)
Testing all collisions (high 224-bit) - Expected        0.0, actual          0  (1.000x) (^ 0)
Testing all collisions (low  224-bit) - Expected        0.0, actual          0  (1.000x) (^ 0)
Testing all collisions (high 160-bit) - Expected        0.0, actual          0  (1.000x) (^ 0)
Testing all collisions (low  160-bit) - Expected        0.0, actual          0  (1.000x) (^ 0)
Testing all collisions (high 128-bit) - Expected        0.0, actual          0  (1.000x) (^ 0)
Testing all collisions (low  128-bit) - Expected        0.0, actual          0  (1.000x) (^ 0)
Testing all collisions (high  64-bit) - Expected        0.0, actual          0  (1.000x) (^ 0)
Testing all collisions (low   64-bit) - Expected        0.0, actual          0  (1.000x) (^ 0)
Testing all collisions (high  36-bit) - Expected      128.0, actual        138  (1.078x) (^ 2)
Testing all collisions (low   36-bit) - Expected      128.0, actual        144  (1.125x) (^ 3)
Testing all collisions (high  32-bit) - Expected     2047.3, actual       2036  (0.994x) (^ 0)
Testing all collisions (low   32-bit) - Expected     2047.3, actual       2065  (1.009x) (^ 1)
Testing all collisions (high 20..39 bits) - Worst is 35 bits: 279/256           (1.090x) (^ 0)
Testing all collisions (low  20..39 bits) - Worst is 38 bits: 46/32             (1.438x) (^ 2)
Testing distribution   (any   8..19 bits) - Worst bias is  9 bits at bit 215:    0.963x  (^ 3)
---Analyzing differential distribution
Testing all collisions (     256-bit) - Expected        0.0, actual          0  (1.000x) (^ 0)
Testing all collisions (high 224-bit) - Expected        0.0, actual          0  (1.000x) (^ 0)
Testing all collisions (low  224-bit) - Expected        0.0, actual          0  (1.000x) (^ 0)
Testing all collisions (high 160-bit) - Expected        0.0, actual          0  (1.000x) (^ 0)
Testing all collisions (low  160-bit) - Expected        0.0, actual          0  (1.000x) (^ 0)
Testing all collisions (high 128-bit) - Expected        0.0, actual          0  (1.000x) (^ 0)
Testing all collisions (low  128-bit) - Expected        0.0, actual          0  (1.000x) (^ 0)
Testing all collisions (high  64-bit) - Expected        0.0, actual          0  (1.000x) (^ 0)
Testing all collisions (low   64-bit) - Expected        0.0, actual          0  (1.000x) (^ 0)
Testing all collisions (high  36-bit) - Expected      128.0, actual        125  (0.977x) (^ 0)
Testing all collisions (low   36-bit) - Expected      128.0, actual        114  (0.891x) (^ 0)
Testing all collisions (high  32-bit) - Expected     2047.3, actual       2037  (0.995x) (^ 0)
Testing all collisions (low   32-bit) - Expected     2047.3, actual       2033  (0.993x) (^ 0)
Testing all collisions (high 20..39 bits) - Worst is 27 bits: 65193/64859       (1.005x) (^ 0)
Testing all collisions (low  20..39 bits) - Worst is 31 bits: 4125/4093         (1.008x) (^ 0)
Testing distribution   (any   8..19 bits) - Worst bias is 10 bits at bit  62:    0.692x  (^ 0)
---Analyzing additional differential distribution
Testing all collisions (     256-bit) - Expected        0.0, actual          0  (1.000x) (^ 0)
Testing all collisions (high 224-bit) - Expected        0.0, actual          0  (1.000x) (^ 0)
Testing all collisions (low  224-bit) - Expected        0.0, actual          0  (1.000x) (^ 0)
Testing all collisions (high 160-bit) - Expected        0.0, actual          0  (1.000x) (^ 0)
Testing all collisions (low  160-bit) - Expected        0.0, actual          0  (1.000x) (^ 0)
Testing all collisions (high 128-bit) - Expected        0.0, actual          0  (1.000x) (^ 0)
Testing all collisions (low  128-bit) - Expected        0.0, actual          0  (1.000x) (^ 0)
Testing all collisions (high  64-bit) - Expected        0.0, actual          0  (1.000x) (^ 0)
Testing all collisions (low   64-bit) - Expected        0.0, actual          0  (1.000x) (^ 0)
Testing all collisions (high  36-bit) - Expected      128.0, actual        137  (1.070x) (^ 2)
Testing all collisions (low   36-bit) - Expected      128.0, actual        113  (0.883x) (^ 0)
Testing all collisions (high  32-bit) - Expected     2047.3, actual       2045  (0.999x) (^ 0)
Testing all collisions (low   32-bit) - Expected     2047.3, actual       2113  (1.032x) (^ 3)
Testing all collisions (high 20..39 bits) - Worst is 39 bits: 20/16             (1.250x) (^ 0)
Testing all collisions (low  20..39 bits) - Worst is 33 bits: 1085/1024         (1.060x) (^ 1)
Testing distribution   (any   8..19 bits) - Worst bias is 11 bits at bit 142:    0.834x  (^ 2)

Keyset 'Seed' -   3-byte keys - 4194304 seeds
Testing all collisions (     256-bit) - Expected        0.0, actual          0  (1.000x) (^ 0)
Testing all collisions (high 224-bit) - Expected        0.0, actual          0  (1.000x) (^ 0)
Testing all collisions (low  224-bit) - Expected        0.0, actual          0  (1.000x) (^ 0)
Testing all collisions (high 160-bit) - Expected        0.0, actual          0  (1.000x) (^ 0)
Testing all collisions (low  160-bit) - Expected        0.0, actual          0  (1.000x) (^ 0)
Testing all collisions (high 128-bit) - Expected        0.0, actual          0  (1.000x) (^ 0)
Testing all collisions (low  128-bit) - Expected        0.0, actual          0  (1.000x) (^ 0)
Testing all collisions (high  64-bit) - Expected        0.0, actual          0  (1.000x) (^ 0)
Testing all collisions (low   64-bit) - Expected        0.0, actual          0  (1.000x) (^ 0)
Testing all collisions (high  36-bit) - Expected      128.0, actual        114  (0.891x) (^ 0)
Testing all collisions (low   36-bit) - Expected      128.0, actual        118  (0.922x) (^ 0)
Testing all collisions (high  32-bit) - Expected     2047.3, actual       2043  (0.998x) (^ 0)
Testing all collisions (low   32-bit) - Expected     2047.3, actual       2046  (0.999x) (^ 0)
Testing all collisions (high 20..39 bits) - Worst is 31 bits: 4156/4093         (1.015x) (^ 0)
Testing all collisions (low  20..39 bits) - Worst is 23 bits: 894822/893644     (1.001x) (^ 0)
Testing distribution   (any   8..19 bits) - Worst bias is 10 bits at bit 239:    0.777x  (^ 0)
---Analyzing differential distribution
Testing all collisions (     256-bit) - Expected        0.0, actual          0  (1.000x) (^ 0)
Testing all collisions (high 224-bit) - Expected        0.0, actual          0  (1.000x) (^ 0)
Testing all collisions (low  224-bit) - Expected        0.0, actual          0  (1.000x) (^ 0)
Testing all collisions (high 160-bit) - Expected        0.0, actual          0  (1.000x) (^ 0)
Testing all collisions (low  160-bit) - Expected        0.0, actual          0  (1.000x) (^ 0)
Testing all collisions (high 128-bit) - Expected        0.0, actual          0  (1.000x) (^ 0)
Testing all collisions (low  128-bit) - Expected        0.0, actual          0  (1.000x) (^ 0)
Testing all collisions (high  64-bit) - Expected        0.0, actual          0  (1.000x) (^ 0)
Testing all collisions (low   64-bit) - Expected        0.0, actual          0  (1.000x) (^ 0)
Testing all collisions (high  36-bit) - Expected      128.0, actual        143  (1.117x) (^ 3)
Testing all collisions (low   36-bit) - Expected      128.0, actual        118  (0.922x) (^ 0)
Testing all collisions (high  32-bit) - Expected     2047.3, actual       2122  (1.036x) (^ 4)
Testing all collisions (low   32-bit) - Expected     2047.3, actual       2102  (1.027x) (^ 3)
Testing all collisions (high 20..39 bits) - Worst is 38 bits: 46/32             (1.438x) (^ 2)
Testing all collisions (low  20..39 bits) - Worst is 32 bits: 2102/2047         (1.027x) (^ 0)
Testing distribution   (any   8..19 bits) - Worst bias is 13 bits at bit  23:    0.701x  (^ 1)
---Analyzing additional differential distribution
Testing all collisions (     256-bit) - Expected        0.0, actual          0  (1.000x) (^ 0)
Testing all collisions (high 224-bit) - Expected        0.0, actual          0  (1.000x) (^ 0)
Testing all collisions (low  224-bit) - Expected        0.0, actual          0  (1.000x) (^ 0)
Testing all collisions (high 160-bit) - Expected        0.0, actual          0  (1.000x) (^ 0)
Testing all collisions (low  160-bit) - Expected        0.0, actual          0  (1.000x) (^ 0)
Testing all collisions (high 128-bit) - Expected        0.0, actual          0  (1.000x) (^ 0)
Testing all collisions (low  128-bit) - Expected        0.0, actual          0  (1.000x) (^ 0)
Testing all collisions (high  64-bit) - Expected        0.0, actual          0  (1.000x) (^ 0)
Testing all collisions (low   64-bit) - Expected        0.0, actual          0  (1.000x) (^ 0)
Testing all collisions (high  36-bit) - Expected      128.0, actual        117  (0.914x) (^ 0)
Testing all collisions (low   36-bit) - Expected      128.0, actual        123  (0.961x) (^ 0)
Testing all collisions (high  32-bit) - Expected     2047.3, actual       2062  (1.007x) (^ 1)
Testing all collisions (low   32-bit) - Expected     2047.3, actual       1971  (0.963x) (^ 0)
Testing all collisions (high 20..39 bits) - Worst is 31 bits: 4127/4093         (1.008x) (^ 0)
Testing all collisions (low  20..39 bits) - Worst is 26 bits: 129159/128383     (1.006x) (^ 1)
Testing distribution   (any   8..19 bits) - Worst bias is 17 bits at bit 250:    0.564x  (^ 0)

Keyset 'Seed' -   6-byte keys - 4194304 seeds
Testing all collisions (     256-bit) - Expected        0.0, actual          0  (1.000x) (^ 0)
Testing all collisions (high 224-bit) - Expected        0.0, actual          0  (1.000x) (^ 0)
Testing all collisions (low  224-bit) - Expected        0.0, actual          0  (1.000x) (^ 0)
Testing all collisions (high 160-bit) - Expected        0.0, actual          0  (1.000x) (^ 0)
Testing all collisions (low  160-bit) - Expected        0.0, actual          0  (1.000x) (^ 0)
Testing all collisions (high 128-bit) - Expected        0.0, actual          0  (1.000x) (^ 0)
Testing all collisions (low  128-bit) - Expected        0.0, actual          0  (1.000x) (^ 0)
Testing all collisions (high  64-bit) - Expected        0.0, actual          0  (1.000x) (^ 0)
Testing all collisions (low   64-bit) - Expected        0.0, actual          0  (1.000x) (^ 0)
Testing all collisions (high  36-bit) - Expected      128.0, actual        123  (0.961x) (^ 0)
Testing all collisions (low   36-bit) - Expected      128.0, actual        108  (0.844x) (^ 0)
Testing all collisions (high  32-bit) - Expected     2047.3, actual       2009  (0.981x) (^ 0)
Testing all collisions (low   32-bit) - Expected     2047.3, actual       2033  (0.993x) (^ 0)
Testing all collisions (high 20..39 bits) - Worst is 27 bits: 65478/64859       (1.010x) (^ 2)
Testing all collisions (low  20..39 bits) - Worst is 27 bits: 65124/64859       (1.004x) (^ 0)
Testing distribution   (any   8..19 bits) - Worst bias is 10 bits at bit 222:    0.781x  (^ 0)
---Analyzing differential distribution
Testing all collisions (     256-bit) - Expected        0.0, actual          0  (1.000x) (^ 0)
Testing all collisions (high 224-bit) - Expected        0.0, actual          0  (1.000x) (^ 0)
Testing all collisions (low  224-bit) - Expected        0.0, actual          0  (1.000x) (^ 0)
Testing all collisions (high 160-bit) - Expected        0.0, actual          0  (1.000x) (^ 0)
Testing all collisions (low  160-bit) - Expected        0.0, actual          0  (1.000x) (^ 0)
Testing all collisions (high 128-bit) - Expected        0.0, actual          0  (1.000x) (^ 0)
Testing all collisions (low  128-bit) - Expected        0.0, actual          0  (1.000x) (^ 0)
Testing all collisions (high  64-bit) - Expected        0.0, actual          0  (1.000x) (^ 0)
Testing all collisions (low   64-bit) - Expected        0.0, actual          0  (1.000x) (^ 0)
Testing all collisions (high  36-bit) - Expected      128.0, actual        134  (1.047x) (^ 1)
Testing all collisions (low   36-bit) - Expected      128.0, actual        132  (1.031x) (^ 1)
Testing all collisions (high  32-bit) - Expected     2047.3, actual       2043  (0.998x) (^ 0)
Testing all collisions (low   32-bit) - Expected     2047.3, actual       2064  (1.008x) (^ 1)
Testing all collisions (high 20..39 bits) - Worst is 37 bits: 73/64             (1.141x) (^ 0)
Testing all collisions (low  20..39 bits) - Worst is 24 bits: 483726/483197     (1.001x) (^ 0)
Testing distribution   (any   8..19 bits) - Worst bias is 19 bits at bit 253:    0.577x  (^ 1)
---Analyzing additional differential distribution
Testing all collisions (     256-bit) - Expected        0.0, actual          0  (1.000x) (^ 0)
Testing all collisions (high 224-bit) - Expected        0.0, actual          0  (1.000x) (^ 0)
Testing all collisions (low  224-bit) - Expected        0.0, actual          0  (1.000x) (^ 0)
Testing all collisions (high 160-bit) - Expected        0.0, actual          0  (1.000x) (^ 0)
Testing all collisions (low  160-bit) - Expected        0.0, actual          0  (1.000x) (^ 0)
Testing all collisions (high 128-bit) - Expected        0.0, actual          0  (1.000x) (^ 0)
Testing all collisions (low  128-bit) - Expected        0.0, actual          0  (1.000x) (^ 0)
Testing all collisions (high  64-bit) - Expected        0.0, actual          0  (1.000x) (^ 0)
Testing all collisions (low   64-bit) - Expected        0.0, actual          0  (1.000x) (^ 0)
Testing all collisions (high  36-bit) - Expected      128.0, actual        126  (0.984x) (^ 0)
Testing all collisions (low   36-bit) - Expected      128.0, actual        126  (0.984x) (^ 0)
Testing all collisions (high  32-bit) - Expected     2047.3, actual       2034  (0.993x) (^ 0)
Testing all collisions (low   32-bit) - Expected     2047.3, actual       2065  (1.009x) (^ 1)
Testing all collisions (high 20..39 bits) - Worst is 25 bits: 252359/251554     (1.003x) (^ 0)
Testing all collisions (low  20..39 bits) - Worst is 29 bits: 16683/16341       (1.021x) (^ 3)
Testing distribution   (any   8..19 bits) - Worst bias is 10 bits at bit  18:    0.823x  (^ 1)

Keyset 'Seed' -  15-byte keys - 4194304 seeds
Testing all collisions (     256-bit) - Expected        0.0, actual          0  (1.000x) (^ 0)
Testing all collisions (high 224-bit) - Expected        0.0, actual          0  (1.000x) (^ 0)
Testing all collisions (low  224-bit) - Expected        0.0, actual          0  (1.000x) (^ 0)
Testing all collisions (high 160-bit) - Expected        0.0, actual          0  (1.000x) (^ 0)
Testing all collisions (low  160-bit) - Expected        0.0, actual          0  (1.000x) (^ 0)
Testing all collisions (high 128-bit) - Expected        0.0, actual          0  (1.000x) (^ 0)
Testing all collisions (low  128-bit) - Expected        0.0, actual          0  (1.000x) (^ 0)
Testing all collisions (high  64-bit) - Expected        0.0, actual          0  (1.000x) (^ 0)
Testing all collisions (low   64-bit) - Expected        0.0, actual          0  (1.000x) (^ 0)
Testing all collisions (high  36-bit) - Expected      128.0, actual        143  (1.117x) (^ 3)
Testing all collisions (low   36-bit) - Expected      128.0, actual        139  (1.086x) (^ 2)
Testing all collisions (high  32-bit) - Expected     2047.3, actual       2035  (0.994x) (^ 0)
Testing all collisions (low   32-bit) - Expected     2047.3, actual       2095  (1.023x) (^ 2)
Testing all collisions (high 20..39 bits) - Worst is 36 bits: 143/128           (1.117x) (^ 0)
Testing all collisions (low  20..39 bits) - Worst is 39 bits: 24/16             (1.500x) (^ 0)
Testing distribution   (any   8..19 bits) - Worst bias is 18 bits at bit  28:    0.522x  (^ 0)
---Analyzing differential distribution
Testing all collisions (     256-bit) - Expected        0.0, actual          0  (1.000x) (^ 0)
Testing all collisions (high 224-bit) - Expected        0.0, actual          0  (1.000x) (^ 0)
Testing all collisions (low  224-bit) - Expected        0.0, actual          0  (1.000x) (^ 0)
Testing all collisions (high 160-bit) - Expected        0.0, actual          0  (1.000x) (^ 0)
Testing all collisions (low  160-bit) - Expected        0.0, actual          0  (1.000x) (^ 0)
Testing all collisions (high 128-bit) - Expected        0.0, actual          0  (1.000x) (^ 0)
Testing all collisions (low  128-bit) - Expected        0.0, actual          0  (1.000x) (^ 0)
Testing all collisions (high  64-bit) - Expected        0.0, actual          0  (1.000x) (^ 0)
Testing all collisions (low   64-bit) - Expected        0.0, actual          0  (1.000x) (^ 0)
Testing all collisions (high  36-bit) - Expected      128.0, actual        115  (0.898x) (^ 0)
Testing all collisions (low   36-bit) - Expected      128.0, actual        111  (0.867x) (^ 0)
Testing all collisions (high  32-bit) - Expected     2047.3, actual       1983  (0.969x) (^ 0)
Testing all collisions (low   32-bit) - Expected     2047.3, actual       2024  (0.989x) (^ 0)
Testing all collisions (high 20..39 bits) - Worst is 26 bits: 128904/128383     (1.004x) (^ 0)
Testing all collisions (low  20..39 bits) - Worst is 23 bits: 894012/893644     (1.000x) (^ 0)
Testing distribution   (any   8..19 bits) - Worst bias is  8 bits at bit 241:    0.957x  (^ 2)
---Analyzing additional differential distribution
Testing all collisions (     256-bit) - Expected        0.0, actual          0  (1.000x) (^ 0)
Testing all collisions (high 224-bit) - Expected        0.0, actual          0  (1.000x) (^ 0)
Testing all collisions (low  224-bit) - Expected        0.0, actual          0  (1.000x) (^ 0)
Testing all collisions (high 160-bit) - Expected        0.0, actual          0  (1.000x) (^ 0)
Testing all collisions (low  160-bit) - Expected        0.0, actual          0  (1.000x) (^ 0)
Testing all collisions (high 128-bit) - Expected        0.0, actual          0  (1.000x) (^ 0)
Testing all collisions (low  128-bit) - Expected        0.0, actual          0  (1.000x) (^ 0)
Testing all collisions (high  64-bit) - Expected        0.0, actual          0  (1.000x) (^ 0)
Testing all collisions (low   64-bit) - Expected        0.0, actual          0  (1.000x) (^ 0)
Testing all collisions (high  36-bit) - Expected      128.0, actual        114  (0.891x) (^ 0)
Testing all collisions (low   36-bit) - Expected      128.0, actual        134  (1.047x) (^ 1)
Testing all collisions (high  32-bit) - Expected     2047.3, actual       1960  (0.957x) (^ 0)
Testing all collisions (low   32-bit) - Expected     2047.3, actual       2044  (0.998x) (^ 0)
Testing all collisions (high 20..39 bits) - Worst is 29 bits: 16595/16341       (1.016x) (^ 1)
Testing all collisions (low  20..39 bits) - Worst is 24 bits: 483826/483197     (1.001x) (^ 0)
Testing distribution   (any   8..19 bits) - Worst bias is 17 bits at bit 118:    0.649x  (^ 2)

Keyset 'Seed' -  18-byte keys - 4194304 seeds
Testing all collisions (     256-bit) - Expected        0.0, actual          0  (1.000x) (^ 0)
Testing all collisions (high 224-bit) - Expected        0.0, actual          0  (1.000x) (^ 0)
Testing all collisions (low  224-bit) - Expected        0.0, actual          0  (1.000x) (^ 0)
Testing all collisions (high 160-bit) - Expected        0.0, actual          0  (1.000x) (^ 0)
Testing all collisions (low  160-bit) - Expected        0.0, actual          0  (1.000x) (^ 0)
Testing all collisions (high 128-bit) - Expected        0.0, actual          0  (1.000x) (^ 0)
Testing all collisions (low  128-bit) - Expected        0.0, actual          0  (1.000x) (^ 0)
Testing all collisions (high  64-bit) - Expected        0.0, actual          0  (1.000x) (^ 0)
Testing all collisions (low   64-bit) - Expected        0.0, actual          0  (1.000x) (^ 0)
Testing all collisions (high  36-bit) - Expected      128.0, actual        113  (0.883x) (^ 0)
Testing all collisions (low   36-bit) - Expected      128.0, actual        136  (1.063x) (^ 1)
Testing all collisions (high  32-bit) - Expected     2047.3, actual       2051  (1.002x) (^ 1)
Testing all collisions (low   32-bit) - Expected     2047.3, actual       2089  (1.020x) (^ 2)
Testing all collisions (high 20..39 bits) - Worst is 30 bits: 8286/8181         (1.013x) (^ 0)
Testing all collisions (low  20..39 bits) - Worst is 28 bits: 32934/32598       (1.010x) (^ 1)
Testing distribution   (any   8..19 bits) - Worst bias is  8 bits at bit 138:    1.118x  (^ 6)
---Analyzing differential distribution
Testing all collisions (     256-bit) - Expected        0.0, actual          0  (1.000x) (^ 0)
Testing all collisions (high 224-bit) - Expected        0.0, actual          0  (1.000x) (^ 0)
Testing all collisions (low  224-bit) - Expected        0.0, actual          0  (1.000x) (^ 0)
Testing all collisions (high 160-bit) - Expected        0.0, actual          0  (1.000x) (^ 0)
Testing all collisions (low  160-bit) - Expected        0.0, actual          0  (1.000x) (^ 0)
Testing all collisions (high 128-bit) - Expected        0.0, actual          0  (1.000x) (^ 0)
Testing all collisions (low  128-bit) - Expected        0.0, actual          0  (1.000x) (^ 0)
Testing all collisions (high  64-bit) - Expected        0.0, actual          0  (1.000x) (^ 0)
Testing all collisions (low   64-bit) - Expected        0.0, actual          0  (1.000x) (^ 0)
Testing all collisions (high  36-bit) - Expected      128.0, actual        113  (0.883x) (^ 0)
Testing all collisions (low   36-bit) - Expected      128.0, actual        119  (0.930x) (^ 0)
Testing all collisions (high  32-bit) - Expected     2047.3, actual       2064  (1.008x) (^ 1)
Testing all collisions (low   32-bit) - Expected     2047.3, actual       2043  (0.998x) (^ 0)
Testing all collisions (high 20..39 bits) - Worst is 24 bits: 483764/483197     (1.001x) (^ 0)
Testing all collisions (low  20..39 bits) - Worst is 25 bits: 252226/251554     (1.003x) (^ 0)
Testing distribution   (any   8..19 bits) - Worst bias is 18 bits at bit 148:    0.560x  (^ 0)
---Analyzing additional differential distribution
Testing all collisions (     256-bit) - Expected        0.0, actual          0  (1.000x) (^ 0)
Testing all collisions (high 224-bit) - Expected        0.0, actual          0  (1.000x) (^ 0)
Testing all collisions (low  224-bit) - Expected        0.0, actual          0  (1.000x) (^ 0)
Testing all collisions (high 160-bit) - Expected        0.0, actual          0  (1.000x) (^ 0)
Testing all collisions (low  160-bit) - Expected        0.0, actual          0  (1.000x) (^ 0)
Testing all collisions (high 128-bit) - Expected        0.0, actual          0  (1.000x) (^ 0)
Testing all collisions (low  128-bit) - Expected        0.0, actual          0  (1.000x) (^ 0)
Testing all collisions (high  64-bit) - Expected        0.0, actual          0  (1.000x) (^ 0)
Testing all collisions (low   64-bit) - Expected        0.0, actual          0  (1.000x) (^ 0)
Testing all collisions (high  36-bit) - Expected      128.0, actual        109  (0.852x) (^ 0)
Testing all collisions (low   36-bit) - Expected      128.0, actual        129  (1.008x) (^ 1)
Testing all collisions (high  32-bit) - Expected     2047.3, actual       2104  (1.028x) (^ 3)
Testing all collisions (low   32-bit) - Expected     2047.3, actual       2031  (0.992x) (^ 0)
Testing all collisions (high 20..39 bits) - Worst is 31 bits: 4192/4093         (1.024x) (^ 0)
Testing all collisions (low  20..39 bits) - Worst is 35 bits: 267/256           (1.043x) (^ 0)
Testing distribution   (any   8..19 bits) - Worst bias is 12 bits at bit  37:    0.673x  (^ 0)

Keyset 'Seed' -  31-byte keys - 4194304 seeds
Testing all collisions (     256-bit) - Expected        0.0, actual          0  (1.000x) (^ 0)
Testing all collisions (high 224-bit) - Expected        0.0, actual          0  (1.000x) (^ 0)
Testing all collisions (low  224-bit) - Expected        0.0, actual          0  (1.000x) (^ 0)
Testing all collisions (high 160-bit) - Expected        0.0, actual          0  (1.000x) (^ 0)
Testing all collisions (low  160-bit) - Expected        0.0, actual          0  (1.000x) (^ 0)
Testing all collisions (high 128-bit) - Expected        0.0, actual          0  (1.000x) (^ 0)
Testing all collisions (low  128-bit) - Expected        0.0, actual          0  (1.000x) (^ 0)
Testing all collisions (high  64-bit) - Expected        0.0, actual          0  (1.000x) (^ 0)
Testing all collisions (low   64-bit) - Expected        0.0, actual          0  (1.000x) (^ 0)
Testing all collisions (high  36-bit) - Expected      128.0, actual        122  (0.953x) (^ 0)
Testing all collisions (low   36-bit) - Expected      128.0, actual        129  (1.008x) (^ 1)
Testing all collisions (high  32-bit) - Expected     2047.3, actual       2044  (0.998x) (^ 0)
Testing all collisions (low   32-bit) - Expected     2047.3, actual       1992  (0.973x) (^ 0)
Testing all collisions (high 20..39 bits) - Worst is 38 bits: 38/32             (1.188x) (^ 0)
Testing all collisions (low  20..39 bits) - Worst is 25 bits: 252177/251554     (1.002x) (^ 0)
Testing distribution   (any   8..19 bits) - Worst bias is 13 bits at bit  38:    0.538x  (^ 0)
---Analyzing differential distribution
Testing all collisions (     256-bit) - Expected        0.0, actual          0  (1.000x) (^ 0)
Testing all collisions (high 224-bit) - Expected        0.0, actual          0  (1.000x) (^ 0)
Testing all collisions (low  224-bit) - Expected        0.0, actual          0  (1.000x) (^ 0)
Testing all collisions (high 160-bit) - Expected        0.0, actual          0  (1.000x) (^ 0)
Testing all collisions (low  160-bit) - Expected        0.0, actual          0  (1.000x) (^ 0)
Testing all collisions (high 128-bit) - Expected        0.0, actual          0  (1.000x) (^ 0)
Testing all collisions (low  128-bit) - Expected        0.0, actual          0  (1.000x) (^ 0)
Testing all collisions (high  64-bit) - Expected        0.0, actual          0  (1.000x) (^ 0)
Testing all collisions (low   64-bit) - Expected        0.0, actual          0  (1.000x) (^ 0)
Testing all collisions (high  36-bit) - Expected      128.0, actual        131  (1.023x) (^ 1)
Testing all collisions (low   36-bit) - Expected      128.0, actual        149  (1.164x) (^ 4)
Testing all collisions (high  32-bit) - Expected     2047.3, actual       2116  (1.034x) (^ 3)
Testing all collisions (low   32-bit) - Expected     2047.3, actual       2094  (1.023x) (^ 2)
Testing all collisions (high 20..39 bits) - Worst is 30 bits: 8322/8181         (1.017x) (^ 0)
Testing all collisions (low  20..39 bits) - Worst is 36 bits: 149/128           (1.164x) (^ 0)
Testing distribution   (any   8..19 bits) - Worst bias is 11 bits at bit   6:    0.906x  (^ 4)
---Analyzing additional differential distribution
Testing all collisions (     256-bit) - Expected        0.0, actual          0  (1.000x) (^ 0)
Testing all collisions (high 224-bit) - Expected        0.0, actual          0  (1.000x) (^ 0)
Testing all collisions (low  224-bit) - Expected        0.0, actual          0  (1.000x) (^ 0)
Testing all collisions (high 160-bit) - Expected        0.0, actual          0  (1.000x) (^ 0)
Testing all collisions (low  160-bit) - Expected        0.0, actual          0  (1.000x) (^ 0)
Testing all collisions (high 128-bit) - Expected        0.0, actual          0  (1.000x) (^ 0)
Testing all collisions (low  128-bit) - Expected        0.0, actual          0  (1.000x) (^ 0)
Testing all collisions (high  64-bit) - Expected        0.0, actual          0  (1.000x) (^ 0)
Testing all collisions (low   64-bit) - Expected        0.0, actual          0  (1.000x) (^ 0)
Testing all collisions (high  36-bit) - Expected      128.0, actual        143  (1.117x) (^ 3)
Testing all collisions (low   36-bit) - Expected      128.0, actual        133  (1.039x) (^ 1)
Testing all collisions (high  32-bit) - Expected     2047.3, actual       1938  (0.947x) (^ 0)
Testing all collisions (low   32-bit) - Expected     2047.3, actual       2159  (1.055x) (^ 7)
Testing all collisions (high 20..39 bits) - Worst is 38 bits: 46/32             (1.438x) (^ 2)
Testing all collisions (low  20..39 bits) - Worst is 32 bits: 2159/2047         (1.055x) (^ 2)
Testing distribution   (any   8..19 bits) - Worst bias is 18 bits at bit   2:    0.527x  (^ 0)

Keyset 'Seed' -  52-byte keys - 4194304 seeds
Testing all collisions (     256-bit) - Expected        0.0, actual          0  (1.000x) (^ 0)
Testing all collisions (high 224-bit) - Expected        0.0, actual          0  (1.000x) (^ 0)
Testing all collisions (low  224-bit) - Expected        0.0, actual          0  (1.000x) (^ 0)
Testing all collisions (high 160-bit) - Expected        0.0, actual          0  (1.000x) (^ 0)
Testing all collisions (low  160-bit) - Expected        0.0, actual          0  (1.000x) (^ 0)
Testing all collisions (high 128-bit) - Expected        0.0, actual          0  (1.000x) (^ 0)
Testing all collisions (low  128-bit) - Expected        0.0, actual          0  (1.000x) (^ 0)
Testing all collisions (high  64-bit) - Expected        0.0, actual          0  (1.000x) (^ 0)
Testing all collisions (low   64-bit) - Expected        0.0, actual          0  (1.000x) (^ 0)
Testing all collisions (high  36-bit) - Expected      128.0, actual        130  (1.016x) (^ 1)
Testing all collisions (low   36-bit) - Expected      128.0, actual        139  (1.086x) (^ 2)
Testing all collisions (high  32-bit) - Expected     2047.3, actual       2008  (0.981x) (^ 0)
Testing all collisions (low   32-bit) - Expected     2047.3, actual       2049  (1.001x) (^ 1)
Testing all collisions (high 20..39 bits) - Worst is 36 bits: 130/128           (1.016x) (^ 0)
Testing all collisions (low  20..39 bits) - Worst is 26 bits: 129137/128383     (1.006x) (^ 1)
Testing distribution   (any   8..19 bits) - Worst bias is 14 bits at bit  52:    0.628x  (^ 0)
---Analyzing differential distribution
Testing all collisions (     256-bit) - Expected        0.0, actual          0  (1.000x) (^ 0)
Testing all collisions (high 224-bit) - Expected        0.0, actual          0  (1.000x) (^ 0)
Testing all collisions (low  224-bit) - Expected        0.0, actual          0  (1.000x) (^ 0)
Testing all collisions (high 160-bit) - Expected        0.0, actual          0  (1.000x) (^ 0)
Testing all collisions (low  160-bit) - Expected        0.0, actual          0  (1.000x) (^ 0)
Testing all collisions (high 128-bit) - Expected        0.0, actual          0  (1.000x) (^ 0)
Testing all collisions (low  128-bit) - Expected        0.0, actual          0  (1.000x) (^ 0)
Testing all collisions (high  64-bit) - Expected        0.0, actual          0  (1.000x) (^ 0)
Testing all collisions (low   64-bit) - Expected        0.0, actual          0  (1.000x) (^ 0)
Testing all collisions (high  36-bit) - Expected      128.0, actual        114  (0.891x) (^ 0)
Testing all collisions (low   36-bit) - Expected      128.0, actual        135  (1.055x) (^ 1)
Testing all collisions (high  32-bit) - Expected     2047.3, actual       2027  (0.990x) (^ 0)
Testing all collisions (low   32-bit) - Expected     2047.3, actual       2094  (1.023x) (^ 2)
Testing all collisions (high 20..39 bits) - Worst is 30 bits: 8215/8181         (1.004x) (^ 0)
Testing all collisions (low  20..39 bits) - Worst is 28 bits: 32989/32598       (1.012x) (^ 1)
Testing distribution   (any   8..19 bits) - Worst bias is 10 bits at bit  20:    0.782x  (^ 0)
---Analyzing additional differential distribution
Testing all collisions (     256-bit) - Expected        0.0, actual          0  (1.000x) (^ 0)
Testing all collisions (high 224-bit) - Expected        0.0, actual          0  (1.000x) (^ 0)
Testing all collisions (low  224-bit) - Expected        0.0, actual          0  (1.000x) (^ 0)
Testing all collisions (high 160-bit) - Expected        0.0, actual          0  (1.000x) (^ 0)
Testing all collisions (low  160-bit) - Expected        0.0, actual          0  (1.000x) (^ 0)
Testing all collisions (high 128-bit) - Expected        0.0, actual          0  (1.000x) (^ 0)
Testing all collisions (low  128-bit) - Expected        0.0, actual          0  (1.000x) (^ 0)
Testing all collisions (high  64-bit) - Expected        0.0, actual          0  (1.000x) (^ 0)
Testing all collisions (low   64-bit) - Expected        0.0, actual          0  (1.000x) (^ 0)
Testing all collisions (high  36-bit) - Expected      128.0, actual        109  (0.852x) (^ 0)
Testing all collisions (low   36-bit) - Expected      128.0, actual        126  (0.984x) (^ 0)
Testing all collisions (high  32-bit) - Expected     2047.3, actual       2019  (0.986x) (^ 0)
Testing all collisions (low   32-bit) - Expected     2047.3, actual       2055  (1.004x) (^ 1)
Testing all collisions (high 20..39 bits) - Worst is 30 bits: 8281/8181         (1.012x) (^ 0)
Testing all collisions (low  20..39 bits) - Worst is 28 bits: 32896/32598       (1.009x) (^ 0)
Testing distribution   (any   8..19 bits) - Worst bias is 15 bits at bit 187:    0.679x  (^ 1)

Keyset 'Seed' -  80-byte keys - 4194304 seeds
Testing all collisions (     256-bit) - Expected        0.0, actual          0  (1.000x) (^ 0)
Testing all collisions (high 224-bit) - Expected        0.0, actual          0  (1.000x) (^ 0)
Testing all collisions (low  224-bit) - Expected        0.0, actual          0  (1.000x) (^ 0)
Testing all collisions (high 160-bit) - Expected        0.0, actual          0  (1.000x) (^ 0)
Testing all collisions (low  160-bit) - Expected        0.0, actual          0  (1.000x) (^ 0)
Testing all collisions (high 128-bit) - Expected        0.0, actual          0  (1.000x) (^ 0)
Testing all collisions (low  128-bit) - Expected        0.0, actual          0  (1.000x) (^ 0)
Testing all collisions (high  64-bit) - Expected        0.0, actual          0  (1.000x) (^ 0)
Testing all collisions (low   64-bit) - Expected        0.0, actual          0  (1.000x) (^ 0)
Testing all collisions (high  36-bit) - Expected      128.0, actual        147  (1.148x) (^ 4)
Testing all collisions (low   36-bit) - Expected      128.0, actual        130  (1.016x) (^ 1)
Testing all collisions (high  32-bit) - Expected     2047.3, actual       2093  (1.022x) (^ 2)
Testing all collisions (low   32-bit) - Expected     2047.3, actual       2027  (0.990x) (^ 0)
Testing all collisions (high 20..39 bits) - Worst is 29 bits: 16671/16341       (1.020x) (^ 3)
Testing all collisions (low  20..39 bits) - Worst is 28 bits: 33081/32598       (1.015x) (^ 3)
Testing distribution   (any   8..19 bits) - Worst bias is 11 bits at bit  84:    0.690x  (^ 0)
---Analyzing differential distribution
Testing all collisions (     256-bit) - Expected        0.0, actual          0  (1.000x) (^ 0)
Testing all collisions (high 224-bit) - Expected        0.0, actual          0  (1.000x) (^ 0)
Testing all collisions (low  224-bit) - Expected        0.0, actual          0  (1.000x) (^ 0)
Testing all collisions (high 160-bit) - Expected        0.0, actual          0  (1.000x) (^ 0)
Testing all collisions (low  160-bit) - Expected        0.0, actual          0  (1.000x) (^ 0)
Testing all collisions (high 128-bit) - Expected        0.0, actual          0  (1.000x) (^ 0)
Testing all collisions (low  128-bit) - Expected        0.0, actual          0  (1.000x) (^ 0)
Testing all collisions (high  64-bit) - Expected        0.0, actual          0  (1.000x) (^ 0)
Testing all collisions (low   64-bit) - Expected        0.0, actual          0  (1.000x) (^ 0)
Testing all collisions (high  36-bit) - Expected      128.0, actual        163  (1.273x) (^ 9)
Testing all collisions (low   36-bit) - Expected      128.0, actual        137  (1.070x) (^ 2)
Testing all collisions (high  32-bit) - Expected     2047.3, actual       2100  (1.026x) (^ 2)
Testing all collisions (low   32-bit) - Expected     2047.3, actual       2001  (0.977x) (^ 0)
Testing all collisions (high 20..39 bits) - Worst is 36 bits: 163/128           (1.273x) (^ 4)
Testing all collisions (low  20..39 bits) - Worst is 39 bits: 20/16             (1.250x) (^ 0)
Testing distribution   (any   8..19 bits) - Worst bias is 13 bits at bit  31:    0.632x  (^ 0)
---Analyzing additional differential distribution
Testing all collisions (     256-bit) - Expected        0.0, actual          0  (1.000x) (^ 0)
Testing all collisions (high 224-bit) - Expected        0.0, actual          0  (1.000x) (^ 0)
Testing all collisions (low  224-bit) - Expected        0.0, actual          0  (1.000x) (^ 0)
Testing all collisions (high 160-bit) - Expected        0.0, actual          0  (1.000x) (^ 0)
Testing all collisions (low  160-bit) - Expected        0.0, actual          0  (1.000x) (^ 0)
Testing all collisions (high 128-bit) - Expected        0.0, actual          0  (1.000x) (^ 0)
Testing all collisions (low  128-bit) - Expected        0.0, actual          0  (1.000x) (^ 0)
Testing all collisions (high  64-bit) - Expected        0.0, actual          0  (1.000x) (^ 0)
Testing all collisions (low   64-bit) - Expected        0.0, actual          0  (1.000x) (^ 0)
Testing all collisions (high  36-bit) - Expected      128.0, actual        121  (0.945x) (^ 0)
Testing all collisions (low   36-bit) - Expected      128.0, actual        144  (1.125x) (^ 3)
Testing all collisions (high  32-bit) - Expected     2047.3, actual       2124  (1.037x) (^ 4)
Testing all collisions (low   32-bit) - Expected     2047.3, actual       2042  (0.997x) (^ 0)
Testing all collisions (high 20..39 bits) - Worst is 32 bits: 2124/2047         (1.037x) (^ 0)
Testing all collisions (low  20..39 bits) - Worst is 36 bits: 144/128           (1.125x) (^ 0)
Testing distribution   (any   8..19 bits) - Worst bias is 16 bits at bit 139:    0.563x  (^ 0)

Keyset 'Seed' - 200-byte keys - 4194304 seeds
Testing all collisions (     256-bit) - Expected        0.0, actual          0  (1.000x) (^ 0)
Testing all collisions (high 224-bit) - Expected        0.0, actual          0  (1.000x) (^ 0)
Testing all collisions (low  224-bit) - Expected        0.0, actual          0  (1.000x) (^ 0)
Testing all collisions (high 160-bit) - Expected        0.0, actual          0  (1.000x) (^ 0)
Testing all collisions (low  160-bit) - Expected        0.0, actual          0  (1.000x) (^ 0)
Testing all collisions (high 128-bit) - Expected        0.0, actual          0  (1.000x) (^ 0)
Testing all collisions (low  128-bit) - Expected        0.0, actual          0  (1.000x) (^ 0)
Testing all collisions (high  64-bit) - Expected        0.0, actual          0  (1.000x) (^ 0)
Testing all collisions (low   64-bit) - Expected        0.0, actual          0  (1.000x) (^ 0)
Testing all collisions (high  36-bit) - Expected      128.0, actual        131  (1.023x) (^ 1)
Testing all collisions (low   36-bit) - Expected      128.0, actual        159  (1.242x) (^ 7)
Testing all collisions (high  32-bit) - Expected     2047.3, actual       2091  (1.021x) (^ 2)
Testing all collisions (low   32-bit) - Expected     2047.3, actual       2238  (1.093x) (^15)
Testing all collisions (high 20..39 bits) - Worst is 26 bits: 129112/128383     (1.006x) (^ 1)
Testing all collisions (low  20..39 bits) - Worst is 32 bits: 2238/2047         (1.093x) (^11)
Testing distribution   (any   8..19 bits) - Worst bias is 19 bits at bit  29:    0.580x  (^ 1)
---Analyzing differential distribution
Testing all collisions (     256-bit) - Expected        0.0, actual          0  (1.000x) (^ 0)
Testing all collisions (high 224-bit) - Expected        0.0, actual          0  (1.000x) (^ 0)
Testing all collisions (low  224-bit) - Expected        0.0, actual          0  (1.000x) (^ 0)
Testing all collisions (high 160-bit) - Expected        0.0, actual          0  (1.000x) (^ 0)
Testing all collisions (low  160-bit) - Expected        0.0, actual          0  (1.000x) (^ 0)
Testing all collisions (high 128-bit) - Expected        0.0, actual          0  (1.000x) (^ 0)
Testing all collisions (low  128-bit) - Expected        0.0, actual          0  (1.000x) (^ 0)
Testing all collisions (high  64-bit) - Expected        0.0, actual          0  (1.000x) (^ 0)
Testing all collisions (low   64-bit) - Expected        0.0, actual          0  (1.000x) (^ 0)
Testing all collisions (high  36-bit) - Expected      128.0, actual        125  (0.977x) (^ 0)
Testing all collisions (low   36-bit) - Expected      128.0, actual        127  (0.992x) (^ 0)
Testing all collisions (high  32-bit) - Expected     2047.3, actual       2016  (0.985x) (^ 0)
Testing all collisions (low   32-bit) - Expected     2047.3, actual       2001  (0.977x) (^ 0)
Testing all collisions (high 20..39 bits) - Worst is 27 bits: 65378/64859       (1.008x) (^ 1)
Testing all collisions (low  20..39 bits) - Worst is 25 bits: 251856/251554     (1.001x) (^ 0)
Testing distribution   (any   8..19 bits) - Worst bias is 13 bits at bit  88:    0.588x  (^ 0)
---Analyzing additional differential distribution
Testing all collisions (     256-bit) - Expected        0.0, actual          0  (1.000x) (^ 0)
Testing all collisions (high 224-bit) - Expected        0.0, actual          0  (1.000x) (^ 0)
Testing all collisions (low  224-bit) - Expected        0.0, actual          0  (1.000x) (^ 0)
Testing all collisions (high 160-bit) - Expected        0.0, actual          0  (1.000x) (^ 0)
Testing all collisions (low  160-bit) - Expected        0.0, actual          0  (1.000x) (^ 0)
Testing all collisions (high 128-bit) - Expected        0.0, actual          0  (1.000x) (^ 0)
Testing all collisions (low  128-bit) - Expected        0.0, actual          0  (1.000x) (^ 0)
Testing all collisions (high  64-bit) - Expected        0.0, actual          0  (1.000x) (^ 0)
Testing all collisions (low   64-bit) - Expected        0.0, actual          0  (1.000x) (^ 0)
Testing all collisions (high  36-bit) - Expected      128.0, actual        128  (1.000x) (^ 1)
Testing all collisions (low   36-bit) - Expected      128.0, actual        144  (1.125x) (^ 3)
Testing all collisions (high  32-bit) - Expected     2047.3, actual       2045  (0.999x) (^ 0)
Testing all collisions (low   32-bit) - Expected     2047.3, actual       2099  (1.025x) (^ 2)
Testing all collisions (high 20..39 bits) - Worst is 33 bits: 1059/1024         (1.034x) (^ 0)
Testing all collisions (low  20..39 bits) - Worst is 33 bits: 1107/1024         (1.081x) (^ 3)
Testing distribution   (any   8..19 bits) - Worst bias is 14 bits at bit 211:    0.679x  (^ 1)

Keyset 'Seed' - 1025-byte keys - 4194304 seeds
Testing all collisions (     256-bit) - Expected        0.0, actual          0  (1.000x) (^ 0)
Testing all collisions (high 224-bit) - Expected        0.0, actual          0  (1.000x) (^ 0)
Testing all collisions (low  224-bit) - Expected        0.0, actual          0  (1.000x) (^ 0)
Testing all collisions (high 160-bit) - Expected        0.0, actual          0  (1.000x) (^ 0)
Testing all collisions (low  160-bit) - Expected        0.0, actual          0  (1.000x) (^ 0)
Testing all collisions (high 128-bit) - Expected        0.0, actual          0  (1.000x) (^ 0)
Testing all collisions (low  128-bit) - Expected        0.0, actual          0  (1.000x) (^ 0)
Testing all collisions (high  64-bit) - Expected        0.0, actual          0  (1.000x) (^ 0)
Testing all collisions (low   64-bit) - Expected        0.0, actual          0  (1.000x) (^ 0)
Testing all collisions (high  36-bit) - Expected      128.0, actual        136  (1.063x) (^ 1)
Testing all collisions (low   36-bit) - Expected      128.0, actual        133  (1.039x) (^ 1)
Testing all collisions (high  32-bit) - Expected     2047.3, actual       2055  (1.004x) (^ 1)
Testing all collisions (low   32-bit) - Expected     2047.3, actual       1972  (0.963x) (^ 0)
Testing all collisions (high 20..39 bits) - Worst is 31 bits: 4141/4093         (1.012x) (^ 0)
Testing all collisions (low  20..39 bits) - Worst is 35 bits: 267/256           (1.043x) (^ 0)
Testing distribution   (any   8..19 bits) - Worst bias is  8 bits at bit 130:    0.745x  (^ 0)
---Analyzing differential distribution
Testing all collisions (     256-bit) - Expected        0.0, actual          0  (1.000x) (^ 0)
Testing all collisions (high 224-bit) - Expected        0.0, actual          0  (1.000x) (^ 0)
Testing all collisions (low  224-bit) - Expected        0.0, actual          0  (1.000x) (^ 0)
Testing all collisions (high 160-bit) - Expected        0.0, actual          0  (1.000x) (^ 0)
Testing all collisions (low  160-bit) - Expected        0.0, actual          0  (1.000x) (^ 0)
Testing all collisions (high 128-bit) - Expected        0.0, actual          0  (1.000x) (^ 0)
Testing all collisions (low  128-bit) - Expected        0.0, actual          0  (1.000x) (^ 0)
Testing all collisions (high  64-bit) - Expected        0.0, actual          0  (1.000x) (^ 0)
Testing all collisions (low   64-bit) - Expected        0.0, actual          0  (1.000x) (^ 0)
Testing all collisions (high  36-bit) - Expected      128.0, actual        134  (1.047x) (^ 1)
Testing all collisions (low   36-bit) - Expected      128.0, actual        122  (0.953x) (^ 0)
Testing all collisions (high  32-bit) - Expected     2047.3, actual       2044  (0.998x) (^ 0)
Testing all collisions (low   32-bit) - Expected     2047.3, actual       2055  (1.004x) (^ 1)
Testing all collisions (high 20..39 bits) - Worst is 37 bits: 77/64             (1.203x) (^ 0)
Testing all collisions (low  20..39 bits) - Worst is 33 bits: 1066/1024         (1.041x) (^ 0)
Testing distribution   (any   8..19 bits) - Worst bias is 14 bits at bit  81:    0.611x  (^ 0)
---Analyzing additional differential distribution
Testing all collisions (     256-bit) - Expected        0.0, actual          0  (1.000x) (^ 0)
Testing all collisions (high 224-bit) - Expected        0.0, actual          0  (1.000x) (^ 0)
Testing all collisions (low  224-bit) - Expected        0.0, actual          0  (1.000x) (^ 0)
Testing all collisions (high 160-bit) - Expected        0.0, actual          0  (1.000x) (^ 0)
Testing all collisions (low  160-bit) - Expected        0.0, actual          0  (1.000x) (^ 0)
Testing all collisions (high 128-bit) - Expected        0.0, actual          0  (1.000x) (^ 0)
Testing all collisions (low  128-bit) - Expected        0.0, actual          0  (1.000x) (^ 0)
Testing all collisions (high  64-bit) - Expected        0.0, actual          0  (1.000x) (^ 0)
Testing all collisions (low   64-bit) - Expected        0.0, actual          0  (1.000x) (^ 0)
Testing all collisions (high  36-bit) - Expected      128.0, actual        131  (1.023x) (^ 1)
Testing all collisions (low   36-bit) - Expected      128.0, actual        124  (0.969x) (^ 0)
Testing all collisions (high  32-bit) - Expected     2047.3, actual       2032  (0.993x) (^ 0)
Testing all collisions (low   32-bit) - Expected     2047.3, actual       2052  (1.002x) (^ 1)
Testing all collisions (high 20..39 bits) - Worst is 37 bits: 68/64             (1.063x) (^ 0)
Testing all collisions (low  20..39 bits) - Worst is 23 bits: 894931/893644     (1.001x) (^ 0)
Testing distribution   (any   8..19 bits) - Worst bias is 15 bits at bit 230:    0.545x  (^ 0)


[[[ Seed Avalanche Tests ]]]

Testing   3-byte keys, 300000 reps..................max is 0.759% at bit   13 -> out 173 (^ 1)
Testing   4-byte keys, 300000 reps..................max is 0.687% at bit   43 -> out  83 (^ 0)
Testing   6-byte keys, 300000 reps..................max is 0.685% at bit   12 -> out  45 (^ 0)
Testing   8-byte keys, 300000 reps..................max is 0.765% at bit   49 -> out 154 (^ 1)
Testing  12-byte keys, 300000 reps..................max is 0.743% at bit   42 -> out 120 (^ 0)
Testing  16-byte keys, 300000 reps..................max is 0.693% at bit   41 -> out  35 (^ 0)
Testing  20-byte keys, 300000 reps..................max is 0.739% at bit   31 -> out  22 (^ 0)
Testing  24-byte keys, 300000 reps..................max is 0.751% at bit    8 -> out 142 (^ 1)
Testing  28-byte keys, 300000 reps..................max is 0.716% at bit   54 -> out  90 (^ 0)
Testing  32-byte keys, 300000 reps..................max is 0.738% at bit   41 -> out 251 (^ 0)
Testing  64-byte keys, 300000 reps..................max is 0.673% at bit   44 -> out 117 (^ 0)
Testing 128-byte keys, 300000 reps..................max is 0.803% at bit   23 -> out  97 (^ 2)


[[[ Seed 'Bit Independence Criteria' Tests ]]]

Testing    3-byte keys,  200000 reps............max 0.0122 at bit   33 -> out (207,220)  (^ 3)
Testing    4-byte keys,  200000 reps............max 0.0108 at bit    2 -> out ( 20, 70)  (^ 0)
Testing    6-byte keys,  200000 reps............max 0.0114 at bit    8 -> out (179,184)  (^ 0)
Testing    8-byte keys,  200000 reps............max 0.0110 at bit    1 -> out ( 31, 35)  (^ 0)
Testing   11-byte keys,  200000 reps............max 0.0112 at bit   27 -> out ( 71,212)  (^ 0)
Testing   15-byte keys,  200000 reps............max 0.0116 at bit   48 -> out (184,219)  (^ 1)
Testing   28-byte keys,  100000 reps............max 0.0156 at bit   43 -> out ( 29, 36)  (^ 0)
Testing   52-byte keys,  100000 reps............max 0.0151 at bit   18 -> out ( 70,221)  (^ 0)
Testing 1024-byte keys,  100000 reps............max 0.0158 at bit   24 -> out ( 64,229)  (^ 0)


[[[ Seed Bitflip Tests ]]]

Testing   3-byte keys, 64-bit seeds, 1572864 reps..........  0 failed, worst is seed bit   1
Testing all collisions (     256-bit) - Expected        0.0, actual          0  (1.000x) (^ 0)
Testing all collisions (high 224-bit) - Expected        0.0, actual          0  (1.000x) (^ 0)
Testing all collisions (low  224-bit) - Expected        0.0, actual          0  (1.000x) (^ 0)
Testing all collisions (high 160-bit) - Expected        0.0, actual          0  (1.000x) (^ 0)
Testing all collisions (low  160-bit) - Expected        0.0, actual          0  (1.000x) (^ 0)
Testing all collisions (high 128-bit) - Expected        0.0, actual          0  (1.000x) (^ 0)
Testing all collisions (low  128-bit) - Expected        0.0, actual          0  (1.000x) (^ 0)
Testing all collisions (high  64-bit) - Expected        0.0, actual          0  (1.000x) (^ 0)
Testing all collisions (low   64-bit) - Expected        0.0, actual          0  (1.000x) (^ 0)
Testing all collisions (high  35-bit) - Expected      144.0, actual        150  (1.042x) (^ 1)
Testing all collisions (low   35-bit) - Expected      144.0, actual        149  (1.035x) (^ 1)
Testing all collisions (high  32-bit) - Expected     1151.7, actual       1144  (0.993x) (^ 0)
Testing all collisions (low   32-bit) - Expected     1151.7, actual       1096  (0.952x) (^ 0)
Testing all collisions (high 20..38 bits) - Worst is 35 bits: 150/144           (1.042x) (^ 0)
Testing all collisions (low  20..38 bits) - Worst is 23 bits: 523436/522520     (1.002x) (^ 0)
Testing distribution   (any   8..19 bits) - Worst bias is 18 bits at bit 251:    0.546x  (^ 0)
---Analyzing differential distribution
Testing all collisions (     256-bit) - Expected        0.0, actual          0  (1.000x) (^ 0)
Testing all collisions (high 224-bit) - Expected        0.0, actual          0  (1.000x) (^ 0)
Testing all collisions (low  224-bit) - Expected        0.0, actual          0  (1.000x) (^ 0)
Testing all collisions (high 160-bit) - Expected        0.0, actual          0  (1.000x) (^ 0)
Testing all collisions (low  160-bit) - Expected        0.0, actual          0  (1.000x) (^ 0)
Testing all collisions (high 128-bit) - Expected        0.0, actual          0  (1.000x) (^ 0)
Testing all collisions (low  128-bit) - Expected        0.0, actual          0  (1.000x) (^ 0)
Testing all collisions (high  64-bit) - Expected        0.0, actual          0  (1.000x) (^ 0)
Testing all collisions (low   64-bit) - Expected        0.0, actual          0  (1.000x) (^ 0)
Testing all collisions (high  33-bit) - Expected      144.0, actual        168  (1.167x) (^ 5)
Testing all collisions (low   33-bit) - Expected      144.0, actual        159  (1.104x) (^ 3)
Testing all collisions (high  32-bit) - Expected      288.0, actual        350  (1.215x) (^12)
Testing all collisions (low   32-bit) - Expected      288.0, actual        311  (1.080x) (^ 3)
Testing all collisions (high 19..36 bits) - Worst is 32 bits: 350/288           (1.215x) (^ 7)
Testing all collisions (low  19..36 bits) - Worst is 35 bits: 48/36             (1.333x) (^ 1)
Testing distribution   (any   8..18 bits) - Worst bias is 17 bits at bit   2:    0.526x  (^ 0)

Testing   4-byte keys, 64-bit seeds, 1572864 reps..........  0 failed, worst is seed bit  45
Testing all collisions (     256-bit) - Expected        0.0, actual          0  (1.000x) (^ 0)
Testing all collisions (high 224-bit) - Expected        0.0, actual          0  (1.000x) (^ 0)
Testing all collisions (low  224-bit) - Expected        0.0, actual          0  (1.000x) (^ 0)
Testing all collisions (high 160-bit) - Expected        0.0, actual          0  (1.000x) (^ 0)
Testing all collisions (low  160-bit) - Expected        0.0, actual          0  (1.000x) (^ 0)
Testing all collisions (high 128-bit) - Expected        0.0, actual          0  (1.000x) (^ 0)
Testing all collisions (low  128-bit) - Expected        0.0, actual          0  (1.000x) (^ 0)
Testing all collisions (high  64-bit) - Expected        0.0, actual          0  (1.000x) (^ 0)
Testing all collisions (low   64-bit) - Expected        0.0, actual          0  (1.000x) (^ 0)
Testing all collisions (high  35-bit) - Expected      144.0, actual        170  (1.181x) (^ 5)
Testing all collisions (low   35-bit) - Expected      144.0, actual        166  (1.153x) (^ 4)
Testing all collisions (high  32-bit) - Expected     1151.7, actual       1171  (1.017x) (^ 1)
Testing all collisions (low   32-bit) - Expected     1151.7, actual       1234  (1.071x) (^ 6)
Testing all collisions (high 20..38 bits) - Worst is 34 bits: 332/288           (1.153x) (^ 3)
Testing all collisions (low  20..38 bits) - Worst is 32 bits: 1234/1152         (1.071x) (^ 2)
Testing distribution   (any   8..19 bits) - Worst bias is 14 bits at bit  55:    0.722x  (^ 2)
---Analyzing differential distribution
Testing all collisions (     256-bit) - Expected        0.0, actual          0  (1.000x) (^ 0)
Testing all collisions (high 224-bit) - Expected        0.0, actual          0  (1.000x) (^ 0)
Testing all collisions (low  224-bit) - Expected        0.0, actual          0  (1.000x) (^ 0)
Testing all collisions (high 160-bit) - Expected        0.0, actual          0  (1.000x) (^ 0)
Testing all collisions (low  160-bit) - Expected        0.0, actual          0  (1.000x) (^ 0)
Testing all collisions (high 128-bit) - Expected        0.0, actual          0  (1.000x) (^ 0)
Testing all collisions (low  128-bit) - Expected        0.0, actual          0  (1.000x) (^ 0)
Testing all collisions (high  64-bit) - Expected        0.0, actual          0  (1.000x) (^ 0)
Testing all collisions (low   64-bit) - Expected        0.0, actual          0  (1.000x) (^ 0)
Testing all collisions (high  33-bit) - Expected      144.0, actual        158  (1.097x) (^ 2)
Testing all collisions (low   33-bit) - Expected      144.0, actual        146  (1.014x) (^ 1)
Testing all collisions (high  32-bit) - Expected      288.0, actual        311  (1.080x) (^ 3)
Testing all collisions (low   32-bit) - Expected      288.0, actual        286  (0.993x) (^ 0)
Testing all collisions (high 19..36 bits) - Worst is 35 bits: 51/36             (1.417x) (^ 2)
Testing all collisions (low  19..36 bits) - Worst is 21 bits: 466439/466336     (1.000x) (^ 0)
Testing distribution   (any   8..18 bits) - Worst bias is  8 bits at bit 149:    0.784x  (^ 0)

Testing   8-byte keys, 64-bit seeds, 1572864 reps..........  0 failed, worst is seed bit  14
Testing all collisions (     256-bit) - Expected        0.0, actual          0  (1.000x) (^ 0)
Testing all collisions (high 224-bit) - Expected        0.0, actual          0  (1.000x) (^ 0)
Testing all collisions (low  224-bit) - Expected        0.0, actual          0  (1.000x) (^ 0)
Testing all collisions (high 160-bit) - Expected        0.0, actual          0  (1.000x) (^ 0)
Testing all collisions (low  160-bit) - Expected        0.0, actual          0  (1.000x) (^ 0)
Testing all collisions (high 128-bit) - Expected        0.0, actual          0  (1.000x) (^ 0)
Testing all collisions (low  128-bit) - Expected        0.0, actual          0  (1.000x) (^ 0)
Testing all collisions (high  64-bit) - Expected        0.0, actual          0  (1.000x) (^ 0)
Testing all collisions (low   64-bit) - Expected        0.0, actual          0  (1.000x) (^ 0)
Testing all collisions (high  35-bit) - Expected      144.0, actual        177  (1.229x) (^ 7)
Testing all collisions (low   35-bit) - Expected      144.0, actual        155  (1.076x) (^ 2)
Testing all collisions (high  32-bit) - Expected     1151.7, actual       1171  (1.017x) (^ 1)
Testing all collisions (low   32-bit) - Expected     1151.7, actual       1232  (1.070x) (^ 6)
Testing all collisions (high 20..38 bits) - Worst is 35 bits: 177/144           (1.229x) (^ 3)
Testing all collisions (low  20..38 bits) - Worst is 31 bits: 2432/2303         (1.056x) (^ 3)
Testing distribution   (any   8..19 bits) - Worst bias is 12 bits at bit 210:    0.789x  (^ 2)
---Analyzing differential distribution
Testing all collisions (     256-bit) - Expected        0.0, actual          0  (1.000x) (^ 0)
Testing all collisions (high 224-bit) - Expected        0.0, actual          0  (1.000x) (^ 0)
Testing all collisions (low  224-bit) - Expected        0.0, actual          0  (1.000x) (^ 0)
Testing all collisions (high 160-bit) - Expected        0.0, actual          0  (1.000x) (^ 0)
Testing all collisions (low  160-bit) - Expected        0.0, actual          0  (1.000x) (^ 0)
Testing all collisions (high 128-bit) - Expected        0.0, actual          0  (1.000x) (^ 0)
Testing all collisions (low  128-bit) - Expected        0.0, actual          0  (1.000x) (^ 0)
Testing all collisions (high  64-bit) - Expected        0.0, actual          0  (1.000x) (^ 0)
Testing all collisions (low   64-bit) - Expected        0.0, actual          0  (1.000x) (^ 0)
Testing all collisions (high  33-bit) - Expected      144.0, actual        148  (1.028x) (^ 1)
Testing all collisions (low   33-bit) - Expected      144.0, actual        134  (0.931x) (^ 0)
Testing all collisions (high  32-bit) - Expected      288.0, actual        291  (1.011x) (^ 1)
Testing all collisions (low   32-bit) - Expected      288.0, actual        267  (0.927x) (^ 0)
Testing all collisions (high 19..36 bits) - Worst is 35 bits: 41/36             (1.139x) (^ 0)
Testing all collisions (low  19..36 bits) - Worst is 36 bits: 20/18             (1.111x) (^ 0)
Testing distribution   (any   8..18 bits) - Worst bias is 16 bits at bit 249:    0.608x  (^ 0)

Testing  20-byte keys, 64-bit seeds, 1572864 reps..........  0 failed, worst is seed bit   9
Testing all collisions (     256-bit) - Expected        0.0, actual          0  (1.000x) (^ 0)
Testing all collisions (high 224-bit) - Expected        0.0, actual          0  (1.000x) (^ 0)
Testing all collisions (low  224-bit) - Expected        0.0, actual          0  (1.000x) (^ 0)
Testing all collisions (high 160-bit) - Expected        0.0, actual          0  (1.000x) (^ 0)
Testing all collisions (low  160-bit) - Expected        0.0, actual          0  (1.000x) (^ 0)
Testing all collisions (high 128-bit) - Expected        0.0, actual          0  (1.000x) (^ 0)
Testing all collisions (low  128-bit) - Expected        0.0, actual          0  (1.000x) (^ 0)
Testing all collisions (high  64-bit) - Expected        0.0, actual          0  (1.000x) (^ 0)
Testing all collisions (low   64-bit) - Expected        0.0, actual          0  (1.000x) (^ 0)
Testing all collisions (high  35-bit) - Expected      144.0, actual        187  (1.299x) (^11)
Testing all collisions (low   35-bit) - Expected      144.0, actual        169  (1.174x) (^ 5)
Testing all collisions (high  32-bit) - Expected     1151.7, actual       1206  (1.047x) (^ 4)
Testing all collisions (low   32-bit) - Expected     1151.7, actual       1192  (1.035x) (^ 3)
Testing all collisions (high 20..38 bits) - Worst is 35 bits: 187/144           (1.299x) (^ 7)
Testing all collisions (low  20..38 bits) - Worst is 37 bits: 56/36             (1.556x) (^ 5)
Testing distribution   (any   8..19 bits) - Worst bias is 15 bits at bit 121:    0.639x  (^ 0)
---Analyzing differential distribution
Testing all collisions (     256-bit) - Expected        0.0, actual          0  (1.000x) (^ 0)
Testing all collisions (high 224-bit) - Expected        0.0, actual          0  (1.000x) (^ 0)
Testing all collisions (low  224-bit) - Expected        0.0, actual          0  (1.000x) (^ 0)
Testing all collisions (high 160-bit) - Expected        0.0, actual          0  (1.000x) (^ 0)
Testing all collisions (low  160-bit) - Expected        0.0, actual          0  (1.000x) (^ 0)
Testing all collisions (high 128-bit) - Expected        0.0, actual          0  (1.000x) (^ 0)
Testing all collisions (low  128-bit) - Expected        0.0, actual          0  (1.000x) (^ 0)
Testing all collisions (high  64-bit) - Expected        0.0, actual          0  (1.000x) (^ 0)
Testing all collisions (low   64-bit) - Expected        0.0, actual          0  (1.000x) (^ 0)
Testing all collisions (high  33-bit) - Expected      144.0, actual        144  (1.000x) (^ 1)
Testing all collisions (low   33-bit) - Expected      144.0, actual        148  (1.028x) (^ 1)
Testing all collisions (high  32-bit) - Expected      288.0, actual        284  (0.986x) (^ 0)
Testing all collisions (low   32-bit) - Expected      288.0, actual        274  (0.952x) (^ 0)
Testing all collisions (high 19..36 bits) - Worst is 26 bits: 18320/18289       (1.002x) (^ 0)
Testing all collisions (low  19..36 bits) - Worst is 21 bits: 466879/466336     (1.001x) (^ 0)
Testing distribution   (any   8..18 bits) - Worst bias is  8 bits at bit 213:    0.812x  (^ 0)

Testing  32-byte keys, 64-bit seeds, 1572864 reps..........  0 failed, worst is seed bit  41
Testing all collisions (     256-bit) - Expected        0.0, actual          0  (1.000x) (^ 0)
Testing all collisions (high 224-bit) - Expected        0.0, actual          0  (1.000x) (^ 0)
Testing all collisions (low  224-bit) - Expected        0.0, actual          0  (1.000x) (^ 0)
Testing all collisions (high 160-bit) - Expected        0.0, actual          0  (1.000x) (^ 0)
Testing all collisions (low  160-bit) - Expected        0.0, actual          0  (1.000x) (^ 0)
Testing all collisions (high 128-bit) - Expected        0.0, actual          0  (1.000x) (^ 0)
Testing all collisions (low  128-bit) - Expected        0.0, actual          0  (1.000x) (^ 0)
Testing all collisions (high  64-bit) - Expected        0.0, actual          0  (1.000x) (^ 0)
Testing all collisions (low   64-bit) - Expected        0.0, actual          0  (1.000x) (^ 0)
Testing all collisions (high  35-bit) - Expected      144.0, actual        180  (1.250x) (^ 8)
Testing all collisions (low   35-bit) - Expected      144.0, actual        122  (0.847x) (^ 0)
Testing all collisions (high  32-bit) - Expected     1151.7, actual       1238  (1.075x) (^ 7)
Testing all collisions (low   32-bit) - Expected     1151.7, actual       1128  (0.979x) (^ 0)
Testing all collisions (high 20..38 bits) - Worst is 34 bits: 339/288           (1.177x) (^ 4)
Testing all collisions (low  20..38 bits) - Worst is 26 bits: 72921/72589       (1.005x) (^ 0)
Testing distribution   (any   8..19 bits) - Worst bias is 16 bits at bit 115:    0.718x  (^ 3)
---Analyzing differential distribution
Testing all collisions (     256-bit) - Expected        0.0, actual          0  (1.000x) (^ 0)
Testing all collisions (high 224-bit) - Expected        0.0, actual          0  (1.000x) (^ 0)
Testing all collisions (low  224-bit) - Expected        0.0, actual          0  (1.000x) (^ 0)
Testing all collisions (high 160-bit) - Expected        0.0, actual          0  (1.000x) (^ 0)
Testing all collisions (low  160-bit) - Expected        0.0, actual          0  (1.000x) (^ 0)
Testing all collisions (high 128-bit) - Expected        0.0, actual          0  (1.000x) (^ 0)
Testing all collisions (low  128-bit) - Expected        0.0, actual          0  (1.000x) (^ 0)
Testing all collisions (high  64-bit) - Expected        0.0, actual          0  (1.000x) (^ 0)
Testing all collisions (low   64-bit) - Expected        0.0, actual          0  (1.000x) (^ 0)
Testing all collisions (high  33-bit) - Expected      144.0, actual        165  (1.146x) (^ 4)
Testing all collisions (low   33-bit) - Expected      144.0, actual        156  (1.083x) (^ 2)
Testing all collisions (high  32-bit) - Expected      288.0, actual        317  (1.101x) (^ 4)
Testing all collisions (low   32-bit) - Expected      288.0, actual        295  (1.024x) (^ 1)
Testing all collisions (high 19..36 bits) - Worst is 35 bits: 47/36             (1.306x) (^ 0)
Testing all collisions (low  19..36 bits) - Worst is 35 bits: 50/36             (1.389x) (^ 1)
Testing distribution   (any   8..18 bits) - Worst bias is 18 bits at bit 159:    0.557x  (^ 0)


[[[ BadSeeds Tests ]]]

No known bad seeds to test.
Testing the first 2**32 seeds ...
16 threads starting...
Testing [0x00000000, 0x0fffffff] ... 
Testing [0x10000000, 0x1fffffff] ... 
Testing [0x20000000, 0x2fffffff] ... 
Testing [0x30000000, 0x3fffffff] ... 
Testing [0x40000000, 0x4fffffff] ... 
Testing [0x50000000, 0x5fffffff] ... 
Testing [0x60000000, 0x6fffffff] ... 
Testing [0x70000000, 0x7fffffff] ... 
Testing [0x80000000, 0x8fffffff] ... 
Testing [0x90000000, 0x9fffffff] ... 
Testing [0xa0000000, 0xafffffff] ... 
Testing [0xb0000000, 0xbfffffff] ... 
Testing [0xc0000000, 0xcfffffff] ... 
Testing [0xd0000000, 0xdfffffff] ... 
Testing [0xe0000000, 0xefffffff] ... 
Testing [0xf0000000, 0xffffffff] ... 
d1ffffff 01ffffff a1ffffff e1ffffff f1ffffff c1ffffff 71ffffff 91ffffff
51ffffff 31ffffff 41ffffff 21ffffff 61ffffff 81ffffff b1ffffff 11ffffff
d3ffffff e3ffffff c3ffffff a3ffffff 93ffffff 03ffffff f3ffffff 33ffffff
53ffffff 43ffffff 73ffffff 23ffffff b3ffffff 63ffffff 83ffffff 13ffffff
d5ffffff c5ffffff e5ffffff 05ffffff f5ffffff a5ffffff 35ffffff 55ffffff
95ffffff b5ffffff 65ffffff 25ffffff 45ffffff 75ffffff 85ffffff 15ffffff
c7ffffff d7ffffff e7ffffff 07ffffff a7ffffff 37ffffff f7ffffff 57ffffff
b7ffffff 67ffffff 27ffffff 97ffffff 77ffffff 47ffffff 87ffffff 17ffffff
d9ffffff c9ffffff 09ffffff e9ffffff 39ffffff f9ffffff a9ffffff 59ffffff
b9ffffff 69ffffff 29ffffff 99ffffff 49ffffff 79ffffff 89ffffff 19ffffff
dbffffff cbffffff 0bffffff ebffffff abffffff 3bffffff bbffffff 5bffffff
fbffffff 9bffffff 2bffffff 6bffffff 4bffffff 7bffffff 8bffffff 1bffffff
cdffffff ddffffff 0dffffff edffffff adffffff 3dffffff fdffffff 5dffffff
bdffffff 9dffffff 2dffffff 6dffffff 7dffffff 8dffffff 4dffffff 1dffffff
dfffffff 0fffffff cfffffff efffffff 3fffffff afffffff ffffffff 5fffffff
9fffffff bfffffff 2fffffff 7fffffff 6fffffff 4fffffff 8fffffff 1fffffff
All 16 threads ended
And the last 2**32 seeds ...
16 threads starting...
Testing [0xffffffff00000000, 0xffffffff0fffffff] ... 
Testing [0xffffffff10000000, 0xffffffff1fffffff] ... 
Testing [0xffffffff20000000, 0xffffffff2fffffff] ... 
Testing [0xffffffff30000000, 0xffffffff3fffffff] ... 
Testing [0xffffffff40000000, 0xffffffff4fffffff] ... 
Testing [0xffffffff50000000, 0xffffffff5fffffff] ... 
Testing [0xffffffff60000000, 0xffffffff6fffffff] ... 
Testing [0xffffffff70000000, 0xffffffff7fffffff] ... 
Testing [0xffffffff80000000, 0xffffffff8fffffff] ... 
Testing [0xffffffff90000000, 0xffffffff9fffffff] ... 
Testing [0xffffffffa0000000, 0xffffffffafffffff] ... 
Testing [0xffffffffb0000000, 0xffffffffbfffffff] ... 
Testing [0xffffffffc0000000, 0xffffffffcfffffff] ... 
Testing [0xffffffffd0000000, 0xffffffffdfffffff] ... 
Testing [0xffffffffe0000000, 0xffffffffefffffff] ... 
Testing [0xfffffffff0000000, 0xffffffffffffffff] ... 
ffffffff61ffffff ffffffff81ffffff ffffffff91ffffff ffffffffc1ffffff
ffffffffa1ffffff ffffffff11ffffff ffffffffd1ffffff ffffffffb1ffffff
ffffffffe1ffffff fffffffff1ffffff ffffffff71ffffff ffffffff01ffffff
ffffffff51ffffff ffffffff21ffffff ffffffff31ffffff ffffffff41ffffff
ffffffff93ffffff ffffffff83ffffff ffffffff13ffffff ffffffffd3ffffff
ffffffff63ffffff ffffffffb3ffffff ffffffff73ffffff ffffffffc3ffffff
ffffffffe3ffffff fffffffff3ffffff ffffffffa3ffffff ffffffff03ffffff
ffffffff53ffffff ffffffff23ffffff ffffffff33ffffff ffffffff43ffffff
ffffffff95ffffff ffffffffd5ffffff ffffffff15ffffff ffffffffc5ffffff
ffffffff85ffffff ffffffffb5ffffff ffffffffe5ffffff ffffffff75ffffff
ffffffffa5ffffff ffffffff65ffffff fffffffff5ffffff ffffffff05ffffff
ffffffff55ffffff ffffffff25ffffff ffffffff35ffffff ffffffff45ffffff
ffffffff97ffffff ffffffff17ffffff ffffffff87ffffff ffffffff77ffffff
ffffffffd7ffffff ffffffffe7ffffff ffffffffc7ffffff ffffffffa7ffffff
ffffffff67ffffff fffffffff7ffffff ffffffff07ffffff ffffffff57ffffff
ffffffffb7ffffff ffffffff27ffffff ffffffff37ffffff ffffffff47ffffff
ffffffff99ffffff ffffffff19ffffff ffffffff79ffffff ffffffffe9ffffff
ffffffffa9ffffff ffffffffc9ffffff ffffffffd9ffffff ffffffff89ffffff
ffffffff69ffffff fffffffff9ffffff ffffffff59ffffff ffffffff09ffffff
ffffffffb9ffffff ffffffff39ffffff ffffffff29ffffff ffffffff49ffffff
ffffffff7bffffff ffffffff1bffffff ffffffff9bffffff ffffffffebffffff
ffffffffdbffffff ffffffffcbffffff ffffffff8bffffff ffffffff6bffffff
fffffffffbffffff ffffffff0bffffff ffffffffabffffff ffffffff5bffffff
ffffffffbbffffff ffffffff2bffffff ffffffff3bffffff ffffffff4bffffff
ffffffff7dffffff ffffffffedffffff ffffffffddffffff ffffffffcdffffff
ffffffff1dffffff ffffffff9dffffff ffffffff6dffffff fffffffffdffffff
ffffffff0dffffff ffffffff5dffffff ffffffff8dffffff ffffffffbdffffff
ffffffffadffffff ffffffff2dffffff ffffffff4dffffff ffffffff3dffffff
ffffffff7fffffff ffffffffefffffff ffffffffcfffffff ffffffff1fffffff
ffffffffdfffffff ffffffff9fffffff ffffffff6fffffff ffffffff5fffffff
ffffffff8fffffff ffffffffffffffff ffffffff0fffffff ffffffffbfffffff
ffffffffafffffff ffffffff2fffffff ffffffff4fffffff ffffffff3fffffff
All 16 threads ended
PASS


----------------------------------------------------------------------------------------------
-log2(p-value) summary:

          0     1     2     3     4     5     6     7     8     9    10    11    12  
        ----- ----- ----- ----- ----- ----- ----- ----- ----- ----- ----- ----- -----
        26538  3102  1373   723   360   167   101    47    29     6     4     4     3

         13    14    15    16    17    18    19    20    21    22    23    24    25+ 
        ----- ----- ----- ----- ----- ----- ----- ----- ----- ----- ----- ----- -----
            0     0     1     0     0     0     0     0     0     0     0     0     0

----------------------------------------------------------------------------------------------
Summary for: rainexp-a-256
Overall result: pass            ( 253 / 253 passed)

----------------------------------------------------------------------------------------------
Verification value is 0x00000001 - Testing took 12879.242193 seconds

